evalio_seed_order,slug,display_name,official_name,ipeds_id,country_code,state_region,city,institution_type,selection_group,application_platform_primary,application_platforms,official_website,common_app_member,active,identity_confidence,identity_source_url,research_as_of,source_cycle,applicants_total,admits_total,enrolled_total,acceptance_rate_pct,yield_rate_pct,sat_25,sat_50,sat_75,act_25,act_50,act_75,test_policy_2026_27,test_policy_status,application_fee_usd,metrics_source_url,test_policy_source_url,notes,international_aid_policy,international_need_based_aid,meets_full_demonstrated_need_international,aid_policy_status,tuition_usd,mandatory_fees_usd,room_board_usd,estimated_cost_of_attendance_usd,cost_basis,currency,aid_policy_source_url,cost_source_url,research_status
1,princeton-university,Princeton University,Princeton University,186131,US,NJ,Princeton,PRIVATE_NONPROFIT,National University,COMMON_APP,COMMON_APP,https://www.princeton.edu,true,true,HIGH,https://collegescorecard.ed.gov/school/?186131,2026-09-14,LATEST_FEDERAL_AVAILABLE_AS_OF_2026-09-13,,,,4.5,,1500,,1580,34,,35,OPTIONAL,VERIFIED_2026_27_FAIRTEST,,https://collegescorecard.ed.gov/school/?186131,https://admission.princeton.edu/apply/standardized-testing,Latest available College Scorecard/IPEDS fields; not represented as 2026-27 outcomes. SAT bounds sum the corresponding official section percentiles; SAT/ACT medians and application fee remain blank unless directly sourced.,NEED_BLIND,YES,YES,VERIFIED_CURRENT_OFFICIAL,59710,,,80440,LATEST_FEDERAL_OR_SOURCE_REPORTED_BASELINE,USD,https://admission.princeton.edu/apply/international-students,https://collegescorecard.ed.gov/school/?186131,CORE_BASELINE_RESEARCHED;APP_FEE_PENDING
2,massachusetts-institute-of-technology,Massachusetts Institute of Technology,Massachusetts Institute of Technology,166683,US,MA,Cambridge,PRIVATE_NONPROFIT,National University,INSTITUTIONAL,INSTITUTIONAL,https://www.mit.edu,false,true,HIGH,https://collegescorecard.ed.gov/school/?166683,2026-09-14,LATEST_FEDERAL_AVAILABLE_AS_OF_2026-09-13,,,,4.74,,1510,,1580,34,,36,REQUIRED,VERIFIED_2026_27_FAIRTEST,,https://collegescorecard.ed.gov/school/?166683,https://mitadmissions.org/blogs/entry/we-are-suspending-our-sat-act-requirement-for-the-2020-2021-application-cycle/,Latest available College Scorecard/IPEDS fields; not represented as 2026-27 outcomes. SAT bounds sum the corresponding official section percentiles; SAT/ACT medians and application fee remain blank unless directly sourced.,NEED_BLIND,YES,YES,VERIFIED_CURRENT_OFFICIAL,60156,,,79850,LATEST_FEDERAL_OR_SOURCE_REPORTED_BASELINE,USD,https://sfs.mit.edu/undergraduate-students/apply-for-aid/international/,https://collegescorecard.ed.gov/school/?166683,CORE_BASELINE_RESEARCHED;APP_FEE_PENDING
3,harvard-university,Harvard University,Harvard University,166027,US,MA,Cambridge,PRIVATE_NONPROFIT,National University,COMMON_APP,COMMON_APP,https://www.harvard.edu,true,true,HIGH,https://collegescorecard.ed.gov/school/?166027,2026-09-14,LATEST_FEDERAL_AVAILABLE_AS_OF_2026-09-13,,,,3.45,,1500,,1580,34,,36,REQUIRED,VERIFIED_2026_27_FAIRTEST,,https://collegescorecard.ed.gov/school/?166027,https://college.harvard.edu/admissions/apply/application-requirements,Latest available College Scorecard/IPEDS fields; not represented as 2026-27 outcomes. SAT bounds sum the corresponding official section percentiles; SAT/ACT medians and application fee remain blank unless directly sourced.,NEED_BLIND,YES,YES,VERIFIED_CURRENT_OFFICIAL,59076,,,82842,LATEST_FEDERAL_OR_SOURCE_REPORTED_BASELINE,USD,https://college.harvard.edu/financial-aid/how-aid-works,https://collegescorecard.ed.gov/school/?166027,CORE_BASELINE_RESEARCHED;APP_FEE_PENDING
4,stanford-university,Stanford University,Stanford University,243744,US,CA,Stanford,PRIVATE_NONPROFIT,National University,COMMON_APP,COMMON_APP,https://www.stanford.edu,true,true,HIGH,https://collegescorecard.ed.gov/school/?243744,2026-09-14,LATEST_FEDERAL_AVAILABLE_AS_OF_2026-09-13,,,,3.91,,1510,,1580,34,,35,REQUIRED,VERIFIED_2026_27_FAIRTEST,,https://collegescorecard.ed.gov/school/?243744,https://admission.stanford.edu/apply/first-year/testing.html,Latest available College Scorecard/IPEDS fields; not represented as 2026-27 outcomes. SAT bounds sum the corresponding official section percentiles; SAT/ACT medians and application fee remain blank unless directly sourced.,UNKNOWN,UNKNOWN,UNKNOWN,PENDING_CURRENT_VERIFICATION,62484,,,82162,LATEST_FEDERAL_OR_SOURCE_REPORTED_BASELINE,USD,,https://collegescorecard.ed.gov/school/?243744,CORE_BASELINE_RESEARCHED;AID_POLICY_DEEP_REVIEW_PENDING;APP_FEE_PENDING
5,yale-university,Yale University,Yale University,130794,US,CT,New Haven,PRIVATE_NONPROFIT,National University,COMMON_APP,COMMON_APP,https://www.yale.edu,true,true,HIGH,https://collegescorecard.ed.gov/school/?130794,2026-09-14,LATEST_FEDERAL_AVAILABLE_AS_OF_2026-09-13,,,,4.5,,1500,,1580,33,,35,REQUIRED,VERIFIED_2026_27_FAIRTEST,,https://collegescorecard.ed.gov/school/?130794,https://admissions.yale.edu/test-flexible,Latest available College Scorecard/IPEDS fields; not represented as 2026-27 outcomes. SAT bounds sum the corresponding official section percentiles; SAT/ACT medians and application fee remain blank unless directly sourced.,NEED_BLIND,YES,YES,VERIFIED_CURRENT_OFFICIAL,64700,,,85120,LATEST_FEDERAL_OR_SOURCE_REPORTED_BASELINE,USD,https://admissions.yale.edu/international,https://collegescorecard.ed.gov/school/?130794,CORE_BASELINE_RESEARCHED;APP_FEE_PENDING
6,university-of-pennsylvania,University of Pennsylvania,University of Pennsylvania,215062,US,PA,Philadelphia,PRIVATE_NONPROFIT,National University,COMMON_APP,COMMON_APP,https://www.upenn.edu,true,true,HIGH,https://collegescorecard.ed.gov/school/?215062,2026-09-14,LATEST_FEDERAL_AVAILABLE_AS_OF_2026-09-13,,,,5.87,,1500,,1570,34,,35,REQUIRED,VERIFIED_2026_27_FAIRTEST,,https://collegescorecard.ed.gov/school/?215062,https://admissions.upenn.edu/how-to-apply/preparing-your-application/testing,Latest available College Scorecard/IPEDS fields; not represented as 2026-27 outcomes. SAT bounds sum the corresponding official section percentiles; SAT/ACT medians and application fee remain blank unless directly sourced.,UNKNOWN,UNKNOWN,UNKNOWN,PENDING_CURRENT_VERIFICATION,66104,,,85738,LATEST_FEDERAL_OR_SOURCE_REPORTED_BASELINE,USD,,https://collegescorecard.ed.gov/school/?215062,CORE_BASELINE_RESEARCHED;AID_POLICY_DEEP_REVIEW_PENDING;APP_FEE_PENDING
7,california-institute-of-technology,California Institute of Technology,California Institute of Technology,110404,US,CA,Pasadena,PRIVATE_NONPROFIT,National University,COMMON_APP,COMMON_APP,https://www.caltech.edu,true,true,HIGH,https://collegescorecard.ed.gov/school/?110404,2026-09-14,LATEST_FEDERAL_AVAILABLE_AS_OF_2026-09-13,,,,3.14,,,,,,,,REQUIRED,VERIFIED_2026_27_FAIRTEST,,https://collegescorecard.ed.gov/school/?110404,https://www.caltech.edu/about/news/caltech-restores-standardized-test-requirement-for-undergraduate-admission,Latest available College Scorecard/IPEDS fields; not represented as 2026-27 outcomes. SAT bounds sum the corresponding official section percentiles; SAT/ACT medians and application fee remain blank unless directly sourced.,UNKNOWN,UNKNOWN,UNKNOWN,PENDING_CURRENT_VERIFICATION,63255,,,83598,LATEST_FEDERAL_OR_SOURCE_REPORTED_BASELINE,USD,,https://collegescorecard.ed.gov/school/?110404,CORE_BASELINE_RESEARCHED;AID_POLICY_DEEP_REVIEW_PENDING;APP_FEE_PENDING
8,duke-university,Duke University,Duke University,198419,US,NC,Durham,PRIVATE_NONPROFIT,National University,COMMON_APP,COMMON_APP,https://duke.edu,true,true,HIGH,https://collegescorecard.ed.gov/school/?198419,2026-09-14,LATEST_FEDERAL_AVAILABLE_AS_OF_2026-09-13,,,,6.78,,1510,,1570,34,,35,OPTIONAL,VERIFIED_2026_27_FAIRTEST,,https://collegescorecard.ed.gov/school/?198419,https://admissions.duke.edu/resources/,Latest available College Scorecard/IPEDS fields; not represented as 2026-27 outcomes. SAT bounds sum the corresponding official section percentiles; SAT/ACT medians and application fee remain blank unless directly sourced.,UNKNOWN,UNKNOWN,UNKNOWN,PENDING_CURRENT_VERIFICATION,65805,,,82749,LATEST_FEDERAL_OR_SOURCE_REPORTED_BASELINE,USD,,https://collegescorecard.ed.gov/school/?198419,CORE_BASELINE_RESEARCHED;AID_POLICY_DEEP_REVIEW_PENDING;APP_FEE_PENDING
9,brown-university,Brown University,Brown University,217156,US,RI,Providence,PRIVATE_NONPROFIT,National University,COMMON_APP,COMMON_APP,https://www.brown.edu,true,true,HIGH,https://collegescorecard.ed.gov/school/?217156,2026-09-14,LATEST_FEDERAL_AVAILABLE_AS_OF_2026-09-13,,,,5.23,,1500,,1570,34,,35,REQUIRED,VERIFIED_2026_27_FAIRTEST,,https://collegescorecard.ed.gov/school/?217156,https://www.brown.edu/news/2024-03-05/admissions,Latest available College Scorecard/IPEDS fields; not represented as 2026-27 outcomes. SAT bounds sum the corresponding official section percentiles; SAT/ACT medians and application fee remain blank unless directly sourced.,NEED_BLIND,YES,YES,VERIFIED_CURRENT_OFFICIAL,68230,,,84986,LATEST_FEDERAL_OR_SOURCE_REPORTED_BASELINE,USD,https://admission.brown.edu/international/financial-aid,https://collegescorecard.ed.gov/school/?217156,CORE_BASELINE_RESEARCHED;APP_FEE_PENDING
10,johns-hopkins-university,Johns Hopkins University,Johns Hopkins University,162928,US,MD,Baltimore,PRIVATE_NONPROFIT,National University,COMMON_APP,COMMON_APP,,true,true,HIGH,https://collegescorecard.ed.gov/school/?162928,2026-09-14,LATEST_FEDERAL_AVAILABLE_AS_OF_2026-09-13,,,,7.56,,1530,,1580,34,,35,REQUIRED,VERIFIED_2026_27_FAIRTEST,,https://collegescorecard.ed.gov/school/?162928,https://apply.jhu.edu/how-to-apply/application-deadlines-requirements/standardized-testing/,Latest available College Scorecard/IPEDS fields; not represented as 2026-27 outcomes. SAT bounds sum the corresponding official section percentiles; SAT/ACT medians and application fee remain blank unless directly sourced.,UNKNOWN,UNKNOWN,UNKNOWN,PENDING_CURRENT_VERIFICATION,63340,,,81300,LATEST_FEDERAL_OR_SOURCE_REPORTED_BASELINE,USD,,https://collegescorecard.ed.gov/school/?162928,CORE_BASELINE_RESEARCHED;AID_POLICY_DEEP_REVIEW_PENDING;APP_FEE_PENDING
11,northwestern-university,Northwestern University,Northwestern University,147767,US,IL,Evanston,PRIVATE_NONPROFIT,National University,COMMON_APP,COMMON_APP,https://www.northwestern.edu,true,true,HIGH,https://collegescorecard.ed.gov/school/?147767,2026-09-14,LATEST_FEDERAL_AVAILABLE_AS_OF_2026-09-13,,,,7.15,,1490,,1560,33,,35,OPTIONAL,VERIFIED_2026_27_FAIRTEST,,https://collegescorecard.ed.gov/school/?147767,https://admissions.northwestern.edu/faqs/standardized-testing-policy/#:~:,Latest available College Scorecard/IPEDS fields; not represented as 2026-27 outcomes. SAT bounds sum the corresponding official section percentiles; SAT/ACT medians and application fee remain blank unless directly sourced.,UNKNOWN,UNKNOWN,UNKNOWN,PENDING_CURRENT_VERIFICATION,65997,,,87804,LATEST_FEDERAL_OR_SOURCE_REPORTED_BASELINE,USD,,https://collegescorecard.ed.gov/school/?147767,CORE_BASELINE_RESEARCHED;AID_POLICY_DEEP_REVIEW_PENDING;APP_FEE_PENDING
12,columbia-university,Columbia University in the City of New York,Columbia University in the City of New York,190150,US,NY,New York,PRIVATE_NONPROFIT,National University,COMMON_APP,COMMON_APP,https://www.columbia.edu,true,true,HIGH,https://collegescorecard.ed.gov/school/?190150,2026-09-14,LATEST_FEDERAL_AVAILABLE_AS_OF_2026-09-13,,,,4.23,,1490,,1570,34,,35,OPTIONAL,VERIFIED_2026_27_FAIRTEST,,https://collegescorecard.ed.gov/school/?190150,https://undergrad.admissions.columbia.edu/columbia-test-optional,Latest available College Scorecard/IPEDS fields; not represented as 2026-27 outcomes. SAT bounds sum the corresponding official section percentiles; SAT/ACT medians and application fee remain blank unless directly sourced.,UNKNOWN,UNKNOWN,UNKNOWN,PENDING_CURRENT_VERIFICATION,69045,,,86042,LATEST_FEDERAL_OR_SOURCE_REPORTED_BASELINE,USD,,https://collegescorecard.ed.gov/school/?190150,CORE_BASELINE_RESEARCHED;AID_POLICY_DEEP_REVIEW_PENDING;APP_FEE_PENDING
13,cornell-university,Cornell University,Cornell University,190415,US,NY,Ithaca,PRIVATE_NONPROFIT,National University,COMMON_APP,COMMON_APP,,true,true,HIGH,https://collegescorecard.ed.gov/school/?190415,2026-09-14,LATEST_FEDERAL_AVAILABLE_AS_OF_2026-09-13,,,,8.16,,1480,,1560,33,,35,REQUIRED,VERIFIED_2026_27_FAIRTEST,,https://collegescorecard.ed.gov/school/?190415,https://news.cornell.edu/stories/2024/04/cornell-reinstate-standardized-test-requirements-fall-2026,Latest available College Scorecard/IPEDS fields; not represented as 2026-27 outcomes. SAT bounds sum the corresponding official section percentiles; SAT/ACT medians and application fee remain blank unless directly sourced.,UNKNOWN,UNKNOWN,UNKNOWN,PENDING_CURRENT_VERIFICATION,66014,,,83196,LATEST_FEDERAL_OR_SOURCE_REPORTED_BASELINE,USD,,https://collegescorecard.ed.gov/school/?190415,CORE_BASELINE_RESEARCHED;AID_POLICY_DEEP_REVIEW_PENDING;APP_FEE_PENDING
14,university-of-chicago,University of Chicago,University of Chicago,144050,US,IL,Chicago,PRIVATE_NONPROFIT,National University,COMMON_APP,COMMON_APP,,true,true,HIGH,https://collegescorecard.ed.gov/school/?144050,2026-09-14,LATEST_FEDERAL_AVAILABLE_AS_OF_2026-09-13,,,,4.79,,1510,,1570,34,,35,OPTIONAL,VERIFIED_2026_27_FAIRTEST,,https://collegescorecard.ed.gov/school/?144050,https://fairtest.org/test-optional-list/,Latest available College Scorecard/IPEDS fields; not represented as 2026-27 outcomes. SAT bounds sum the corresponding official section percentiles; SAT/ACT medians and application fee remain blank unless directly sourced.,UNKNOWN,UNKNOWN,UNKNOWN,PENDING_CURRENT_VERIFICATION,66939,,,86856,LATEST_FEDERAL_OR_SOURCE_REPORTED_BASELINE,USD,,https://collegescorecard.ed.gov/school/?144050,CORE_BASELINE_RESEARCHED;AID_POLICY_DEEP_REVIEW_PENDING;APP_FEE_PENDING
15,university-of-california-berkeley,University of California-Berkeley,University of California-Berkeley,110635,US,CA,Berkeley,PUBLIC,National University,UC_APPLICATION,UC_APPLICATION,,false,true,HIGH,https://collegescorecard.ed.gov/school/?110635,2026-09-14,LATEST_FEDERAL_AVAILABLE_AS_OF_2026-09-13,,,,11.66,,,,,,,,BLIND,VERIFIED_2026_27_FAIRTEST,,https://collegescorecard.ed.gov/school/?110635,https://fairtest.org/test-optional-list/,Latest available College Scorecard/IPEDS fields; not represented as 2026-27 outcomes. SAT bounds sum the corresponding official section percentiles; SAT/ACT medians and application fee remain blank unless directly sourced.,UNKNOWN,UNKNOWN,UNKNOWN,PENDING_CURRENT_VERIFICATION,45627,,,,LATEST_FEDERAL_OR_SOURCE_REPORTED_BASELINE,USD,,https://collegescorecard.ed.gov/school/?110635,CORE_BASELINE_RESEARCHED;AID_POLICY_DEEP_REVIEW_PENDING;APP_FEE_PENDING;COA_PENDING
16,university-of-california-los-angeles,University of California-Los Angeles,University of California-Los Angeles,110662,US,CA,Los Angeles,PUBLIC,National University,UC_APPLICATION,UC_APPLICATION,,false,true,HIGH,https://collegescorecard.ed.gov/school/?110662,2026-09-14,LATEST_FEDERAL_AVAILABLE_AS_OF_2026-09-13,,,,8.73,,,,,,,,BLIND,VERIFIED_2026_27_FAIRTEST,,https://collegescorecard.ed.gov/school/?110662,https://fairtest.org/test-optional-list/,Latest available College Scorecard/IPEDS fields; not represented as 2026-27 outcomes. SAT bounds sum the corresponding official section percentiles; SAT/ACT medians and application fee remain blank unless directly sourced.,UNKNOWN,UNKNOWN,UNKNOWN,PENDING_CURRENT_VERIFICATION,44524,,,,LATEST_FEDERAL_OR_SOURCE_REPORTED_BASELINE,USD,,https://collegescorecard.ed.gov/school/?110662,CORE_BASELINE_RESEARCHED;AID_POLICY_DEEP_REVIEW_PENDING;APP_FEE_PENDING;COA_PENDING
17,rice-university,Rice University,Rice University,227757,US,TX,Houston,PRIVATE_NONPROFIT,National University,COMMON_APP,COMMON_APP,,true,true,HIGH,https://collegescorecard.ed.gov/school/?227757,2026-09-14,LATEST_FEDERAL_AVAILABLE_AS_OF_2026-09-13,,,,7.88,,1500,,1570,34,,36,OPTIONAL,VERIFIED_2026_27_FAIRTEST,,https://collegescorecard.ed.gov/school/?227757,https://admission.rice.edu/apply/first-year-domestic-applicants,Latest available College Scorecard/IPEDS fields; not represented as 2026-27 outcomes. SAT bounds sum the corresponding official section percentiles; SAT/ACT medians and application fee remain blank unless directly sourced.,UNKNOWN,UNKNOWN,UNKNOWN,PENDING_CURRENT_VERIFICATION,58128,,,74110,LATEST_FEDERAL_OR_SOURCE_REPORTED_BASELINE,USD,,https://collegescorecard.ed.gov/school/?227757,CORE_BASELINE_RESEARCHED;AID_POLICY_DEEP_REVIEW_PENDING;APP_FEE_PENDING
18,dartmouth-college,Dartmouth College,Dartmouth College,182670,US,NH,Hanover,PRIVATE_NONPROFIT,National University,COMMON_APP,COMMON_APP,https://home.dartmouth.edu,true,true,HIGH,https://collegescorecard.ed.gov/school/?182670,2026-09-14,LATEST_FEDERAL_AVAILABLE_AS_OF_2026-09-13,,,,6.23,,1500,,1570,33,,35,REQUIRED,VERIFIED_2026_27_FAIRTEST,,https://collegescorecard.ed.gov/school/?182670,https://admissions.dartmouth.edu/apply/update-testing-policy,Latest available College Scorecard/IPEDS fields; not represented as 2026-27 outcomes. SAT bounds sum the corresponding official section percentiles; SAT/ACT medians and application fee remain blank unless directly sourced.,NEED_BLIND,YES,YES,VERIFIED_CURRENT_OFFICIAL,65739,,,83802,LATEST_FEDERAL_OR_SOURCE_REPORTED_BASELINE,USD,https://financialaid.dartmouth.edu/apply-aid/international-students,https://collegescorecard.ed.gov/school/?182670,CORE_BASELINE_RESEARCHED;APP_FEE_PENDING
19,vanderbilt-university,Vanderbilt University,Vanderbilt University,221999,US,TN,Nashville,PRIVATE_NONPROFIT,National University,COMMON_APP,COMMON_APP,,true,true,HIGH,https://collegescorecard.ed.gov/school/?221999,2026-09-14,LATEST_FEDERAL_AVAILABLE_AS_OF_2026-09-13,,,,6.28,,1510,,1560,34,,35,OPTIONAL,VERIFIED_2026_27_FAIRTEST,,https://collegescorecard.ed.gov/school/?221999,https://admissions.vanderbilt.edu/apply/testing-policies/,Latest available College Scorecard/IPEDS fields; not represented as 2026-27 outcomes. SAT bounds sum the corresponding official section percentiles; SAT/ACT medians and application fee remain blank unless directly sourced.,UNKNOWN,UNKNOWN,UNKNOWN,PENDING_CURRENT_VERIFICATION,63946,,,84412,LATEST_FEDERAL_OR_SOURCE_REPORTED_BASELINE,USD,,https://collegescorecard.ed.gov/school/?221999,CORE_BASELINE_RESEARCHED;AID_POLICY_DEEP_REVIEW_PENDING;APP_FEE_PENDING
20,university-of-notre-dame,University of Notre Dame,University of Notre Dame,152080,US,IN,Notre Dame,PRIVATE_NONPROFIT,National University,COMMON_APP,COMMON_APP,,true,true,HIGH,https://collegescorecard.ed.gov/school/?152080,2026-09-14,LATEST_FEDERAL_AVAILABLE_AS_OF_2026-09-13,,,,12.38,,1440,,1540,33,,35,OPTIONAL,VERIFIED_2026_27_FAIRTEST,,https://collegescorecard.ed.gov/school/?152080,https://admissions.nd.edu/apply/application-overview/,Latest available College Scorecard/IPEDS fields; not represented as 2026-27 outcomes. SAT bounds sum the corresponding official section percentiles; SAT/ACT medians and application fee remain blank unless directly sourced.,UNKNOWN,UNKNOWN,UNKNOWN,PENDING_CURRENT_VERIFICATION,62693,,,80211,LATEST_FEDERAL_OR_SOURCE_REPORTED_BASELINE,USD,,https://collegescorecard.ed.gov/school/?152080,CORE_BASELINE_RESEARCHED;AID_POLICY_DEEP_REVIEW_PENDING;APP_FEE_PENDING
21,university-of-michiganann-arbor,University of Michigan-Ann Arbor,University of Michigan-Ann Arbor,170976,US,MI,Ann Arbor,PUBLIC,National University,COMMON_APP,COMMON_APP,,true,true,HIGH,https://collegescorecard.ed.gov/school/?170976,2026-09-14,LATEST_FEDERAL_AVAILABLE_AS_OF_2026-09-13,,,,17.94,,1350,,1530,31,,34,OPTIONAL,VERIFIED_2026_27_FAIRTEST,,https://collegescorecard.ed.gov/school/?170976,https://admissions.umich.edu/apply/first-year-applicants/requirements-deadlines/application-changes,Latest available College Scorecard/IPEDS fields; not represented as 2026-27 outcomes. SAT bounds sum the corresponding official section percentiles; SAT/ACT medians and application fee remain blank unless directly sourced.,UNKNOWN,UNKNOWN,UNKNOWN,PENDING_CURRENT_VERIFICATION,58072,,,,LATEST_FEDERAL_OR_SOURCE_REPORTED_BASELINE,USD,,https://collegescorecard.ed.gov/school/?170976,CORE_BASELINE_RESEARCHED;AID_POLICY_DEEP_REVIEW_PENDING;APP_FEE_PENDING;COA_PENDING
22,georgetown-university,Georgetown University,Georgetown University,131496,US,DC,Washington,PRIVATE_NONPROFIT,National University,INSTITUTIONAL,INSTITUTIONAL,,false,true,HIGH,https://collegescorecard.ed.gov/school/?131496,2026-09-14,LATEST_FEDERAL_AVAILABLE_AS_OF_2026-09-13,,,,13.08,,1390,,1550,32,,34,REQUIRED,VERIFIED_2026_27_FAIRTEST,,https://collegescorecard.ed.gov/school/?131496,https://uadmissions.georgetown.edu/applying/first-year-application/,Latest available College Scorecard/IPEDS fields; not represented as 2026-27 outcomes. SAT bounds sum the corresponding official section percentiles; SAT/ACT medians and application fee remain blank unless directly sourced.,UNKNOWN,UNKNOWN,UNKNOWN,PENDING_CURRENT_VERIFICATION,65081,,,84696,LATEST_FEDERAL_OR_SOURCE_REPORTED_BASELINE,USD,,https://collegescorecard.ed.gov/school/?131496,CORE_BASELINE_RESEARCHED;AID_POLICY_DEEP_REVIEW_PENDING;APP_FEE_PENDING
23,university-of-virginia,University of Virginia-Main Campus,University of Virginia-Main Campus,234076,US,VA,Charlottesville,PUBLIC,National University,COMMON_APP,COMMON_APP,,true,true,MEDIUM,https://collegescorecard.ed.gov/school/?234076,2026-09-14,LATEST_FEDERAL_AVAILABLE_AS_OF_2026-09-13,,,,16.86,,1410,,1530,32,,34,OPTIONAL,VERIFIED_2026_27_FAIRTEST,,https://collegescorecard.ed.gov/school/?234076,https://www.devry.edu/admissions/undergraduate-admissions.html,Latest available College Scorecard/IPEDS fields; not represented as 2026-27 outcomes. SAT bounds sum the corresponding official section percentiles; SAT/ACT medians and application fee remain blank unless directly sourced.,UNKNOWN,UNKNOWN,UNKNOWN,PENDING_CURRENT_VERIFICATION,58014,,,,LATEST_FEDERAL_OR_SOURCE_REPORTED_BASELINE,USD,,https://collegescorecard.ed.gov/school/?234076,CORE_BASELINE_RESEARCHED;AID_POLICY_DEEP_REVIEW_PENDING;APP_FEE_PENDING;COA_PENDING
24,washington-university-in-st-louis,Washington University in St Louis,Washington University in St Louis,179867,US,MO,Saint Louis,PRIVATE_NONPROFIT,National University,COMMON_APP,COMMON_APP,,true,true,HIGH,https://collegescorecard.ed.gov/school/?179867,2026-09-14,LATEST_FEDERAL_AVAILABLE_AS_OF_2026-09-13,,,,11.96,,1500,,1570,33,,35,OPTIONAL,VERIFIED_2026_27_FAIRTEST,,https://collegescorecard.ed.gov/school/?179867,https://admissions.wustl.edu/how-to-apply/application-process/,Latest available College Scorecard/IPEDS fields; not represented as 2026-27 outcomes. SAT bounds sum the corresponding official section percentiles; SAT/ACT medians and application fee remain blank unless directly sourced.,UNKNOWN,UNKNOWN,UNKNOWN,PENDING_CURRENT_VERIFICATION,62982,,,83476,LATEST_FEDERAL_OR_SOURCE_REPORTED_BASELINE,USD,,https://collegescorecard.ed.gov/school/?179867,CORE_BASELINE_RESEARCHED;AID_POLICY_DEEP_REVIEW_PENDING;APP_FEE_PENDING
25,carnegie-mellon-university,Carnegie Mellon University,Carnegie Mellon University,211440,US,PA,Pittsburgh,PRIVATE_NONPROFIT,National University,COMMON_APP,COMMON_APP,,true,true,HIGH,https://collegescorecard.ed.gov/school/?211440,2026-09-14,LATEST_FEDERAL_AVAILABLE_AS_OF_2026-09-13,,,,11.4,,1500,,1570,34,,35,REQUIRED,VERIFIED_2026_27_FAIRTEST,,https://collegescorecard.ed.gov/school/?211440,https://www.cmu.edu/admission/standardized-testing,Latest available College Scorecard/IPEDS fields; not represented as 2026-27 outcomes. SAT bounds sum the corresponding official section percentiles; SAT/ACT medians and application fee remain blank unless directly sourced.,UNKNOWN,UNKNOWN,UNKNOWN,PENDING_CURRENT_VERIFICATION,63829,,,80514,LATEST_FEDERAL_OR_SOURCE_REPORTED_BASELINE,USD,,https://collegescorecard.ed.gov/school/?211440,CORE_BASELINE_RESEARCHED;AID_POLICY_DEEP_REVIEW_PENDING;APP_FEE_PENDING
26,emory-university,Emory University,Emory University,139658,US,GA,Atlanta,PRIVATE_NONPROFIT,National University,COMMON_APP,COMMON_APP,,true,true,HIGH,https://collegescorecard.ed.gov/school/?139658,2026-09-14,LATEST_FEDERAL_AVAILABLE_AS_OF_2026-09-13,,,,11.1,,1460,,1550,32,,34,OPTIONAL,VERIFIED_2026_27_FAIRTEST,,https://collegescorecard.ed.gov/school/?139658,https://apply.emory.edu/apply/first-year/tips/standardized-exam-policies.html,Latest available College Scorecard/IPEDS fields; not represented as 2026-27 outcomes. SAT bounds sum the corresponding official section percentiles; SAT/ACT medians and application fee remain blank unless directly sourced.,UNKNOWN,UNKNOWN,UNKNOWN,PENDING_CURRENT_VERIFICATION,60774,,,78814,LATEST_FEDERAL_OR_SOURCE_REPORTED_BASELINE,USD,,https://collegescorecard.ed.gov/school/?139658,CORE_BASELINE_RESEARCHED;AID_POLICY_DEEP_REVIEW_PENDING;APP_FEE_PENDING
27,university-of-southern-california,University of Southern California,University of Southern California,123961,US,CA,Los Angeles,PRIVATE_NONPROFIT,National University,COMMON_APP,COMMON_APP,,true,true,HIGH,https://collegescorecard.ed.gov/school/?123961,2026-09-14,LATEST_FEDERAL_AVAILABLE_AS_OF_2026-09-13,,,,10.02,,1440,,1550,32,,35,OPTIONAL,VERIFIED_2026_27_FAIRTEST,,https://collegescorecard.ed.gov/school/?123961,https://dornsife.usc.edu/admission/apply/,Latest available College Scorecard/IPEDS fields; not represented as 2026-27 outcomes. SAT bounds sum the corresponding official section percentiles; SAT/ACT medians and application fee remain blank unless directly sourced.,UNKNOWN,UNKNOWN,UNKNOWN,PENDING_CURRENT_VERIFICATION,68237,,,84678,LATEST_FEDERAL_OR_SOURCE_REPORTED_BASELINE,USD,,https://collegescorecard.ed.gov/school/?123961,CORE_BASELINE_RESEARCHED;AID_POLICY_DEEP_REVIEW_PENDING;APP_FEE_PENDING
28,university-of-california-san-diego,University of California-San Diego,University of California-San Diego,110680,US,CA,La Jolla,PUBLIC,National University,UC_APPLICATION,UC_APPLICATION,,false,true,HIGH,https://collegescorecard.ed.gov/school/?110680,2026-09-14,LATEST_FEDERAL_AVAILABLE_AS_OF_2026-09-13,,,,24.52,,,,,,,,BLIND,VERIFIED_2026_27_FAIRTEST,,https://collegescorecard.ed.gov/school/?110680,https://fairtest.org/test-optional-list/,Latest available College Scorecard/IPEDS fields; not represented as 2026-27 outcomes. SAT bounds sum the corresponding official section percentiles; SAT/ACT medians and application fee remain blank unless directly sourced.,UNKNOWN,UNKNOWN,UNKNOWN,PENDING_CURRENT_VERIFICATION,46042,,,,LATEST_FEDERAL_OR_SOURCE_REPORTED_BASELINE,USD,,https://collegescorecard.ed.gov/school/?110680,CORE_BASELINE_RESEARCHED;AID_POLICY_DEEP_REVIEW_PENDING;APP_FEE_PENDING;COA_PENDING
29,university-of-florida,University of Florida,University of Florida,134130,US,FL,Gainesville,PUBLIC,National University,COMMON_APP,COMMON_APP,,true,true,HIGH,https://collegescorecard.ed.gov/school/?134130,2026-09-14,LATEST_FEDERAL_AVAILABLE_AS_OF_2026-09-13,,,,24.03,,1300,,1480,28,,33,REQUIRED,VERIFIED_2026_27_FAIRTEST,,https://collegescorecard.ed.gov/school/?134130,https://fairtest.org/test-optional-list/,Latest available College Scorecard/IPEDS fields; not represented as 2026-27 outcomes. SAT bounds sum the corresponding official section percentiles; SAT/ACT medians and application fee remain blank unless directly sourced.,UNKNOWN,UNKNOWN,UNKNOWN,PENDING_CURRENT_VERIFICATION,28659,,,,LATEST_FEDERAL_OR_SOURCE_REPORTED_BASELINE,USD,,https://collegescorecard.ed.gov/school/?134130,CORE_BASELINE_RESEARCHED;AID_POLICY_DEEP_REVIEW_PENDING;APP_FEE_PENDING;COA_PENDING
30,university-of-california-davis,University of California-Davis,University of California-Davis,110644,US,CA,Davis,PUBLIC,National University,UC_APPLICATION,UC_APPLICATION,,false,true,HIGH,https://collegescorecard.ed.gov/school/?110644,2026-09-14,LATEST_FEDERAL_AVAILABLE_AS_OF_2026-09-13,,,,41.63,,,,,,,,BLIND,VERIFIED_2026_27_FAIRTEST,,https://collegescorecard.ed.gov/school/?110644,https://fairtest.org/test-optional-list/,Latest available College Scorecard/IPEDS fields; not represented as 2026-27 outcomes. SAT bounds sum the corresponding official section percentiles; SAT/ACT medians and application fee remain blank unless directly sourced.,UNKNOWN,UNKNOWN,UNKNOWN,PENDING_CURRENT_VERIFICATION,46024,,,,LATEST_FEDERAL_OR_SOURCE_REPORTED_BASELINE,USD,,https://collegescorecard.ed.gov/school/?110644,CORE_BASELINE_RESEARCHED;AID_POLICY_DEEP_REVIEW_PENDING;APP_FEE_PENDING;COA_PENDING
31,university-of-texas-at-austin,The University of Texas at Austin,The University of Texas at Austin,228778,US,TX,Austin,PUBLIC,National University,COMMON_APP,COMMON_APP;APPLYTEXAS,,true,true,HIGH,https://collegescorecard.ed.gov/school/?228778,2026-09-14,LATEST_FEDERAL_AVAILABLE_AS_OF_2026-09-13,,,,29.12,,1230,,1490,27,,33,REQUIRED,VERIFIED_2026_27_FAIRTEST,,https://collegescorecard.ed.gov/school/?228778,https://news.utexas.edu/2024/03/11/ut-austin-reinstates-standardized-test-scores-in-admissions/,Latest available College Scorecard/IPEDS fields; not represented as 2026-27 outcomes. SAT bounds sum the corresponding official section percentiles; SAT/ACT medians and application fee remain blank unless directly sourced.,UNKNOWN,UNKNOWN,UNKNOWN,PENDING_CURRENT_VERIFICATION,42778,,,,LATEST_FEDERAL_OR_SOURCE_REPORTED_BASELINE,USD,,https://collegescorecard.ed.gov/school/?228778,CORE_BASELINE_RESEARCHED;AID_POLICY_DEEP_REVIEW_PENDING;APP_FEE_PENDING;COA_PENDING
32,university-of-california-irvine,University of California-Irvine,University of California-Irvine,110653,US,CA,Irvine,PUBLIC,National University,UC_APPLICATION,UC_APPLICATION,,false,true,HIGH,https://collegescorecard.ed.gov/school/?110653,2026-09-14,LATEST_FEDERAL_AVAILABLE_AS_OF_2026-09-13,,,,25.57,,,,,,,,BLIND,VERIFIED_2026_27_FAIRTEST,,https://collegescorecard.ed.gov/school/?110653,https://fairtest.org/test-optional-list/,Latest available College Scorecard/IPEDS fields; not represented as 2026-27 outcomes. SAT bounds sum the corresponding official section percentiles; SAT/ACT medians and application fee remain blank unless directly sourced.,UNKNOWN,UNKNOWN,UNKNOWN,PENDING_CURRENT_VERIFICATION,45014,,,,LATEST_FEDERAL_OR_SOURCE_REPORTED_BASELINE,USD,,https://collegescorecard.ed.gov/school/?110653,CORE_BASELINE_RESEARCHED;AID_POLICY_DEEP_REVIEW_PENDING;APP_FEE_PENDING;COA_PENDING
33,georgia-institute-of-technology,Georgia Institute of Technology-Main Campus,Georgia Institute of Technology-Main Campus,139755,US,GA,Atlanta,PUBLIC,National University,COMMON_APP,COMMON_APP,,true,true,HIGH,https://collegescorecard.ed.gov/school/?139755,2026-09-14,LATEST_FEDERAL_AVAILABLE_AS_OF_2026-09-13,,,,16.46,,1330,,1530,28,,34,REQUIRED,VERIFIED_2026_27_FAIRTEST,,https://collegescorecard.ed.gov/school/?139755,https://admission.gatech.edu/first-year/standardized-tests,Latest available College Scorecard/IPEDS fields; not represented as 2026-27 outcomes. SAT bounds sum the corresponding official section percentiles; SAT/ACT medians and application fee remain blank unless directly sourced.,UNKNOWN,UNKNOWN,UNKNOWN,PENDING_CURRENT_VERIFICATION,32876,,,,LATEST_FEDERAL_OR_SOURCE_REPORTED_BASELINE,USD,,https://collegescorecard.ed.gov/school/?139755,CORE_BASELINE_RESEARCHED;AID_POLICY_DEEP_REVIEW_PENDING;APP_FEE_PENDING;COA_PENDING
34,university-of-california-santa-barbara,University of California-Santa Barbara,University of California-Santa Barbara,110705,US,CA,Santa Barbara,PUBLIC,National University,UC_APPLICATION,UC_APPLICATION,,false,true,HIGH,https://collegescorecard.ed.gov/school/?110705,2026-09-14,LATEST_FEDERAL_AVAILABLE_AS_OF_2026-09-13,,,,27.78,,,,,,,,BLIND,VERIFIED_2026_27_FAIRTEST,,https://collegescorecard.ed.gov/school/?110705,https://fairtest.org/test-optional-list/,Latest available College Scorecard/IPEDS fields; not represented as 2026-27 outcomes. SAT bounds sum the corresponding official section percentiles; SAT/ACT medians and application fee remain blank unless directly sourced.,UNKNOWN,UNKNOWN,UNKNOWN,PENDING_CURRENT_VERIFICATION,45742,,,,LATEST_FEDERAL_OR_SOURCE_REPORTED_BASELINE,USD,,https://collegescorecard.ed.gov/school/?110705,CORE_BASELINE_RESEARCHED;AID_POLICY_DEEP_REVIEW_PENDING;APP_FEE_PENDING;COA_PENDING
35,university-of-illinois-urbana-champaign,University of Illinois Urbana-Champaign,University of Illinois Urbana-Champaign,145637,US,IL,Champaign,PUBLIC,National University,COMMON_APP,COMMON_APP,,true,true,HIGH,https://collegescorecard.ed.gov/school/?145637,2026-09-14,LATEST_FEDERAL_AVAILABLE_AS_OF_2026-09-13,,,,43.69,,1270,,1510,29,,34,OPTIONAL,VERIFIED_2026_27_FAIRTEST,,https://collegescorecard.ed.gov/school/?145637,https://www.admissions.illinois.edu/faq/applicant-freshman,Latest available College Scorecard/IPEDS fields; not represented as 2026-27 outcomes. SAT bounds sum the corresponding official section percentiles; SAT/ACT medians and application fee remain blank unless directly sourced.,UNKNOWN,UNKNOWN,UNKNOWN,PENDING_CURRENT_VERIFICATION,34501,,,,LATEST_FEDERAL_OR_SOURCE_REPORTED_BASELINE,USD,,https://collegescorecard.ed.gov/school/?145637,CORE_BASELINE_RESEARCHED;AID_POLICY_DEEP_REVIEW_PENDING;APP_FEE_PENDING;COA_PENDING
36,university-of-wisconsinmadison,University of Wisconsin-Madison,University of Wisconsin-Madison,240444,US,WI,Madison,PUBLIC,National University,COMMON_APP,COMMON_APP,,true,true,HIGH,https://collegescorecard.ed.gov/school/?240444,2026-09-14,LATEST_FEDERAL_AVAILABLE_AS_OF_2026-09-13,,,,43.35,,1360,,1510,28,,32,OPTIONAL,VERIFIED_2026_27_FAIRTEST,,https://collegescorecard.ed.gov/school/?240444,https://admissions.wisc.edu/act_sat_faq/,Latest available College Scorecard/IPEDS fields; not represented as 2026-27 outcomes. SAT bounds sum the corresponding official section percentiles; SAT/ACT medians and application fee remain blank unless directly sourced.,UNKNOWN,UNKNOWN,UNKNOWN,PENDING_CURRENT_VERIFICATION,40603,,,,LATEST_FEDERAL_OR_SOURCE_REPORTED_BASELINE,USD,,https://collegescorecard.ed.gov/school/?240444,CORE_BASELINE_RESEARCHED;AID_POLICY_DEEP_REVIEW_PENDING;APP_FEE_PENDING;COA_PENDING
37,new-york-university,New York University,New York University,193900,US,NY,New York,PRIVATE_NONPROFIT,National University,COMMON_APP,COMMON_APP,,true,true,HIGH,https://collegescorecard.ed.gov/school/?193900,2026-09-14,LATEST_FEDERAL_AVAILABLE_AS_OF_2026-09-13,,,,9.41,,1480,,1570,33,,35,OPTIONAL,VERIFIED_2026_27_FAIRTEST,,https://collegescorecard.ed.gov/school/?193900,https://www.nyu.edu/admissions/undergraduate-admissions/how-to-apply/standardized-tests.html,Latest available College Scorecard/IPEDS fields; not represented as 2026-27 outcomes. SAT bounds sum the corresponding official section percentiles; SAT/ACT medians and application fee remain blank unless directly sourced.,UNKNOWN,UNKNOWN,UNKNOWN,PENDING_CURRENT_VERIFICATION,60438,,,79121,LATEST_FEDERAL_OR_SOURCE_REPORTED_BASELINE,USD,,https://collegescorecard.ed.gov/school/?193900,CORE_BASELINE_RESEARCHED;AID_POLICY_DEEP_REVIEW_PENDING;APP_FEE_PENDING
38,boston-college,Boston College,Boston College,164924,US,MA,Chestnut Hill,PRIVATE_NONPROFIT,National University,COMMON_APP,COMMON_APP,,true,true,HIGH,https://collegescorecard.ed.gov/school/?164924,2026-09-14,LATEST_FEDERAL_AVAILABLE_AS_OF_2026-09-13,,,,15.65,,1430,,1540,33,,34,OPTIONAL,VERIFIED_2026_27_FAIRTEST,,https://collegescorecard.ed.gov/school/?164924,https://www.bc.edu/bc-web/admission/apply/test-optional.html,Latest available College Scorecard/IPEDS fields; not represented as 2026-27 outcomes. SAT bounds sum the corresponding official section percentiles; SAT/ACT medians and application fee remain blank unless directly sourced.,UNKNOWN,UNKNOWN,UNKNOWN,PENDING_CURRENT_VERIFICATION,67680,,,83683,LATEST_FEDERAL_OR_SOURCE_REPORTED_BASELINE,USD,,https://collegescorecard.ed.gov/school/?164924,CORE_BASELINE_RESEARCHED;AID_POLICY_DEEP_REVIEW_PENDING;APP_FEE_PENDING
39,university-of-washington,University of Washington-Seattle Campus,University of Washington-Seattle Campus,236948,US,WA,Seattle,PUBLIC,National University,COMMON_APP,COMMON_APP,,true,true,MEDIUM,https://collegescorecard.ed.gov/school/?236948,2026-09-14,LATEST_FEDERAL_AVAILABLE_AS_OF_2026-09-13,,,,42.53,,,,,,,,OPTIONAL,VERIFIED_2026_27_FAIRTEST,,https://collegescorecard.ed.gov/school/?236948,https://www.washington.edu/news/2020/06/11/uw-removes-standardized-testing-requirement-for-incoming-students-beyond-fall-2021/,Latest available College Scorecard/IPEDS fields; not represented as 2026-27 outcomes. SAT bounds sum the corresponding official section percentiles; SAT/ACT medians and application fee remain blank unless directly sourced.,UNKNOWN,UNKNOWN,UNKNOWN,PENDING_CURRENT_VERIFICATION,41997,,,,LATEST_FEDERAL_OR_SOURCE_REPORTED_BASELINE,USD,,https://collegescorecard.ed.gov/school/?236948,CORE_BASELINE_RESEARCHED;AID_POLICY_DEEP_REVIEW_PENDING;APP_FEE_PENDING;COA_PENDING
40,tufts-university,Tufts University,Tufts University,168148,US,MA,Medford,PRIVATE_NONPROFIT,National University,COMMON_APP,COMMON_APP,,true,true,HIGH,https://collegescorecard.ed.gov/school/?168148,2026-09-14,LATEST_FEDERAL_AVAILABLE_AS_OF_2026-09-13,,,,10.13,,1460,,1550,33,,35,OPTIONAL,VERIFIED_2026_27_FAIRTEST,,https://collegescorecard.ed.gov/school/?168148,https://now.tufts.edu/2023/01/17/applications-undergraduate-class-2027-top-34000,Latest available College Scorecard/IPEDS fields; not represented as 2026-27 outcomes. SAT bounds sum the corresponding official section percentiles; SAT/ACT medians and application fee remain blank unless directly sourced.,UNKNOWN,UNKNOWN,UNKNOWN,PENDING_CURRENT_VERIFICATION,67844,,,84600,LATEST_FEDERAL_OR_SOURCE_REPORTED_BASELINE,USD,,https://collegescorecard.ed.gov/school/?168148,CORE_BASELINE_RESEARCHED;AID_POLICY_DEEP_REVIEW_PENDING;APP_FEE_PENDING
41,rutgers-universitynew-brunswick,Rutgers University-New Brunswick,Rutgers University-New Brunswick,186380,US,NJ,New Brunswick,PUBLIC,National University,COMMON_APP,COMMON_APP,,true,true,HIGH,https://collegescorecard.ed.gov/school/?186380,2026-09-14,LATEST_FEDERAL_AVAILABLE_AS_OF_2026-09-13,,,,65.35,,1270,,1480,28,,33,OPTIONAL,VERIFIED_2026_27_FAIRTEST,,https://collegescorecard.ed.gov/school/?186380,https://admissions.rutgers.edu/FAQ,Latest available College Scorecard/IPEDS fields; not represented as 2026-27 outcomes. SAT bounds sum the corresponding official section percentiles; SAT/ACT medians and application fee remain blank unless directly sourced.,UNKNOWN,UNKNOWN,UNKNOWN,PENDING_CURRENT_VERIFICATION,36001,,,,LATEST_FEDERAL_OR_SOURCE_REPORTED_BASELINE,USD,,https://collegescorecard.ed.gov/school/?186380,CORE_BASELINE_RESEARCHED;AID_POLICY_DEEP_REVIEW_PENDING;APP_FEE_PENDING;COA_PENDING
42,boston-university,Boston University,Boston University,164988,US,MA,Boston,PRIVATE_NONPROFIT,National University,COMMON_APP,COMMON_APP,,true,true,HIGH,https://collegescorecard.ed.gov/school/?164988,2026-09-14,LATEST_FEDERAL_AVAILABLE_AS_OF_2026-09-13,,,,10.85,,1400,,1520,32,,34,OPTIONAL,VERIFIED_2026_27_FAIRTEST,,https://collegescorecard.ed.gov/school/?164988,https://www.bu.edu/admissions/apply/first-year/test-policy/,Latest available College Scorecard/IPEDS fields; not represented as 2026-27 outcomes. SAT bounds sum the corresponding official section percentiles; SAT/ACT medians and application fee remain blank unless directly sourced.,UNKNOWN,UNKNOWN,UNKNOWN,PENDING_CURRENT_VERIFICATION,65168,,,82694,LATEST_FEDERAL_OR_SOURCE_REPORTED_BASELINE,USD,,https://collegescorecard.ed.gov/school/?164988,CORE_BASELINE_RESEARCHED;AID_POLICY_DEEP_REVIEW_PENDING;APP_FEE_PENDING
43,the-ohio-state-university,Ohio State University-Main Campus,Ohio State University-Main Campus,204796,US,OH,Columbus,PUBLIC,National University,COMMON_APP,COMMON_APP,,true,true,MEDIUM,https://collegescorecard.ed.gov/school/?204796,2026-09-14,LATEST_FEDERAL_AVAILABLE_AS_OF_2026-09-13,,,,50.82,,1330,,1480,29,,32,REQUIRED,VERIFIED_2026_27_FAIRTEST,,https://collegescorecard.ed.gov/school/?204796,https://undergrad.osu.edu/apply/freshmen-columbus/apply-step-by-step,Latest available College Scorecard/IPEDS fields; not represented as 2026-27 outcomes. SAT bounds sum the corresponding official section percentiles; SAT/ACT medians and application fee remain blank unless directly sourced.,UNKNOWN,UNKNOWN,UNKNOWN,PENDING_CURRENT_VERIFICATION,38365,,,,LATEST_FEDERAL_OR_SOURCE_REPORTED_BASELINE,USD,,https://collegescorecard.ed.gov/school/?204796,CORE_BASELINE_RESEARCHED;AID_POLICY_DEEP_REVIEW_PENDING;APP_FEE_PENDING;COA_PENDING
44,university-of-maryland-college-park,University of Maryland-College Park,University of Maryland-College Park,163286,US,MD,College Park,PUBLIC,National University,COMMON_APP,COMMON_APP,,true,true,HIGH,https://collegescorecard.ed.gov/school/?163286,2026-09-14,LATEST_FEDERAL_AVAILABLE_AS_OF_2026-09-13,,,,44.84,,1370,,1520,32,,35,OPTIONAL,VERIFIED_2026_27_FAIRTEST,,https://collegescorecard.ed.gov/school/?163286,https://admissions.umd.edu/apply/freshman-application-faqs,Latest available College Scorecard/IPEDS fields; not represented as 2026-27 outcomes. SAT bounds sum the corresponding official section percentiles; SAT/ACT medians and application fee remain blank unless directly sourced.,UNKNOWN,UNKNOWN,UNKNOWN,PENDING_CURRENT_VERIFICATION,40306,,,,LATEST_FEDERAL_OR_SOURCE_REPORTED_BASELINE,USD,,https://collegescorecard.ed.gov/school/?163286,CORE_BASELINE_RESEARCHED;AID_POLICY_DEEP_REVIEW_PENDING;APP_FEE_PENDING;COA_PENDING
45,university-of-rochester,University of Rochester,University of Rochester,195030,US,NY,Rochester,PRIVATE_NONPROFIT,National University,COMMON_APP,COMMON_APP,,true,true,HIGH,https://collegescorecard.ed.gov/school/?195030,2026-09-14,LATEST_FEDERAL_AVAILABLE_AS_OF_2026-09-13,,,,35.85,,1400,,1540,31,,34,OPTIONAL,VERIFIED_2026_27_FAIRTEST,,https://collegescorecard.ed.gov/school/?195030,https://enrollment.rochester.edu/testing-policy/#test-optional,Latest available College Scorecard/IPEDS fields; not represented as 2026-27 outcomes. SAT bounds sum the corresponding official section percentiles; SAT/ACT medians and application fee remain blank unless directly sourced.,UNKNOWN,UNKNOWN,UNKNOWN,PENDING_CURRENT_VERIFICATION,64348,,,82600,LATEST_FEDERAL_OR_SOURCE_REPORTED_BASELINE,USD,,https://collegescorecard.ed.gov/school/?195030,CORE_BASELINE_RESEARCHED;AID_POLICY_DEEP_REVIEW_PENDING;APP_FEE_PENDING
46,purdue-university,Purdue University,Purdue University-Main Campus,243780,US,IN,West Lafayette,PUBLIC,National University,COMMON_APP,COMMON_APP,,true,true,HIGH,https://www.collegedata.fyi/schools/purdue,2026-09-14,IPEDS 2024 + CDS 2025-26,78745,39272,11467,49.87,29.2,1220,1360,1470,28,32,34,OPTIONAL,VERIFIED_2026_27_FAIRTEST,0,https://www.collegedata.fyi/schools/purdue,https://fairtest.org/wp-content/uploads/2026TOList/test-optional-list.html?v=1,Latest available College Scorecard/IPEDS fields; not represented as 2026-27 outcomes. SAT bounds sum the corresponding official section percentiles; SAT/ACT medians and application fee remain blank unless directly sourced. Corrected from erroneous Purdue University Global match. SAT/ACT and app fee use 2025-26 CDS; admissions counts/cost use source-labeled IPEDS 2024 baseline.,UNKNOWN,UNKNOWN,UNKNOWN,PENDING_CURRENT_VERIFICATION,28520,274,,44974,OUT_OF_STATE_ON_CAMPUS_IPEDS_2024,USD,,https://www.collegedata.fyi/schools/purdue,CORE_BASELINE_RESEARCHED;IDENTITY_CORRECTED;AID_POLICY_DEEP_REVIEW_PENDING;APP_FEE_PENDING
47,university-of-north-carolina-at-chapel-hill,University of North Carolina at Chapel Hill,University of North Carolina at Chapel Hill,199120,US,NC,Chapel Hill,PUBLIC,National University,COMMON_APP,COMMON_APP,,true,true,HIGH,https://collegescorecard.ed.gov/school/?199120,2026-09-14,LATEST_FEDERAL_AVAILABLE_AS_OF_2026-09-13,,,,18.74,,1370,,1530,30,,34,OPTIONAL,VERIFIED_2026_27_FAIRTEST,,https://collegescorecard.ed.gov/school/?199120,https://www.northcarolina.edu/students/admission/,Latest available College Scorecard/IPEDS fields; not represented as 2026-27 outcomes. SAT bounds sum the corresponding official section percentiles; SAT/ACT medians and application fee remain blank unless directly sourced.,UNKNOWN,UNKNOWN,UNKNOWN,PENDING_CURRENT_VERIFICATION,39330,,,,LATEST_FEDERAL_OR_SOURCE_REPORTED_BASELINE,USD,,https://collegescorecard.ed.gov/school/?199120,CORE_BASELINE_RESEARCHED;AID_POLICY_DEEP_REVIEW_PENDING;APP_FEE_PENDING;COA_PENDING
48,wake-forest-university,Wake Forest University,Wake Forest University,199847,US,NC,Winston-Salem,PRIVATE_NONPROFIT,National University,COMMON_APP,COMMON_APP,,true,true,HIGH,https://collegescorecard.ed.gov/school/?199847,2026-09-14,LATEST_FEDERAL_AVAILABLE_AS_OF_2026-09-13,,,,21.56,,1390,,1510,32,,34,OPTIONAL,VERIFIED_2026_27_FAIRTEST,,https://collegescorecard.ed.gov/school/?199847,https://news.wfu.edu/test-optional-admissions/,Latest available College Scorecard/IPEDS fields; not represented as 2026-27 outcomes. SAT bounds sum the corresponding official section percentiles; SAT/ACT medians and application fee remain blank unless directly sourced.,UNKNOWN,UNKNOWN,UNKNOWN,PENDING_CURRENT_VERIFICATION,64758,,,82818,LATEST_FEDERAL_OR_SOURCE_REPORTED_BASELINE,USD,,https://collegescorecard.ed.gov/school/?199847,CORE_BASELINE_RESEARCHED;AID_POLICY_DEEP_REVIEW_PENDING;APP_FEE_PENDING
49,virginia-tech,Virginia Polytechnic Institute and State University,Virginia Polytechnic Institute and State University,233921,US,VA,Blacksburg,PUBLIC,National University,COMMON_APP,COMMON_APP,,true,true,HIGH,https://collegescorecard.ed.gov/school/?233921,2026-09-14,LATEST_FEDERAL_AVAILABLE_AS_OF_2026-09-13,,,,57.03,,1240,,1420,27,,32,OPTIONAL,VERIFIED_2026_27_FAIRTEST,,https://collegescorecard.ed.gov/school/?233921,https://www.vt.edu/admissions/frequently-asked-questions/test-optional.html,Latest available College Scorecard/IPEDS fields; not represented as 2026-27 outcomes. SAT bounds sum the corresponding official section percentiles; SAT/ACT medians and application fee remain blank unless directly sourced.,UNKNOWN,UNKNOWN,UNKNOWN,PENDING_CURRENT_VERIFICATION,36694,,,,LATEST_FEDERAL_OR_SOURCE_REPORTED_BASELINE,USD,,https://collegescorecard.ed.gov/school/?233921,CORE_BASELINE_RESEARCHED;AID_POLICY_DEEP_REVIEW_PENDING;APP_FEE_PENDING;COA_PENDING
50,texas-a-and-m-university,Texas A&M University,Texas A&M University,228723,US,TX,College Station,PUBLIC,National University,COMMON_APP,COMMON_APP;APPLYTEXAS,,true,true,HIGH,https://www.collegedata.fyi/schools/texas-am,2026-09-14,CDS 2025-26 + IPEDS 2024 costs,62967,32531,12484,51.7,38.38,1160,1280,1390,24,28,32,OPTIONAL,VERIFIED_2026_27_FAIRTEST,75,https://www.collegedata.fyi/schools/texas-am/2025-26,https://fairtest.org/wp-content/uploads/2026TOList/test-optional-list.html?v=1,Latest available College Scorecard/IPEDS fields; not represented as 2026-27 outcomes. SAT bounds sum the corresponding official section percentiles; SAT/ACT medians and application fee remain blank unless directly sourced. Corrected from erroneous West Texas A&M University match. Admissions/testing/app fee use 2025-26 CDS; cost uses source-labeled IPEDS 2024 baseline.,UNKNOWN,UNKNOWN,UNKNOWN,PENDING_CURRENT_VERIFICATION,36169,3955,13008,60846,OUT_OF_STATE_ON_CAMPUS_IPEDS_2024,USD,,https://www.collegedata.fyi/schools/texas-am/2025-26,CORE_BASELINE_RESEARCHED;IDENTITY_CORRECTED;AID_POLICY_DEEP_REVIEW_PENDING
51,florida-state-university,Florida State University,Florida State University,134097,US,FL,Tallahassee,PUBLIC,National University,COMMON_APP,COMMON_APP,,true,true,HIGH,https://collegescorecard.ed.gov/school/?134097,2026-09-14,LATEST_FEDERAL_AVAILABLE_AS_OF_2026-09-13,,,,25.38,,1240,,1390,27,,31,REQUIRED,VERIFIED_2026_27_FAIRTEST,,https://collegescorecard.ed.gov/school/?134097,https://fairtest.org/test-optional-list/,Latest available College Scorecard/IPEDS fields; not represented as 2026-27 outcomes. SAT bounds sum the corresponding official section percentiles; SAT/ACT medians and application fee remain blank unless directly sourced.,UNKNOWN,UNKNOWN,UNKNOWN,PENDING_CURRENT_VERIFICATION,18786,,,23683,LATEST_FEDERAL_OR_SOURCE_REPORTED_BASELINE,USD,,https://collegescorecard.ed.gov/school/?134097,CORE_BASELINE_RESEARCHED;AID_POLICY_DEEP_REVIEW_PENDING;APP_FEE_PENDING
52,northeastern-university,Northeastern University,Northeastern University,167358,US,MA,Boston,PRIVATE_NONPROFIT,National University,COMMON_APP,COMMON_APP,,true,true,HIGH,https://collegescorecard.ed.gov/school/?167358,2026-09-14,LATEST_FEDERAL_AVAILABLE_AS_OF_2026-09-13,,,,5.65,,1460,,1550,33,,35,OPTIONAL,VERIFIED_2026_27_FAIRTEST,,https://collegescorecard.ed.gov/school/?167358,https://admissions.northeastern.edu/application-information/required-materials/,Latest available College Scorecard/IPEDS fields; not represented as 2026-27 outcomes. SAT bounds sum the corresponding official section percentiles; SAT/ACT medians and application fee remain blank unless directly sourced.,UNKNOWN,UNKNOWN,UNKNOWN,PENDING_CURRENT_VERIFICATION,63141,,,81353,LATEST_FEDERAL_OR_SOURCE_REPORTED_BASELINE,USD,,https://collegescorecard.ed.gov/school/?167358,CORE_BASELINE_RESEARCHED;AID_POLICY_DEEP_REVIEW_PENDING;APP_FEE_PENDING
53,case-western-reserve-university,Case Western Reserve University,Case Western Reserve University,201645,US,OH,Cleveland,PRIVATE_NONPROFIT,National University,COMMON_APP,COMMON_APP,,true,true,HIGH,https://collegescorecard.ed.gov/school/?201645,2026-09-14,LATEST_FEDERAL_AVAILABLE_AS_OF_2026-09-13,,,,28.68,,1430,,1540,32,,35,OPTIONAL,VERIFIED_2026_27_FAIRTEST,,https://collegescorecard.ed.gov/school/?201645,https://case.edu/admission/apply/test-optional,Latest available College Scorecard/IPEDS fields; not represented as 2026-27 outcomes. SAT bounds sum the corresponding official section percentiles; SAT/ACT medians and application fee remain blank unless directly sourced.,UNKNOWN,UNKNOWN,UNKNOWN,PENDING_CURRENT_VERIFICATION,64671,,,81533,LATEST_FEDERAL_OR_SOURCE_REPORTED_BASELINE,USD,,https://collegescorecard.ed.gov/school/?201645,CORE_BASELINE_RESEARCHED;AID_POLICY_DEEP_REVIEW_PENDING;APP_FEE_PENDING
54,tulane-university,Tulane University of Louisiana,Tulane University of Louisiana,160755,US,LA,New Orleans,PRIVATE_NONPROFIT,National University,COMMON_APP,COMMON_APP,,true,true,MEDIUM,https://collegescorecard.ed.gov/school/?160755,2026-09-14,LATEST_FEDERAL_AVAILABLE_AS_OF_2026-09-13,,,,14.59,,1390,,1510,31,,33,OPTIONAL,VERIFIED_2026_27_FAIRTEST,,https://collegescorecard.ed.gov/school/?160755,https://admission.tulane.edu/apply/instructions/standardized-tests,Latest available College Scorecard/IPEDS fields; not represented as 2026-27 outcomes. SAT bounds sum the corresponding official section percentiles; SAT/ACT medians and application fee remain blank unless directly sourced.,UNKNOWN,UNKNOWN,UNKNOWN,PENDING_CURRENT_VERIFICATION,65538,,,83761,LATEST_FEDERAL_OR_SOURCE_REPORTED_BASELINE,USD,,https://collegescorecard.ed.gov/school/?160755,CORE_BASELINE_RESEARCHED;AID_POLICY_DEEP_REVIEW_PENDING;APP_FEE_PENDING
55,university-of-miami,University of Miami,University of Miami,135726,US,FL,Coral Gables,PRIVATE_NONPROFIT,National University,COMMON_APP,COMMON_APP,,true,true,HIGH,https://collegescorecard.ed.gov/school/?135726,2026-09-14,LATEST_FEDERAL_AVAILABLE_AS_OF_2026-09-13,,,,18.51,,1330,,1470,30,,33,REQUIRED,VERIFIED_2026_27_FAIRTEST,,https://collegescorecard.ed.gov/school/?135726,https://www.wlrn.org/education/2025-01-28/um-standardized-test-requirements,Latest available College Scorecard/IPEDS fields; not represented as 2026-27 outcomes. SAT bounds sum the corresponding official section percentiles; SAT/ACT medians and application fee remain blank unless directly sourced.,UNKNOWN,UNKNOWN,UNKNOWN,PENDING_CURRENT_VERIFICATION,59926,,,77708,LATEST_FEDERAL_OR_SOURCE_REPORTED_BASELINE,USD,,https://collegescorecard.ed.gov/school/?135726,CORE_BASELINE_RESEARCHED;AID_POLICY_DEEP_REVIEW_PENDING;APP_FEE_PENDING
56,university-of-georgia,University of Georgia,University of Georgia,139959,US,GA,Athens,PUBLIC,National University,COMMON_APP,COMMON_APP,,true,true,HIGH,https://collegescorecard.ed.gov/school/?139959,2026-09-14,LATEST_FEDERAL_AVAILABLE_AS_OF_2026-09-13,,,,37.2,,1160,,1390,25,,32,REQUIRED,VERIFIED_2026_27_FAIRTEST,,https://collegescorecard.ed.gov/school/?139959,https://fairtest.org/test-optional-list/,Latest available College Scorecard/IPEDS fields; not represented as 2026-27 outcomes. SAT bounds sum the corresponding official section percentiles; SAT/ACT medians and application fee remain blank unless directly sourced.,UNKNOWN,UNKNOWN,UNKNOWN,PENDING_CURRENT_VERIFICATION,30220,,,,LATEST_FEDERAL_OR_SOURCE_REPORTED_BASELINE,USD,,https://collegescorecard.ed.gov/school/?139959,CORE_BASELINE_RESEARCHED;AID_POLICY_DEEP_REVIEW_PENDING;APP_FEE_PENDING;COA_PENDING
57,lehigh-university,Lehigh University,Lehigh University,213543,US,PA,Bethlehem,PRIVATE_NONPROFIT,National University,COMMON_APP,COMMON_APP,,true,true,HIGH,https://collegescorecard.ed.gov/school/?213543,2026-09-14,LATEST_FEDERAL_AVAILABLE_AS_OF_2026-09-13,,,,29.26,,1350,,1490,31,,33,OPTIONAL,VERIFIED_2026_27_FAIRTEST,,https://collegescorecard.ed.gov/school/?213543,"https://www1.lehigh.edu/admissions/admissions-requirements#:~:text=Lehigh%20University%20has%20adopted%20a,ACT%20test%20scores%20for%20consideration",Latest available College Scorecard/IPEDS fields; not represented as 2026-27 outcomes. SAT bounds sum the corresponding official section percentiles; SAT/ACT medians and application fee remain blank unless directly sourced.,UNKNOWN,UNKNOWN,UNKNOWN,PENDING_CURRENT_VERIFICATION,62180,,,77515,LATEST_FEDERAL_OR_SOURCE_REPORTED_BASELINE,USD,,https://collegescorecard.ed.gov/school/?213543,CORE_BASELINE_RESEARCHED;AID_POLICY_DEEP_REVIEW_PENDING;APP_FEE_PENDING
58,villanova-university,Villanova University,Villanova University,216597,US,PA,Villanova,PRIVATE_NONPROFIT,National University,COMMON_APP,COMMON_APP,,true,true,HIGH,https://collegescorecard.ed.gov/school/?216597,2026-09-14,LATEST_FEDERAL_AVAILABLE_AS_OF_2026-09-13,,,,25.12,,1400,,1510,32,,34,OPTIONAL,VERIFIED_2026_27_FAIRTEST,,https://collegescorecard.ed.gov/school/?216597,https://www.villanova.edu/university/undergraduate-admission/faqs.html,Latest available College Scorecard/IPEDS fields; not represented as 2026-27 outcomes. SAT bounds sum the corresponding official section percentiles; SAT/ACT medians and application fee remain blank unless directly sourced.,UNKNOWN,UNKNOWN,UNKNOWN,PENDING_CURRENT_VERIFICATION,64701,,,80866,LATEST_FEDERAL_OR_SOURCE_REPORTED_BASELINE,USD,,https://collegescorecard.ed.gov/school/?216597,CORE_BASELINE_RESEARCHED;AID_POLICY_DEEP_REVIEW_PENDING;APP_FEE_PENDING
59,rensselaer-polytechnic-institute,Rensselaer Polytechnic Institute,Rensselaer Polytechnic Institute,194824,US,NY,Troy,PRIVATE_NONPROFIT,National University,COMMON_APP,COMMON_APP,,true,true,HIGH,https://collegescorecard.ed.gov/school/?194824,2026-09-14,LATEST_FEDERAL_AVAILABLE_AS_OF_2026-09-13,,,,58.45,,1330,,1500,30,,34,OPTIONAL,VERIFIED_2026_27_FAIRTEST,,https://collegescorecard.ed.gov/school/?194824,https://undergrad.admissions.rpi.edu/prospective-students/prospective-students-frequently-asked-questions/fall-2027-admission-cycle-test,Latest available College Scorecard/IPEDS fields; not represented as 2026-27 outcomes. SAT bounds sum the corresponding official section percentiles; SAT/ACT medians and application fee remain blank unless directly sourced.,UNKNOWN,UNKNOWN,UNKNOWN,PENDING_CURRENT_VERIFICATION,61884,,,79934,LATEST_FEDERAL_OR_SOURCE_REPORTED_BASELINE,USD,,https://collegescorecard.ed.gov/school/?194824,CORE_BASELINE_RESEARCHED;AID_POLICY_DEEP_REVIEW_PENDING;APP_FEE_PENDING
60,brandeis-university,Brandeis University,Brandeis University,165015,US,MA,Waltham,PRIVATE_NONPROFIT,National University,COMMON_APP,COMMON_APP,,true,true,HIGH,https://collegescorecard.ed.gov/school/?165015,2026-09-14,LATEST_FEDERAL_AVAILABLE_AS_OF_2026-09-13,,,,35.31,,1390,,1530,31,,34,OPTIONAL,VERIFIED_2026_27_FAIRTEST,,https://collegescorecard.ed.gov/school/?165015,https://www.brandeis.edu/admissions/apply/testing.html,Latest available College Scorecard/IPEDS fields; not represented as 2026-27 outcomes. SAT bounds sum the corresponding official section percentiles; SAT/ACT medians and application fee remain blank unless directly sourced.,UNKNOWN,UNKNOWN,UNKNOWN,PENDING_CURRENT_VERIFICATION,64946,,,82123,LATEST_FEDERAL_OR_SOURCE_REPORTED_BASELINE,USD,,https://collegescorecard.ed.gov/school/?165015,CORE_BASELINE_RESEARCHED;AID_POLICY_DEEP_REVIEW_PENDING;APP_FEE_PENDING
61,william-and-mary,William & Mary,William & Mary,231624,US,VA,Williamsburg,PUBLIC,National University,COMMON_APP,COMMON_APP,,true,true,HIGH,https://collegescorecard.ed.gov/school/?231624,2026-09-14,LATEST_FEDERAL_AVAILABLE_AS_OF_2026-09-13,,,,32.72,,1365,,1510,32,,34,OPTIONAL,VERIFIED_2026_27_FAIRTEST,,https://collegescorecard.ed.gov/school/?231624,https://www.wm.edu/admission/undergraduateadmission/how-to-apply/freshmanapplicants/standardizedtesting/test-optional-faq/index.php,Latest available College Scorecard/IPEDS fields; not represented as 2026-27 outcomes. SAT bounds sum the corresponding official section percentiles; SAT/ACT medians and application fee remain blank unless directly sourced.,UNKNOWN,UNKNOWN,UNKNOWN,PENDING_CURRENT_VERIFICATION,49412,,,,LATEST_FEDERAL_OR_SOURCE_REPORTED_BASELINE,USD,,https://collegescorecard.ed.gov/school/?231624,CORE_BASELINE_RESEARCHED;AID_POLICY_DEEP_REVIEW_PENDING;APP_FEE_PENDING;COA_PENDING
62,clemson-university,Clemson University,Clemson University,217882,US,SC,Clemson,PUBLIC,National University,COMMON_APP,COMMON_APP,,true,true,HIGH,https://collegescorecard.ed.gov/school/?217882,2026-09-14,LATEST_FEDERAL_AVAILABLE_AS_OF_2026-09-13,,,,38.05,,1230,,1390,28,,32,OPTIONAL,VERIFIED_2026_27_FAIRTEST,,https://collegescorecard.ed.gov/school/?217882,https://www.clemson.edu/admissions/applying-to-clemson/freshman-students.html,Latest available College Scorecard/IPEDS fields; not represented as 2026-27 outcomes. SAT bounds sum the corresponding official section percentiles; SAT/ACT medians and application fee remain blank unless directly sourced.,UNKNOWN,UNKNOWN,UNKNOWN,PENDING_CURRENT_VERIFICATION,39498,,,,LATEST_FEDERAL_OR_SOURCE_REPORTED_BASELINE,USD,,https://collegescorecard.ed.gov/school/?217882,CORE_BASELINE_RESEARCHED;AID_POLICY_DEEP_REVIEW_PENDING;APP_FEE_PENDING;COA_PENDING
63,southern-methodist-university,Southern Methodist University,Southern Methodist University,228246,US,TX,Dallas,PRIVATE_NONPROFIT,National University,COMMON_APP,COMMON_APP,,true,true,HIGH,https://collegescorecard.ed.gov/school/?228246,2026-09-14,LATEST_FEDERAL_AVAILABLE_AS_OF_2026-09-13,,,,61.22,,1320,,1480,30,,34,OPTIONAL,VERIFIED_2026_27_FAIRTEST,,https://collegescorecard.ed.gov/school/?228246,https://www.smu.edu/Admission/Apply/Frequently-Asked-Questions-TestOptional,Latest available College Scorecard/IPEDS fields; not represented as 2026-27 outcomes. SAT bounds sum the corresponding official section percentiles; SAT/ACT medians and application fee remain blank unless directly sourced.,UNKNOWN,UNKNOWN,UNKNOWN,PENDING_CURRENT_VERIFICATION,64460,,,82532,LATEST_FEDERAL_OR_SOURCE_REPORTED_BASELINE,USD,,https://collegescorecard.ed.gov/school/?228246,CORE_BASELINE_RESEARCHED;AID_POLICY_DEEP_REVIEW_PENDING;APP_FEE_PENDING
64,george-washington-university,George Washington University,George Washington University,131469,US,DC,Washington,PRIVATE_NONPROFIT,National University,COMMON_APP,COMMON_APP,,true,true,HIGH,https://collegescorecard.ed.gov/school/?131469,2026-09-14,LATEST_FEDERAL_AVAILABLE_AS_OF_2026-09-13,,,,43.54,,1350,,1500,31,,34,OPTIONAL,VERIFIED_2026_27_FAIRTEST,,https://collegescorecard.ed.gov/school/?131469,https://fairtest.org/test-optional-list/,Latest available College Scorecard/IPEDS fields; not represented as 2026-27 outcomes. SAT bounds sum the corresponding official section percentiles; SAT/ACT medians and application fee remain blank unless directly sourced.,UNKNOWN,UNKNOWN,UNKNOWN,PENDING_CURRENT_VERIFICATION,64990,,,80727,LATEST_FEDERAL_OR_SOURCE_REPORTED_BASELINE,USD,,https://collegescorecard.ed.gov/school/?131469,CORE_BASELINE_RESEARCHED;AID_POLICY_DEEP_REVIEW_PENDING;APP_FEE_PENDING
65,pennsylvania-state-university,Pennsylvania State University-Main Campus,Pennsylvania State University-Main Campus,214777,US,PA,University Park,PUBLIC,National University,COMMON_APP,COMMON_APP,,true,true,HIGH,https://collegescorecard.ed.gov/school/?214777,2026-09-14,LATEST_FEDERAL_AVAILABLE_AS_OF_2026-09-13,,,,54.22,,1220,,1400,27,,32,OPTIONAL,VERIFIED_2026_27_FAIRTEST,,https://collegescorecard.ed.gov/school/?214777,https://www.pennwest.edu/admissions,Latest available College Scorecard/IPEDS fields; not represented as 2026-27 outcomes. SAT bounds sum the corresponding official section percentiles; SAT/ACT medians and application fee remain blank unless directly sourced.,UNKNOWN,UNKNOWN,UNKNOWN,PENDING_CURRENT_VERIFICATION,40188,,,,LATEST_FEDERAL_OR_SOURCE_REPORTED_BASELINE,USD,,https://collegescorecard.ed.gov/school/?214777,CORE_BASELINE_RESEARCHED;AID_POLICY_DEEP_REVIEW_PENDING;APP_FEE_PENDING;COA_PENDING
66,university-of-minnesota-twin-cities,University of Minnesota-Twin Cities,University of Minnesota-Twin Cities,174066,US,MN,Minneapolis,PUBLIC,National University,COMMON_APP,COMMON_APP,,true,true,HIGH,https://collegescorecard.ed.gov/school/?174066,2026-09-14,LATEST_FEDERAL_AVAILABLE_AS_OF_2026-09-13,,,,77.03,,1310,,1480,27,,31,OPTIONAL,VERIFIED_2026_27_FAIRTEST,,https://collegescorecard.ed.gov/school/?174066,https://admissions.tc.umn.edu/apply/application-checklist/application-checklist-freshman,Latest available College Scorecard/IPEDS fields; not represented as 2026-27 outcomes. SAT bounds sum the corresponding official section percentiles; SAT/ACT medians and application fee remain blank unless directly sourced.,UNKNOWN,UNKNOWN,UNKNOWN,PENDING_CURRENT_VERIFICATION,36402,,,,LATEST_FEDERAL_OR_SOURCE_REPORTED_BASELINE,USD,,https://collegescorecard.ed.gov/school/?174066,CORE_BASELINE_RESEARCHED;AID_POLICY_DEEP_REVIEW_PENDING;APP_FEE_PENDING;COA_PENDING
67,indiana-university-bloomington,Indiana University-Bloomington,Indiana University-Bloomington,151351,US,IN,Bloomington,PUBLIC,National University,COMMON_APP,COMMON_APP,,true,true,HIGH,https://collegescorecard.ed.gov/school/?151351,2026-09-14,LATEST_FEDERAL_AVAILABLE_AS_OF_2026-09-13,,,,80.37,,1170,,1400,27,,32,OPTIONAL,VERIFIED_2026_27_FAIRTEST,,https://collegescorecard.ed.gov/school/?151351,"https://admissions.indiana.edu/test-optional/index.html#:~:text=IU%20Bloomington%20has%20adopted%20a,as%20part%20of%20the%20application.",Latest available College Scorecard/IPEDS fields; not represented as 2026-27 outcomes. SAT bounds sum the corresponding official section percentiles; SAT/ACT medians and application fee remain blank unless directly sourced.,UNKNOWN,UNKNOWN,UNKNOWN,PENDING_CURRENT_VERIFICATION,40482,,,,LATEST_FEDERAL_OR_SOURCE_REPORTED_BASELINE,USD,,https://collegescorecard.ed.gov/school/?151351,CORE_BASELINE_RESEARCHED;AID_POLICY_DEEP_REVIEW_PENDING;APP_FEE_PENDING;COA_PENDING
68,michigan-state-university,Michigan State University,Michigan State University,171100,US,MI,East Lansing,PUBLIC,National University,COMMON_APP,COMMON_APP,,true,true,HIGH,https://collegescorecard.ed.gov/school/?171100,2026-09-14,LATEST_FEDERAL_AVAILABLE_AS_OF_2026-09-13,,,,83.92,,1150,,1350,26,,31,OPTIONAL,VERIFIED_2026_27_FAIRTEST,,https://collegescorecard.ed.gov/school/?171100,https://admissions.msu.edu/apply/first-year/act-sat-test-optional,Latest available College Scorecard/IPEDS fields; not represented as 2026-27 outcomes. SAT bounds sum the corresponding official section percentiles; SAT/ACT medians and application fee remain blank unless directly sourced.,UNKNOWN,UNKNOWN,UNKNOWN,PENDING_CURRENT_VERIFICATION,43372,,,,LATEST_FEDERAL_OR_SOURCE_REPORTED_BASELINE,USD,,https://collegescorecard.ed.gov/school/?171100,CORE_BASELINE_RESEARCHED;AID_POLICY_DEEP_REVIEW_PENDING;APP_FEE_PENDING;COA_PENDING
69,north-carolina-state-university,North Carolina State University,North Carolina State University at Raleigh,199193,US,NC,Raleigh,PUBLIC,National University,COMMON_APP,COMMON_APP,,true,true,HIGH,https://www.collegedata.fyi/schools/north-carolina-state-university-at-raleigh,2026-09-14,IPEDS 2024 baseline; latest archived CDS 2022-23,44047,18385,5839,41.74,31.76,,,,28,30,32,OPTIONAL,VERIFIED_2026_27_FAIRTEST,,https://www.collegedata.fyi/schools/north-carolina-state-university-at-raleigh,https://www.northcarolina.edu/standard-test-requirement-waiver/,"Latest available College Scorecard/IPEDS fields; not represented as 2026-27 outcomes. SAT bounds sum the corresponding official section percentiles; SAT/ACT medians and application fee remain blank unless directly sourced. Corrected from erroneous North Carolina A&T State University match. Fresh core admissions/cost use IPEDS 2024; latest archived school CDS is older (2022-23), so SAT composite is intentionally blank rather than inferred.",UNKNOWN,UNKNOWN,UNKNOWN,PENDING_CURRENT_VERIFICATION,30583,2264,,51285,OUT_OF_STATE_ON_CAMPUS_IPEDS_2024,USD,,https://www.collegedata.fyi/schools/north-carolina-state-university-at-raleigh,CORE_BASELINE_RESEARCHED;IDENTITY_CORRECTED;AID_POLICY_DEEP_REVIEW_PENDING;APP_FEE_PENDING
70,university-of-california-santa-cruz,University of California-Santa Cruz,University of California-Santa Cruz,110714,US,CA,Santa Cruz,PUBLIC,National University,UC_APPLICATION,UC_APPLICATION,,false,true,HIGH,https://collegescorecard.ed.gov/school/?110714,2026-09-14,LATEST_FEDERAL_AVAILABLE_AS_OF_2026-09-13,,,,62.54,,,,,,,,BLIND,VERIFIED_2026_27_FAIRTEST,,https://collegescorecard.ed.gov/school/?110714,https://fairtest.org/test-optional-list/,Latest available College Scorecard/IPEDS fields; not represented as 2026-27 outcomes. SAT bounds sum the corresponding official section percentiles; SAT/ACT medians and application fee remain blank unless directly sourced.,UNKNOWN,UNKNOWN,UNKNOWN,PENDING_CURRENT_VERIFICATION,45337,,,,LATEST_FEDERAL_OR_SOURCE_REPORTED_BASELINE,USD,,https://collegescorecard.ed.gov/school/?110714,CORE_BASELINE_RESEARCHED;AID_POLICY_DEEP_REVIEW_PENDING;APP_FEE_PENDING;COA_PENDING
71,university-of-california-riverside,University of California-Riverside,University of California-Riverside,110671,US,CA,Riverside,PUBLIC,National University,UC_APPLICATION,UC_APPLICATION,,false,true,HIGH,https://collegescorecard.ed.gov/school/?110671,2026-09-14,LATEST_FEDERAL_AVAILABLE_AS_OF_2026-09-13,,,,63.3,,,,,,,,BLIND,VERIFIED_2026_27_FAIRTEST,,https://collegescorecard.ed.gov/school/?110671,https://fairtest.org/test-optional-list/,Latest available College Scorecard/IPEDS fields; not represented as 2026-27 outcomes. SAT bounds sum the corresponding official section percentiles; SAT/ACT medians and application fee remain blank unless directly sourced.,UNKNOWN,UNKNOWN,UNKNOWN,PENDING_CURRENT_VERIFICATION,44947,,,,LATEST_FEDERAL_OR_SOURCE_REPORTED_BASELINE,USD,,https://collegescorecard.ed.gov/school/?110671,CORE_BASELINE_RESEARCHED;AID_POLICY_DEEP_REVIEW_PENDING;APP_FEE_PENDING;COA_PENDING
72,university-of-colorado-boulder,University of Colorado Boulder,University of Colorado Boulder,126614,US,CO,Boulder,PUBLIC,National University,COMMON_APP,COMMON_APP,,true,true,HIGH,https://collegescorecard.ed.gov/school/?126614,2026-09-14,LATEST_FEDERAL_AVAILABLE_AS_OF_2026-09-13,,,,83.28,,1230,,1420,28,,33,OPTIONAL,VERIFIED_2026_27_FAIRTEST,,https://collegescorecard.ed.gov/school/?126614,https://www.colorado.edu/admissions/first-year/selection,Latest available College Scorecard/IPEDS fields; not represented as 2026-27 outcomes. SAT bounds sum the corresponding official section percentiles; SAT/ACT medians and application fee remain blank unless directly sourced.,UNKNOWN,UNKNOWN,UNKNOWN,PENDING_CURRENT_VERIFICATION,41943,,,,LATEST_FEDERAL_OR_SOURCE_REPORTED_BASELINE,USD,,https://collegescorecard.ed.gov/school/?126614,CORE_BASELINE_RESEARCHED;AID_POLICY_DEEP_REVIEW_PENDING;APP_FEE_PENDING;COA_PENDING
73,university-of-connecticut,University of Connecticut,University of Connecticut,129020,US,CT,Storrs,PUBLIC,National University,COMMON_APP,COMMON_APP,,true,true,HIGH,https://collegescorecard.ed.gov/school/?129020,2026-09-14,LATEST_FEDERAL_AVAILABLE_AS_OF_2026-09-13,,,,53.95,,1210,,1420,29,,33,OPTIONAL,VERIFIED_2026_27_FAIRTEST,,https://collegescorecard.ed.gov/school/?129020,https://admissions.uconn.edu/?p=574,Latest available College Scorecard/IPEDS fields; not represented as 2026-27 outcomes. SAT bounds sum the corresponding official section percentiles; SAT/ACT medians and application fee remain blank unless directly sourced.,UNKNOWN,UNKNOWN,UNKNOWN,PENDING_CURRENT_VERIFICATION,43034,,,,LATEST_FEDERAL_OR_SOURCE_REPORTED_BASELINE,USD,,https://collegescorecard.ed.gov/school/?129020,CORE_BASELINE_RESEARCHED;AID_POLICY_DEEP_REVIEW_PENDING;APP_FEE_PENDING;COA_PENDING
74,university-of-pittsburgh,University of Pittsburgh-Pittsburgh Campus,University of Pittsburgh-Pittsburgh Campus,215293,US,PA,Pittsburgh,PUBLIC,National University,COMMON_APP,COMMON_APP,,true,true,HIGH,https://collegescorecard.ed.gov/school/?215293,2026-09-14,LATEST_FEDERAL_AVAILABLE_AS_OF_2026-09-13,,,,49.7,,1270,,1450,29,,33,OPTIONAL,VERIFIED_2026_27_FAIRTEST,,https://collegescorecard.ed.gov/school/?215293,https://www.upb.pitt.edu/how-apply,Latest available College Scorecard/IPEDS fields; not represented as 2026-27 outcomes. SAT bounds sum the corresponding official section percentiles; SAT/ACT medians and application fee remain blank unless directly sourced.,UNKNOWN,UNKNOWN,UNKNOWN,PENDING_CURRENT_VERIFICATION,39890,,,,LATEST_FEDERAL_OR_SOURCE_REPORTED_BASELINE,USD,,https://collegescorecard.ed.gov/school/?215293,CORE_BASELINE_RESEARCHED;AID_POLICY_DEEP_REVIEW_PENDING;APP_FEE_PENDING;COA_PENDING
75,syracuse-university,Syracuse University,Syracuse University,196413,US,NY,Syracuse,PRIVATE_NONPROFIT,National University,COMMON_APP,COMMON_APP,,true,true,HIGH,https://collegescorecard.ed.gov/school/?196413,2026-09-14,LATEST_FEDERAL_AVAILABLE_AS_OF_2026-09-13,,,,41.69,,1260,,1430,28,,32,OPTIONAL,VERIFIED_2026_27_FAIRTEST,,https://collegescorecard.ed.gov/school/?196413,https://news.syr.edu/2026/05/29/syracuse-university-extends-test-optional-policy-for-fall-2027-admission/,Latest available College Scorecard/IPEDS fields; not represented as 2026-27 outcomes. SAT bounds sum the corresponding official section percentiles; SAT/ACT medians and application fee remain blank unless directly sourced.,UNKNOWN,UNKNOWN,UNKNOWN,PENDING_CURRENT_VERIFICATION,63061,,,80396,LATEST_FEDERAL_OR_SOURCE_REPORTED_BASELINE,USD,,https://collegescorecard.ed.gov/school/?196413,CORE_BASELINE_RESEARCHED;AID_POLICY_DEEP_REVIEW_PENDING;APP_FEE_PENDING
76,american-university,American University,American University,131159,US,DC,Washington,PRIVATE_NONPROFIT,National University,COMMON_APP,COMMON_APP,,true,true,HIGH,https://collegescorecard.ed.gov/school/?131159,2026-09-14,LATEST_FEDERAL_AVAILABLE_AS_OF_2026-09-13,,,,47.38,,1300,,1450,29,,33,OPTIONAL,VERIFIED_2026_27_FAIRTEST,,https://collegescorecard.ed.gov/school/?131159,https://fairtest.org/test-optional-list/,Latest available College Scorecard/IPEDS fields; not represented as 2026-27 outcomes. SAT bounds sum the corresponding official section percentiles; SAT/ACT medians and application fee remain blank unless directly sourced.,UNKNOWN,UNKNOWN,UNKNOWN,PENDING_CURRENT_VERIFICATION,56543,,,71549,LATEST_FEDERAL_OR_SOURCE_REPORTED_BASELINE,USD,,https://collegescorecard.ed.gov/school/?131159,CORE_BASELINE_RESEARCHED;AID_POLICY_DEEP_REVIEW_PENDING;APP_FEE_PENDING
77,baylor-university,Baylor University,Baylor University,223232,US,TX,Waco,PRIVATE_NONPROFIT,National University,COMMON_APP,COMMON_APP,,true,true,HIGH,https://collegescorecard.ed.gov/school/?223232,2026-09-14,LATEST_FEDERAL_AVAILABLE_AS_OF_2026-09-13,,,,50.99,,1210,,1400,27,,32,OPTIONAL,VERIFIED_2026_27_FAIRTEST,,https://collegescorecard.ed.gov/school/?223232,https://admissions.web.baylor.edu/admission/incoming-freshman/test-optional-process,Latest available College Scorecard/IPEDS fields; not represented as 2026-27 outcomes. SAT bounds sum the corresponding official section percentiles; SAT/ACT medians and application fee remain blank unless directly sourced.,UNKNOWN,UNKNOWN,UNKNOWN,PENDING_CURRENT_VERIFICATION,54844,,,70130,LATEST_FEDERAL_OR_SOURCE_REPORTED_BASELINE,USD,,https://collegescorecard.ed.gov/school/?223232,CORE_BASELINE_RESEARCHED;AID_POLICY_DEEP_REVIEW_PENDING;APP_FEE_PENDING
78,texas-christian-university,Texas Christian University,Texas Christian University,228875,US,TX,Fort Worth,PRIVATE_NONPROFIT,National University,COMMON_APP,COMMON_APP,,true,true,HIGH,https://collegescorecard.ed.gov/school/?228875,2026-09-14,LATEST_FEDERAL_AVAILABLE_AS_OF_2026-09-13,,,,42.6,,1150,,1375,26,,31,OPTIONAL,VERIFIED_2026_27_FAIRTEST,,https://collegescorecard.ed.gov/school/?228875,https://admissions.tcu.edu/apply/first-year/testing-policy-sat-act.php,Latest available College Scorecard/IPEDS fields; not represented as 2026-27 outcomes. SAT bounds sum the corresponding official section percentiles; SAT/ACT medians and application fee remain blank unless directly sourced.,UNKNOWN,UNKNOWN,UNKNOWN,PENDING_CURRENT_VERIFICATION,57220,,,72778,LATEST_FEDERAL_OR_SOURCE_REPORTED_BASELINE,USD,,https://collegescorecard.ed.gov/school/?228875,CORE_BASELINE_RESEARCHED;AID_POLICY_DEEP_REVIEW_PENDING;APP_FEE_PENDING
79,santa-clara-university,Santa Clara University,Santa Clara University,122931,US,CA,Santa Clara,PRIVATE_NONPROFIT,National University,COMMON_APP,COMMON_APP,,true,true,HIGH,https://collegescorecard.ed.gov/school/?122931,2026-09-14,LATEST_FEDERAL_AVAILABLE_AS_OF_2026-09-13,,,,43.84,,1340,,1500,30,,33,OPTIONAL,VERIFIED_2026_27_FAIRTEST,,https://collegescorecard.ed.gov/school/?122931,https://www.scu.edu/admission/undergraduate/first-year-students/test-optional/,Latest available College Scorecard/IPEDS fields; not represented as 2026-27 outcomes. SAT bounds sum the corresponding official section percentiles; SAT/ACT medians and application fee remain blank unless directly sourced.,UNKNOWN,UNKNOWN,UNKNOWN,PENDING_CURRENT_VERIFICATION,59241,,,77768,LATEST_FEDERAL_OR_SOURCE_REPORTED_BASELINE,USD,,https://collegescorecard.ed.gov/school/?122931,CORE_BASELINE_RESEARCHED;AID_POLICY_DEEP_REVIEW_PENDING;APP_FEE_PENDING
80,pepperdine-university,Pepperdine University,Pepperdine University,121150,US,CA,Malibu,PRIVATE_NONPROFIT,National University,COMMON_APP,COMMON_APP,,true,true,HIGH,https://collegescorecard.ed.gov/school/?121150,2026-09-14,LATEST_FEDERAL_AVAILABLE_AS_OF_2026-09-13,,,,49.85,,1250,,1450,26,,32,OPTIONAL,VERIFIED_2026_27_FAIRTEST,,https://collegescorecard.ed.gov/school/?121150,https://seaver.pepperdine.edu/admission/application/undergraduate/requirements/sat-act.htm,Latest available College Scorecard/IPEDS fields; not represented as 2026-27 outcomes. SAT bounds sum the corresponding official section percentiles; SAT/ACT medians and application fee remain blank unless directly sourced.,UNKNOWN,UNKNOWN,UNKNOWN,PENDING_CURRENT_VERIFICATION,66742,,,85202,LATEST_FEDERAL_OR_SOURCE_REPORTED_BASELINE,USD,,https://collegescorecard.ed.gov/school/?121150,CORE_BASELINE_RESEARCHED;AID_POLICY_DEEP_REVIEW_PENDING;APP_FEE_PENDING
81,fordham-university,Fordham University,Fordham University,191241,US,NY,Bronx,PRIVATE_NONPROFIT,National University,COMMON_APP,COMMON_APP,,true,true,HIGH,https://collegescorecard.ed.gov/school/?191241,2026-09-14,LATEST_FEDERAL_AVAILABLE_AS_OF_2026-09-13,,,,56.28,,1330,,1490,30,,33,OPTIONAL,VERIFIED_2026_27_FAIRTEST,,https://collegescorecard.ed.gov/school/?191241,https://www.fordham.edu/undergraduate-admission/apply/what-were-looking-for/testing-policy/,Latest available College Scorecard/IPEDS fields; not represented as 2026-27 outcomes. SAT bounds sum the corresponding official section percentiles; SAT/ACT medians and application fee remain blank unless directly sourced.,UNKNOWN,UNKNOWN,UNKNOWN,PENDING_CURRENT_VERIFICATION,61992,,,77351,LATEST_FEDERAL_OR_SOURCE_REPORTED_BASELINE,USD,,https://collegescorecard.ed.gov/school/?191241,CORE_BASELINE_RESEARCHED;AID_POLICY_DEEP_REVIEW_PENDING;APP_FEE_PENDING
82,stevens-institute-of-technology,Stevens Institute of Technology,Stevens Institute of Technology,186867,US,NJ,Hoboken,PRIVATE_NONPROFIT,National University,COMMON_APP,COMMON_APP,,true,true,HIGH,https://collegescorecard.ed.gov/school/?186867,2026-09-14,LATEST_FEDERAL_AVAILABLE_AS_OF_2026-09-13,,,,43.44,,1370,,1500,31,,34,OPTIONAL,VERIFIED_2026_27_FAIRTEST,,https://collegescorecard.ed.gov/school/?186867,https://www.stevens.edu/admission-aid/undergraduate-admissions/first-year-students,Latest available College Scorecard/IPEDS fields; not represented as 2026-27 outcomes. SAT bounds sum the corresponding official section percentiles; SAT/ACT medians and application fee remain blank unless directly sourced.,UNKNOWN,UNKNOWN,UNKNOWN,PENDING_CURRENT_VERIFICATION,60952,,,76449,LATEST_FEDERAL_OR_SOURCE_REPORTED_BASELINE,USD,,https://collegescorecard.ed.gov/school/?186867,CORE_BASELINE_RESEARCHED;AID_POLICY_DEEP_REVIEW_PENDING;APP_FEE_PENDING
83,worcester-polytechnic-institute,Worcester Polytechnic Institute,Worcester Polytechnic Institute,168421,US,MA,Worcester,PRIVATE_NONPROFIT,National University,COMMON_APP,COMMON_APP,,true,true,HIGH,https://collegescorecard.ed.gov/school/?168421,2026-09-14,LATEST_FEDERAL_AVAILABLE_AS_OF_2026-09-13,,,,58.5,,,,,,,,OPTIONAL,VERIFIED_2026_27_FAIRTEST,,https://collegescorecard.ed.gov/school/?168421,https://www.wpi.edu/admissions/undergraduate/apply/how-to,Latest available College Scorecard/IPEDS fields; not represented as 2026-27 outcomes. SAT bounds sum the corresponding official section percentiles; SAT/ACT medians and application fee remain blank unless directly sourced.,UNKNOWN,UNKNOWN,UNKNOWN,PENDING_CURRENT_VERIFICATION,59070,,,75678,LATEST_FEDERAL_OR_SOURCE_REPORTED_BASELINE,USD,,https://collegescorecard.ed.gov/school/?168421,CORE_BASELINE_RESEARCHED;AID_POLICY_DEEP_REVIEW_PENDING;APP_FEE_PENDING
84,drexel-university,Drexel University,Drexel University,212054,US,PA,Philadelphia,PRIVATE_NONPROFIT,National University,COMMON_APP,COMMON_APP,,true,true,HIGH,https://collegescorecard.ed.gov/school/?212054,2026-09-14,LATEST_FEDERAL_AVAILABLE_AS_OF_2026-09-13,,,,77.53,,1230,,1430,27,,33,OPTIONAL,VERIFIED_2026_27_FAIRTEST,,https://collegescorecard.ed.gov/school/?212054,https://drexel.edu/admissions/apply/undergrad-instructions/first-year-instructions/standardized-tests,Latest available College Scorecard/IPEDS fields; not represented as 2026-27 outcomes. SAT bounds sum the corresponding official section percentiles; SAT/ACT medians and application fee remain blank unless directly sourced.,UNKNOWN,UNKNOWN,UNKNOWN,PENDING_CURRENT_VERIFICATION,60663,,,75167,LATEST_FEDERAL_OR_SOURCE_REPORTED_BASELINE,USD,,https://collegescorecard.ed.gov/school/?212054,CORE_BASELINE_RESEARCHED;AID_POLICY_DEEP_REVIEW_PENDING;APP_FEE_PENDING
85,rochester-institute-of-technology,Rochester Institute of Technology,Rochester Institute of Technology,195003,US,NY,Rochester,PRIVATE_NONPROFIT,National University,COMMON_APP,COMMON_APP,,true,true,HIGH,https://collegescorecard.ed.gov/school/?195003,2026-09-14,LATEST_FEDERAL_AVAILABLE_AS_OF_2026-09-13,,,,71.4,,1280,,1460,29,,33,OPTIONAL,VERIFIED_2026_27_FAIRTEST,,https://collegescorecard.ed.gov/school/?195003,https://www.rit.edu/news/rit-will-no-longer-require-sat-or-act-scores-applicants-beginning-fall-2021,Latest available College Scorecard/IPEDS fields; not represented as 2026-27 outcomes. SAT bounds sum the corresponding official section percentiles; SAT/ACT medians and application fee remain blank unless directly sourced.,UNKNOWN,UNKNOWN,UNKNOWN,PENDING_CURRENT_VERIFICATION,57016,,,71714,LATEST_FEDERAL_OR_SOURCE_REPORTED_BASELINE,USD,,https://collegescorecard.ed.gov/school/?195003,CORE_BASELINE_RESEARCHED;AID_POLICY_DEEP_REVIEW_PENDING;APP_FEE_PENDING
86,stony-brook-university,Stony Brook University,Stony Brook University,196097,US,NY,Stony Brook,PUBLIC,National University,COMMON_APP,COMMON_APP;SUNY,,true,true,HIGH,https://collegescorecard.ed.gov/school/?196097,2026-09-14,LATEST_FEDERAL_AVAILABLE_AS_OF_2026-09-13,,,,49.01,,1320,,1490,28,,33,OPTIONAL,VERIFIED_2026_27_FAIRTEST,,https://collegescorecard.ed.gov/school/?196097,https://www.stonybrook.edu/undergraduate-admissions/apply/test-optional.php,Latest available College Scorecard/IPEDS fields; not represented as 2026-27 outcomes. SAT bounds sum the corresponding official section percentiles; SAT/ACT medians and application fee remain blank unless directly sourced.,UNKNOWN,UNKNOWN,UNKNOWN,PENDING_CURRENT_VERIFICATION,30350,,,,LATEST_FEDERAL_OR_SOURCE_REPORTED_BASELINE,USD,,https://collegescorecard.ed.gov/school/?196097,CORE_BASELINE_RESEARCHED;AID_POLICY_DEEP_REVIEW_PENDING;APP_FEE_PENDING;COA_PENDING
87,binghamton-university,Binghamton University,Binghamton University,196079,US,NY,Vestal,PUBLIC,National University,COMMON_APP,COMMON_APP;SUNY,,true,true,HIGH,https://collegescorecard.ed.gov/school/?196079,2026-09-14,LATEST_FEDERAL_AVAILABLE_AS_OF_2026-09-13,,,,37.73,,1320,,1490,29,,34,OPTIONAL,VERIFIED_2026_27_FAIRTEST,,https://collegescorecard.ed.gov/school/?196079,https://www.binghamton.edu/admissions/info/test-optional-faqs.html,Latest available College Scorecard/IPEDS fields; not represented as 2026-27 outcomes. SAT bounds sum the corresponding official section percentiles; SAT/ACT medians and application fee remain blank unless directly sourced.,UNKNOWN,UNKNOWN,UNKNOWN,PENDING_CURRENT_VERIFICATION,29453,,,29657,LATEST_FEDERAL_OR_SOURCE_REPORTED_BASELINE,USD,,https://collegescorecard.ed.gov/school/?196079,CORE_BASELINE_RESEARCHED;AID_POLICY_DEEP_REVIEW_PENDING;APP_FEE_PENDING
88,university-at-buffalo,University at Buffalo,University at Buffalo,196088,US,NY,Buffalo,PUBLIC,National University,COMMON_APP,COMMON_APP;SUNY,,true,true,HIGH,https://collegescorecard.ed.gov/school/?196088,2026-09-14,LATEST_FEDERAL_AVAILABLE_AS_OF_2026-09-13,,,,69.3,,1210,,1380,27,,32,OPTIONAL,VERIFIED_2026_27_FAIRTEST,,https://collegescorecard.ed.gov/school/?196088,https://www.buffalo.edu/admissions/apply/first-year.standardized-tests.html,Latest available College Scorecard/IPEDS fields; not represented as 2026-27 outcomes. SAT bounds sum the corresponding official section percentiles; SAT/ACT medians and application fee remain blank unless directly sourced.,UNKNOWN,UNKNOWN,UNKNOWN,PENDING_CURRENT_VERIFICATION,30572,,,,LATEST_FEDERAL_OR_SOURCE_REPORTED_BASELINE,USD,,https://collegescorecard.ed.gov/school/?196088,CORE_BASELINE_RESEARCHED;AID_POLICY_DEEP_REVIEW_PENDING;APP_FEE_PENDING;COA_PENDING
89,university-of-delaware,University of Delaware,University of Delaware,130943,US,DE,Newark,PUBLIC,National University,COMMON_APP,COMMON_APP,,true,true,HIGH,https://collegescorecard.ed.gov/school/?130943,2026-09-14,LATEST_FEDERAL_AVAILABLE_AS_OF_2026-09-13,,,,65.11,,1200,,1360,27,,31,OPTIONAL,VERIFIED_2026_27_FAIRTEST,,https://collegescorecard.ed.gov/school/?130943,https://www.udel.edu/apply/undergraduate-admissions/apply-to-ud/freshman-admissions/,Latest available College Scorecard/IPEDS fields; not represented as 2026-27 outcomes. SAT bounds sum the corresponding official section percentiles; SAT/ACT medians and application fee remain blank unless directly sourced.,UNKNOWN,UNKNOWN,UNKNOWN,PENDING_CURRENT_VERIFICATION,39720,,,,LATEST_FEDERAL_OR_SOURCE_REPORTED_BASELINE,USD,,https://collegescorecard.ed.gov/school/?130943,CORE_BASELINE_RESEARCHED;AID_POLICY_DEEP_REVIEW_PENDING;APP_FEE_PENDING;COA_PENDING
90,university-of-massachusetts-amherst,University of Massachusetts-Amherst,University of Massachusetts-Amherst,166629,US,MA,Amherst,PUBLIC,National University,COMMON_APP,COMMON_APP,,true,true,HIGH,https://collegescorecard.ed.gov/school/?166629,2026-09-14,LATEST_FEDERAL_AVAILABLE_AS_OF_2026-09-13,,,,57.77,,1300,,1480,29,,33,OPTIONAL,VERIFIED_2026_27_FAIRTEST,,https://collegescorecard.ed.gov/school/?166629,https://www.umass.edu/admissions/undergraduate-admissions/connect/information-policies/test-optional-policy,Latest available College Scorecard/IPEDS fields; not represented as 2026-27 outcomes. SAT bounds sum the corresponding official section percentiles; SAT/ACT medians and application fee remain blank unless directly sourced.,UNKNOWN,UNKNOWN,UNKNOWN,PENDING_CURRENT_VERIFICATION,39293,,,,LATEST_FEDERAL_OR_SOURCE_REPORTED_BASELINE,USD,,https://collegescorecard.ed.gov/school/?166629,CORE_BASELINE_RESEARCHED;AID_POLICY_DEEP_REVIEW_PENDING;APP_FEE_PENDING;COA_PENDING
91,university-of-iowa,University of Iowa,University of Iowa,153658,US,IA,Iowa City,PUBLIC,National University,COMMON_APP,COMMON_APP,,true,true,HIGH,https://collegescorecard.ed.gov/school/?153658,2026-09-14,LATEST_FEDERAL_AVAILABLE_AS_OF_2026-09-13,,,,84.67,,1130,,1320,22,,28,OPTIONAL,VERIFIED_2026_27_FAIRTEST,,https://collegescorecard.ed.gov/school/?153658,https://www.uidaho.edu/admissions/apply/first-year/admission-requirements/gpa-and-test-scores,Latest available College Scorecard/IPEDS fields; not represented as 2026-27 outcomes. SAT bounds sum the corresponding official section percentiles; SAT/ACT medians and application fee remain blank unless directly sourced.,UNKNOWN,UNKNOWN,UNKNOWN,PENDING_CURRENT_VERIFICATION,32927,,,,LATEST_FEDERAL_OR_SOURCE_REPORTED_BASELINE,USD,,https://collegescorecard.ed.gov/school/?153658,CORE_BASELINE_RESEARCHED;AID_POLICY_DEEP_REVIEW_PENDING;APP_FEE_PENDING;COA_PENDING
92,university-of-arizona,University of Arizona,University of Arizona,104179,US,AZ,Tucson,PUBLIC,National University,COMMON_APP,COMMON_APP,,true,true,HIGH,https://collegescorecard.ed.gov/school/?104179,2026-09-14,LATEST_FEDERAL_AVAILABLE_AS_OF_2026-09-13,,,,85.66,,1160,,1420,21,,30,OPTIONAL,VERIFIED_2026_27_FAIRTEST,,https://collegescorecard.ed.gov/school/?104179,https://www.arizona.edu/admissions/first-year/apply,Latest available College Scorecard/IPEDS fields; not represented as 2026-27 outcomes. SAT bounds sum the corresponding official section percentiles; SAT/ACT medians and application fee remain blank unless directly sourced.,UNKNOWN,UNKNOWN,UNKNOWN,PENDING_CURRENT_VERIFICATION,41095,,,,LATEST_FEDERAL_OR_SOURCE_REPORTED_BASELINE,USD,,https://collegescorecard.ed.gov/school/?104179,CORE_BASELINE_RESEARCHED;AID_POLICY_DEEP_REVIEW_PENDING;APP_FEE_PENDING;COA_PENDING
93,arizona-state-university,Arizona State University,Arizona State University Campus Immersion,104151,US,AZ,Tempe,PUBLIC,National University,COMMON_APP,COMMON_APP,,true,true,HIGH,https://www.collegedata.fyi/schools/arizona-state-university-campus-immersion,2026-09-14,CDS 2025-26 + IPEDS 2024 costs,69617,61533,13665,88.4,22.21,,,,,,,OPTIONAL,VERIFIED_2026_27_FAIRTEST,,https://www.collegedata.fyi/schools/arizona-state-university-campus-immersion/2025-26,https://admission.asu.edu/apply/first-year/admission,"Latest available College Scorecard/IPEDS fields; not represented as 2026-27 outcomes. SAT bounds sum the corresponding official section percentiles; SAT/ACT medians and application fee remain blank unless directly sourced. Corrected from erroneous ASU-West match. Current 2025-26 CDS admissions are used; standardized-test percentile totals were not meaningfully reported, so they remain blank.",UNKNOWN,UNKNOWN,UNKNOWN,PENDING_CURRENT_VERIFICATION,32394,745,,55091,OUT_OF_STATE_ON_CAMPUS_IPEDS_2024,USD,,https://www.collegedata.fyi/schools/arizona-state-university-campus-immersion/2025-26,CORE_BASELINE_RESEARCHED;IDENTITY_CORRECTED;AID_POLICY_DEEP_REVIEW_PENDING;APP_FEE_PENDING
94,university-of-oregon,University of Oregon,University of Oregon,209551,US,OR,Eugene,PUBLIC,National University,COMMON_APP,COMMON_APP,,true,true,HIGH,https://collegescorecard.ed.gov/school/?209551,2026-09-14,LATEST_FEDERAL_AVAILABLE_AS_OF_2026-09-13,,,,85.11,,1130,,1360,22,,30,OPTIONAL,VERIFIED_2026_27_FAIRTEST,,https://collegescorecard.ed.gov/school/?209551,https://admissions.uoregon.edu/testoptional,Latest available College Scorecard/IPEDS fields; not represented as 2026-27 outcomes. SAT bounds sum the corresponding official section percentiles; SAT/ACT medians and application fee remain blank unless directly sourced.,UNKNOWN,UNKNOWN,UNKNOWN,PENDING_CURRENT_VERIFICATION,43302,,,,LATEST_FEDERAL_OR_SOURCE_REPORTED_BASELINE,USD,,https://collegescorecard.ed.gov/school/?209551,CORE_BASELINE_RESEARCHED;AID_POLICY_DEEP_REVIEW_PENDING;APP_FEE_PENDING;COA_PENDING
95,oregon-state-university,Oregon State University,Oregon State University,209542,US,OR,Corvallis,PUBLIC,National University,COMMON_APP,COMMON_APP,,true,true,HIGH,https://collegescorecard.ed.gov/school/?209542,2026-09-14,LATEST_FEDERAL_AVAILABLE_AS_OF_2026-09-13,,,,78.85,,,,,,,,OPTIONAL,VERIFIED_2026_27_FAIRTEST,,https://collegescorecard.ed.gov/school/?209542,https://admissions.oregonstate.edu/admission-requirements-0,Latest available College Scorecard/IPEDS fields; not represented as 2026-27 outcomes. SAT bounds sum the corresponding official section percentiles; SAT/ACT medians and application fee remain blank unless directly sourced.,UNKNOWN,UNKNOWN,UNKNOWN,PENDING_CURRENT_VERIFICATION,35664,,,,LATEST_FEDERAL_OR_SOURCE_REPORTED_BASELINE,USD,,https://collegescorecard.ed.gov/school/?209542,CORE_BASELINE_RESEARCHED;AID_POLICY_DEEP_REVIEW_PENDING;APP_FEE_PENDING;COA_PENDING
96,university-of-utah,University of Utah,University of Utah,230764,US,UT,Salt Lake City,PUBLIC,National University,COMMON_APP,COMMON_APP,,true,true,HIGH,https://collegescorecard.ed.gov/school/?230764,2026-09-14,LATEST_FEDERAL_AVAILABLE_AS_OF_2026-09-13,,,,87.17,,1180,,1398,22,,29,OPTIONAL,VERIFIED_2026_27_FAIRTEST,,https://collegescorecard.ed.gov/school/?230764,https://www.ksl.com/article/50879586/university-of-utah-board-of-trustees-votes-to-retain-test-optional-admissions-policy,Latest available College Scorecard/IPEDS fields; not represented as 2026-27 outcomes. SAT bounds sum the corresponding official section percentiles; SAT/ACT medians and application fee remain blank unless directly sourced.,UNKNOWN,UNKNOWN,UNKNOWN,PENDING_CURRENT_VERIFICATION,29837,,,,LATEST_FEDERAL_OR_SOURCE_REPORTED_BASELINE,USD,,https://collegescorecard.ed.gov/school/?230764,CORE_BASELINE_RESEARCHED;AID_POLICY_DEEP_REVIEW_PENDING;APP_FEE_PENDING;COA_PENDING
97,brigham-young-university,Brigham Young University,Brigham Young University,230038,US,UT,Provo,PRIVATE_NONPROFIT,National University,INSTITUTIONAL,INSTITUTIONAL,,false,true,HIGH,https://collegescorecard.ed.gov/school/?230038,2026-09-14,LATEST_FEDERAL_AVAILABLE_AS_OF_2026-09-13,,,,69.19,,1290,,1450,28,,32,OPTIONAL,VERIFIED_2026_27_FAIRTEST,,https://collegescorecard.ed.gov/school/?230038,https://enrollment.byu.edu/admissions/educational-history,Latest available College Scorecard/IPEDS fields; not represented as 2026-27 outcomes. SAT bounds sum the corresponding official section percentiles; SAT/ACT medians and application fee remain blank unless directly sourced.,UNKNOWN,UNKNOWN,UNKNOWN,PENDING_CURRENT_VERIFICATION,6496,,,20879,LATEST_FEDERAL_OR_SOURCE_REPORTED_BASELINE,USD,,https://collegescorecard.ed.gov/school/?230038,CORE_BASELINE_RESEARCHED;AID_POLICY_DEEP_REVIEW_PENDING;APP_FEE_PENDING
98,colorado-school-of-mines,Colorado School of Mines,Colorado School of Mines,126775,US,CO,Golden,PUBLIC,National University,COMMON_APP,COMMON_APP,,true,true,HIGH,https://collegescorecard.ed.gov/school/?126775,2026-09-14,LATEST_FEDERAL_AVAILABLE_AS_OF_2026-09-13,,,,59.71,,1320,,1470,29,,33,OPTIONAL,VERIFIED_2026_27_FAIRTEST,,https://collegescorecard.ed.gov/school/?126775,https://www.mines.edu/undergraduate-admissions/first-year/,Latest available College Scorecard/IPEDS fields; not represented as 2026-27 outcomes. SAT bounds sum the corresponding official section percentiles; SAT/ACT medians and application fee remain blank unless directly sourced.,UNKNOWN,UNKNOWN,UNKNOWN,PENDING_CURRENT_VERIFICATION,44376,,,,LATEST_FEDERAL_OR_SOURCE_REPORTED_BASELINE,USD,,https://collegescorecard.ed.gov/school/?126775,CORE_BASELINE_RESEARCHED;AID_POLICY_DEEP_REVIEW_PENDING;APP_FEE_PENDING;COA_PENDING
99,auburn-university,Auburn University,Auburn University,100858,US,AL,Auburn,PUBLIC,National University,COMMON_APP,COMMON_APP,,true,true,HIGH,https://collegescorecard.ed.gov/school/?100858,2026-09-14,LATEST_FEDERAL_AVAILABLE_AS_OF_2026-09-13,,,,50.47,,1240,,1380,25,,31,REQUIRED,VERIFIED_2026_27_FAIRTEST,,https://collegescorecard.ed.gov/school/?100858,https://www.auburn.edu/admissions/prospective-students/freshmen/index.php,Latest available College Scorecard/IPEDS fields; not represented as 2026-27 outcomes. SAT bounds sum the corresponding official section percentiles; SAT/ACT medians and application fee remain blank unless directly sourced.,UNKNOWN,UNKNOWN,UNKNOWN,PENDING_CURRENT_VERIFICATION,33944,,,34402,LATEST_FEDERAL_OR_SOURCE_REPORTED_BASELINE,USD,,https://collegescorecard.ed.gov/school/?100858,CORE_BASELINE_RESEARCHED;AID_POLICY_DEEP_REVIEW_PENDING;APP_FEE_PENDING
100,university-of-tennessee-knoxville,The University of Tennessee-Knoxville,The University of Tennessee-Knoxville,221759,US,TN,Knoxville,PUBLIC,National University,COMMON_APP,COMMON_APP,,true,true,HIGH,https://collegescorecard.ed.gov/school/?221759,2026-09-14,LATEST_FEDERAL_AVAILABLE_AS_OF_2026-09-13,,,,45.99,,1190,,1340,25,,31,REQUIRED,VERIFIED_2026_27_FAIRTEST,,https://collegescorecard.ed.gov/school/?221759,https://www.wate.com/wp-content/uploads/sites/42/2023/09/UT-Admissions-policy-proposal.pdf,Latest available College Scorecard/IPEDS fields; not represented as 2026-27 outcomes. SAT bounds sum the corresponding official section percentiles; SAT/ACT medians and application fee remain blank unless directly sourced.,UNKNOWN,UNKNOWN,UNKNOWN,PENDING_CURRENT_VERIFICATION,31974,,,32658,LATEST_FEDERAL_OR_SOURCE_REPORTED_BASELINE,USD,,https://collegescorecard.ed.gov/school/?221759,CORE_BASELINE_RESEARCHED;AID_POLICY_DEEP_REVIEW_PENDING;APP_FEE_PENDING
101,university-of-alabama,The University of Alabama,The University of Alabama,100751,US,AL,Tuscaloosa,PUBLIC,National University,COMMON_APP,COMMON_APP,,true,true,HIGH,https://collegescorecard.ed.gov/school/?100751,2026-09-14,LATEST_FEDERAL_AVAILABLE_AS_OF_2026-09-13,,,,75.82,,1170,,1400,24,,31,OPTIONAL,VERIFIED_2026_27_FAIRTEST,,https://collegescorecard.ed.gov/school/?100751,https://www.uab.edu/reporter/in-the-know/uab-announces-phased-approach-to-update-admissions-review-process,Latest available College Scorecard/IPEDS fields; not represented as 2026-27 outcomes. SAT bounds sum the corresponding official section percentiles; SAT/ACT medians and application fee remain blank unless directly sourced.,UNKNOWN,UNKNOWN,UNKNOWN,PENDING_CURRENT_VERIFICATION,33200,,,,LATEST_FEDERAL_OR_SOURCE_REPORTED_BASELINE,USD,,https://collegescorecard.ed.gov/school/?100751,CORE_BASELINE_RESEARCHED;AID_POLICY_DEEP_REVIEW_PENDING;APP_FEE_PENDING;COA_PENDING
102,university-of-kentucky,University of Kentucky,University of Kentucky,157085,US,KY,Lexington,PUBLIC,National University,COMMON_APP,COMMON_APP,,true,true,HIGH,https://collegescorecard.ed.gov/school/?157085,2026-09-14,LATEST_FEDERAL_AVAILABLE_AS_OF_2026-09-13,,,,92.38,,1080,,1290,21,,28,OPTIONAL,VERIFIED_2026_27_FAIRTEST,,https://collegescorecard.ed.gov/school/?157085,https://admission.uky.edu/news/test-optional,Latest available College Scorecard/IPEDS fields; not represented as 2026-27 outcomes. SAT bounds sum the corresponding official section percentiles; SAT/ACT medians and application fee remain blank unless directly sourced.,UNKNOWN,UNKNOWN,UNKNOWN,PENDING_CURRENT_VERIFICATION,33406,,,,LATEST_FEDERAL_OR_SOURCE_REPORTED_BASELINE,USD,,https://collegescorecard.ed.gov/school/?157085,CORE_BASELINE_RESEARCHED;AID_POLICY_DEEP_REVIEW_PENDING;APP_FEE_PENDING;COA_PENDING
103,university-of-cincinnati,University of Cincinnati-Main Campus,University of Cincinnati-Main Campus,201885,US,OH,Cincinnati,PUBLIC,National University,COMMON_APP,COMMON_APP,,true,true,MEDIUM,https://collegescorecard.ed.gov/school/?201885,2026-09-14,LATEST_FEDERAL_AVAILABLE_AS_OF_2026-09-13,,,,87.67,,1150,,1360,24,,29,OPTIONAL,VERIFIED_2026_27_FAIRTEST,,https://collegescorecard.ed.gov/school/?201885,https://www.admissions.uc.edu/test-optional.html,Latest available College Scorecard/IPEDS fields; not represented as 2026-27 outcomes. SAT bounds sum the corresponding official section percentiles; SAT/ACT medians and application fee remain blank unless directly sourced.,UNKNOWN,UNKNOWN,UNKNOWN,PENDING_CURRENT_VERIFICATION,30582,,,,LATEST_FEDERAL_OR_SOURCE_REPORTED_BASELINE,USD,,https://collegescorecard.ed.gov/school/?201885,CORE_BASELINE_RESEARCHED;AID_POLICY_DEEP_REVIEW_PENDING;APP_FEE_PENDING;COA_PENDING
104,university-of-houston,University of Houston,University of Houston,225511,US,TX,Houston,PUBLIC,National University,COMMON_APP,COMMON_APP;APPLYTEXAS,,true,true,HIGH,https://collegescorecard.ed.gov/school/?225511,2026-09-14,LATEST_FEDERAL_AVAILABLE_AS_OF_2026-09-13,,,,69.53,,1150,,1330,23,,28,OPTIONAL,VERIFIED_2026_27_FAIRTEST,,https://collegescorecard.ed.gov/school/?225511,https://uh.edu/undergraduate-admissions/apply/freshman/,Latest available College Scorecard/IPEDS fields; not represented as 2026-27 outcomes. SAT bounds sum the corresponding official section percentiles; SAT/ACT medians and application fee remain blank unless directly sourced.,UNKNOWN,UNKNOWN,UNKNOWN,PENDING_CURRENT_VERIFICATION,22191,,,25056,LATEST_FEDERAL_OR_SOURCE_REPORTED_BASELINE,USD,,https://collegescorecard.ed.gov/school/?225511,CORE_BASELINE_RESEARCHED;AID_POLICY_DEEP_REVIEW_PENDING;APP_FEE_PENDING
105,university-of-south-florida,University of South Florida,University of South Florida,137351,US,FL,Tampa,PUBLIC,National University,COMMON_APP,COMMON_APP,,true,true,HIGH,https://collegescorecard.ed.gov/school/?137351,2026-09-14,LATEST_FEDERAL_AVAILABLE_AS_OF_2026-09-13,,,,40.96,,1140,,1330,24,,29,REQUIRED,VERIFIED_2026_27_FAIRTEST,,https://collegescorecard.ed.gov/school/?137351,https://fairtest.org/test-optional-list/,Latest available College Scorecard/IPEDS fields; not represented as 2026-27 outcomes. SAT bounds sum the corresponding official section percentiles; SAT/ACT medians and application fee remain blank unless directly sourced.,UNKNOWN,UNKNOWN,UNKNOWN,PENDING_CURRENT_VERIFICATION,17324,,,22301,LATEST_FEDERAL_OR_SOURCE_REPORTED_BASELINE,USD,,https://collegescorecard.ed.gov/school/?137351,CORE_BASELINE_RESEARCHED;AID_POLICY_DEEP_REVIEW_PENDING;APP_FEE_PENDING
106,university-of-central-florida,University of Central Florida,University of Central Florida,132903,US,FL,Orlando,PUBLIC,National University,COMMON_APP,COMMON_APP,,true,true,HIGH,https://collegescorecard.ed.gov/school/?132903,2026-09-14,LATEST_FEDERAL_AVAILABLE_AS_OF_2026-09-13,,,,39.52,,1190,,1350,25,,29,REQUIRED,VERIFIED_2026_27_FAIRTEST,,https://collegescorecard.ed.gov/school/?132903,https://fairtest.org/test-optional-list/,Latest available College Scorecard/IPEDS fields; not represented as 2026-27 outcomes. SAT bounds sum the corresponding official section percentiles; SAT/ACT medians and application fee remain blank unless directly sourced.,UNKNOWN,UNKNOWN,UNKNOWN,PENDING_CURRENT_VERIFICATION,22467,,,22819,LATEST_FEDERAL_OR_SOURCE_REPORTED_BASELINE,USD,,https://collegescorecard.ed.gov/school/?132903,CORE_BASELINE_RESEARCHED;AID_POLICY_DEEP_REVIEW_PENDING;APP_FEE_PENDING
107,florida-international-university,Florida International University,Florida International University,133951,US,FL,Miami,PUBLIC,National University,COMMON_APP,COMMON_APP,,true,true,HIGH,https://collegescorecard.ed.gov/school/?133951,2026-09-14,LATEST_FEDERAL_AVAILABLE_AS_OF_2026-09-13,,,,58.84,,1060,,1250,20,,26,REQUIRED,VERIFIED_2026_27_FAIRTEST,,https://collegescorecard.ed.gov/school/?133951,https://fairtest.org/test-optional-list/,Latest available College Scorecard/IPEDS fields; not represented as 2026-27 outcomes. SAT bounds sum the corresponding official section percentiles; SAT/ACT medians and application fee remain blank unless directly sourced.,UNKNOWN,UNKNOWN,UNKNOWN,PENDING_CURRENT_VERIFICATION,18963,,,20556,LATEST_FEDERAL_OR_SOURCE_REPORTED_BASELINE,USD,,https://collegescorecard.ed.gov/school/?133951,CORE_BASELINE_RESEARCHED;AID_POLICY_DEEP_REVIEW_PENDING;APP_FEE_PENDING
108,florida-atlantic-university,Florida Atlantic University,Florida Atlantic University,133669,US,FL,Boca Raton,PUBLIC,National University,COMMON_APP,COMMON_APP,,true,true,HIGH,https://collegescorecard.ed.gov/school/?133669,2026-09-14,LATEST_FEDERAL_AVAILABLE_AS_OF_2026-09-13,,,,73.44,,1040,,1210,20,,26,REQUIRED,VERIFIED_2026_27_FAIRTEST,,https://collegescorecard.ed.gov/school/?133669,https://fairtest.org/test-optional-list/,Latest available College Scorecard/IPEDS fields; not represented as 2026-27 outcomes. SAT bounds sum the corresponding official section percentiles; SAT/ACT medians and application fee remain blank unless directly sourced.,UNKNOWN,UNKNOWN,UNKNOWN,PENDING_CURRENT_VERIFICATION,17324,,,21054,LATEST_FEDERAL_OR_SOURCE_REPORTED_BASELINE,USD,,https://collegescorecard.ed.gov/school/?133669,CORE_BASELINE_RESEARCHED;AID_POLICY_DEEP_REVIEW_PENDING;APP_FEE_PENDING
109,george-mason-university,George Mason University,George Mason University,232186,US,VA,Fairfax,PUBLIC,National University,COMMON_APP,COMMON_APP,,true,true,HIGH,https://collegescorecard.ed.gov/school/?232186,2026-09-14,LATEST_FEDERAL_AVAILABLE_AS_OF_2026-09-13,,,,88.83,,1140,,1340,25,,30,OPTIONAL,VERIFIED_2026_27_FAIRTEST,,https://collegescorecard.ed.gov/school/?232186,https://www.gmu.edu/freshman/requirements/score-optional,Latest available College Scorecard/IPEDS fields; not represented as 2026-27 outcomes. SAT bounds sum the corresponding official section percentiles; SAT/ACT medians and application fee remain blank unless directly sourced.,UNKNOWN,UNKNOWN,UNKNOWN,PENDING_CURRENT_VERIFICATION,39397,,,,LATEST_FEDERAL_OR_SOURCE_REPORTED_BASELINE,USD,,https://collegescorecard.ed.gov/school/?232186,CORE_BASELINE_RESEARCHED;AID_POLICY_DEEP_REVIEW_PENDING;APP_FEE_PENDING;COA_PENDING
110,virginia-commonwealth-university,Virginia Commonwealth University,Virginia Commonwealth University,234030,US,VA,Richmond,PUBLIC,National University,COMMON_APP,COMMON_APP,,true,true,HIGH,https://collegescorecard.ed.gov/school/?234030,2026-09-14,LATEST_FEDERAL_AVAILABLE_AS_OF_2026-09-13,,,,93.06,,1030,,1270,22,,30,OPTIONAL,VERIFIED_2026_27_FAIRTEST,,https://collegescorecard.ed.gov/school/?234030,https://fairtest.org/test-optional-list/,Latest available College Scorecard/IPEDS fields; not represented as 2026-27 outcomes. SAT bounds sum the corresponding official section percentiles; SAT/ACT medians and application fee remain blank unless directly sourced.,UNKNOWN,UNKNOWN,UNKNOWN,PENDING_CURRENT_VERIFICATION,39042,,,,LATEST_FEDERAL_OR_SOURCE_REPORTED_BASELINE,USD,,https://collegescorecard.ed.gov/school/?234030,CORE_BASELINE_RESEARCHED;AID_POLICY_DEEP_REVIEW_PENDING;APP_FEE_PENDING;COA_PENDING
111,james-madison-university,James Madison University,James Madison University,232423,US,VA,Harrisonburg,PUBLIC,National University,COMMON_APP,COMMON_APP,,true,true,HIGH,https://collegescorecard.ed.gov/school/?232423,2026-09-14,LATEST_FEDERAL_AVAILABLE_AS_OF_2026-09-13,,,,76.25,,1170,,1320,25,,29,OPTIONAL,VERIFIED_2026_27_FAIRTEST,,https://collegescorecard.ed.gov/school/?232423,https://fairtest.org/test-optional-list/,Latest available College Scorecard/IPEDS fields; not represented as 2026-27 outcomes. SAT bounds sum the corresponding official section percentiles; SAT/ACT medians and application fee remain blank unless directly sourced.,UNKNOWN,UNKNOWN,UNKNOWN,PENDING_CURRENT_VERIFICATION,30790,,,,LATEST_FEDERAL_OR_SOURCE_REPORTED_BASELINE,USD,,https://collegescorecard.ed.gov/school/?232423,CORE_BASELINE_RESEARCHED;AID_POLICY_DEEP_REVIEW_PENDING;APP_FEE_PENDING;COA_PENDING
112,university-of-north-carolina-at-charlotte,University of North Carolina at Charlotte,University of North Carolina at Charlotte,199139,US,NC,Charlotte,PUBLIC,National University,COMMON_APP,COMMON_APP,,true,true,HIGH,https://collegescorecard.ed.gov/school/?199139,2026-09-14,LATEST_FEDERAL_AVAILABLE_AS_OF_2026-09-13,,,,80.21,,1110,,1320,21,,27,OPTIONAL,VERIFIED_2026_27_FAIRTEST,,https://collegescorecard.ed.gov/school/?199139,https://www.northcarolina.edu/students/admission/,Latest available College Scorecard/IPEDS fields; not represented as 2026-27 outcomes. SAT bounds sum the corresponding official section percentiles; SAT/ACT medians and application fee remain blank unless directly sourced.,UNKNOWN,UNKNOWN,UNKNOWN,PENDING_CURRENT_VERIFICATION,21876,,,22034,LATEST_FEDERAL_OR_SOURCE_REPORTED_BASELINE,USD,,https://collegescorecard.ed.gov/school/?199139,CORE_BASELINE_RESEARCHED;AID_POLICY_DEEP_REVIEW_PENDING;APP_FEE_PENDING
113,university-of-north-carolina-wilmington,University of North Carolina Wilmington,University of North Carolina Wilmington,199218,US,NC,Wilmington,PUBLIC,National University,COMMON_APP,COMMON_APP,,true,true,HIGH,https://collegescorecard.ed.gov/school/?199218,2026-09-14,LATEST_FEDERAL_AVAILABLE_AS_OF_2026-09-13,,,,74.01,,1220,,1360,24,,28,OPTIONAL,VERIFIED_2026_27_FAIRTEST,,https://collegescorecard.ed.gov/school/?199218,https://www.northcarolina.edu/students/admission/,Latest available College Scorecard/IPEDS fields; not represented as 2026-27 outcomes. SAT bounds sum the corresponding official section percentiles; SAT/ACT medians and application fee remain blank unless directly sourced.,UNKNOWN,UNKNOWN,UNKNOWN,PENDING_CURRENT_VERIFICATION,22985,,,25913,LATEST_FEDERAL_OR_SOURCE_REPORTED_BASELINE,USD,,https://collegescorecard.ed.gov/school/?199218,CORE_BASELINE_RESEARCHED;AID_POLICY_DEEP_REVIEW_PENDING;APP_FEE_PENDING
114,san-diego-state-university,San Diego State University,San Diego State University,122409,US,CA,San Diego,PUBLIC,National University,CAL_STATE_APPLY,CAL_STATE_APPLY,,false,true,HIGH,https://collegescorecard.ed.gov/school/?122409,2026-09-14,LATEST_FEDERAL_AVAILABLE_AS_OF_2026-09-13,,,,34.44,,,,,,,,BLIND,VERIFIED_2026_27_FAIRTEST,,https://collegescorecard.ed.gov/school/?122409,https://fairtest.org/test-optional-list/,Latest available College Scorecard/IPEDS fields; not represented as 2026-27 outcomes. SAT bounds sum the corresponding official section percentiles; SAT/ACT medians and application fee remain blank unless directly sourced.,UNKNOWN,UNKNOWN,UNKNOWN,PENDING_CURRENT_VERIFICATION,20170,,,27357,LATEST_FEDERAL_OR_SOURCE_REPORTED_BASELINE,USD,,https://collegescorecard.ed.gov/school/?122409,CORE_BASELINE_RESEARCHED;AID_POLICY_DEEP_REVIEW_PENDING;APP_FEE_PENDING
115,california-polytechnic-state-university-san-luis-obispo,California Polytechnic State University-San Luis Obispo,California Polytechnic State University-San Luis Obispo,110422,US,CA,San Luis Obispo,PUBLIC,National University,CAL_STATE_APPLY,CAL_STATE_APPLY,,false,true,HIGH,https://collegescorecard.ed.gov/school/?110422,2026-09-14,LATEST_FEDERAL_AVAILABLE_AS_OF_2026-09-13,,,,29.75,,,,,,,,BLIND,VERIFIED_2026_27_FAIRTEST,,https://collegescorecard.ed.gov/school/?110422,https://www.calstate.edu/apply/freshman/getting_into_the_csu/pages/testing-requirements.aspx,Latest available College Scorecard/IPEDS fields; not represented as 2026-27 outcomes. SAT bounds sum the corresponding official section percentiles; SAT/ACT medians and application fee remain blank unless directly sourced.,UNKNOWN,UNKNOWN,UNKNOWN,PENDING_CURRENT_VERIFICATION,30995,,,,LATEST_FEDERAL_OR_SOURCE_REPORTED_BASELINE,USD,,https://collegescorecard.ed.gov/school/?110422,CORE_BASELINE_RESEARCHED;AID_POLICY_DEEP_REVIEW_PENDING;APP_FEE_PENDING;COA_PENDING
116,san-jose-state-university,San Jose State University,San Jose State University,122755,US,CA,San Jose,PUBLIC,National University,CAL_STATE_APPLY,CAL_STATE_APPLY,,false,true,HIGH,https://collegescorecard.ed.gov/school/?122755,2026-09-14,LATEST_FEDERAL_AVAILABLE_AS_OF_2026-09-13,,,,80.23,,,,,,,,BLIND,VERIFIED_2026_27_FAIRTEST,,https://collegescorecard.ed.gov/school/?122755,https://fairtest.org/test-optional-list/,Latest available College Scorecard/IPEDS fields; not represented as 2026-27 outcomes. SAT bounds sum the corresponding official section percentiles; SAT/ACT medians and application fee remain blank unless directly sourced.,UNKNOWN,UNKNOWN,UNKNOWN,PENDING_CURRENT_VERIFICATION,19872,,,25695,LATEST_FEDERAL_OR_SOURCE_REPORTED_BASELINE,USD,,https://collegescorecard.ed.gov/school/?122755,CORE_BASELINE_RESEARCHED;AID_POLICY_DEEP_REVIEW_PENDING;APP_FEE_PENDING
117,california-state-university-long-beach,California State University-Long Beach,California State University-Long Beach,110583,US,CA,Long Beach,PUBLIC,National University,CAL_STATE_APPLY,CAL_STATE_APPLY,,false,true,HIGH,https://collegescorecard.ed.gov/school/?110583,2026-09-14,LATEST_FEDERAL_AVAILABLE_AS_OF_2026-09-13,,,,47.12,,,,,,,,BLIND,VERIFIED_2026_27_FAIRTEST,,https://collegescorecard.ed.gov/school/?110583,https://www.calstate.edu/apply/freshman/getting_into_the_csu/pages/testing-requirements.aspx,Latest available College Scorecard/IPEDS fields; not represented as 2026-27 outcomes. SAT bounds sum the corresponding official section percentiles; SAT/ACT medians and application fee remain blank unless directly sourced.,UNKNOWN,UNKNOWN,UNKNOWN,PENDING_CURRENT_VERIFICATION,18888,,,20310,LATEST_FEDERAL_OR_SOURCE_REPORTED_BASELINE,USD,,https://collegescorecard.ed.gov/school/?110583,CORE_BASELINE_RESEARCHED;AID_POLICY_DEEP_REVIEW_PENDING;APP_FEE_PENDING
118,california-state-university-fullerton,California State University-Fullerton,California State University-Fullerton,110565,US,CA,Fullerton,PUBLIC,National University,CAL_STATE_APPLY,CAL_STATE_APPLY,,false,true,HIGH,https://collegescorecard.ed.gov/school/?110565,2026-09-14,LATEST_FEDERAL_AVAILABLE_AS_OF_2026-09-13,,,,86.74,,,,,,,,BLIND,VERIFIED_2026_27_FAIRTEST,,https://collegescorecard.ed.gov/school/?110565,https://www.calstate.edu/apply/freshman/getting_into_the_csu/pages/testing-requirements.aspx,Latest available College Scorecard/IPEDS fields; not represented as 2026-27 outcomes. SAT bounds sum the corresponding official section percentiles; SAT/ACT medians and application fee remain blank unless directly sourced.,UNKNOWN,UNKNOWN,UNKNOWN,PENDING_CURRENT_VERIFICATION,18953,,,,LATEST_FEDERAL_OR_SOURCE_REPORTED_BASELINE,USD,,https://collegescorecard.ed.gov/school/?110565,CORE_BASELINE_RESEARCHED;AID_POLICY_DEEP_REVIEW_PENDING;APP_FEE_PENDING;COA_PENDING
119,university-of-california-merced,University of California-Merced,University of California-Merced,445188,US,CA,Merced,PUBLIC,National University,UC_APPLICATION,UC_APPLICATION,,false,true,HIGH,https://collegescorecard.ed.gov/school/?445188,2026-09-14,LATEST_FEDERAL_AVAILABLE_AS_OF_2026-09-13,,,,39.18,,,,,,,,BLIND,VERIFIED_2026_27_FAIRTEST,,https://collegescorecard.ed.gov/school/?445188,https://fairtest.org/test-optional-list/,Latest available College Scorecard/IPEDS fields; not represented as 2026-27 outcomes. SAT bounds sum the corresponding official section percentiles; SAT/ACT medians and application fee remain blank unless directly sourced.,UNKNOWN,UNKNOWN,UNKNOWN,PENDING_CURRENT_VERIFICATION,44944,,,,LATEST_FEDERAL_OR_SOURCE_REPORTED_BASELINE,USD,,https://collegescorecard.ed.gov/school/?445188,CORE_BASELINE_RESEARCHED;AID_POLICY_DEEP_REVIEW_PENDING;APP_FEE_PENDING;COA_PENDING
120,loyola-marymount-university,Loyola Marymount University,Loyola Marymount University,117946,US,CA,Los Angeles,PRIVATE_NONPROFIT,National University,COMMON_APP,COMMON_APP,,true,true,HIGH,https://collegescorecard.ed.gov/school/?117946,2026-09-14,LATEST_FEDERAL_AVAILABLE_AS_OF_2026-09-13,,,,40.29,,,,,,,,OPTIONAL,VERIFIED_2026_27_FAIRTEST,,https://collegescorecard.ed.gov/school/?117946,https://admission.lmu.edu/learnmore/prospectivestudents/frequentlyaskedquestions/,Latest available College Scorecard/IPEDS fields; not represented as 2026-27 outcomes. SAT bounds sum the corresponding official section percentiles; SAT/ACT medians and application fee remain blank unless directly sourced.,UNKNOWN,UNKNOWN,UNKNOWN,PENDING_CURRENT_VERIFICATION,58974,,,75867,LATEST_FEDERAL_OR_SOURCE_REPORTED_BASELINE,USD,,https://collegescorecard.ed.gov/school/?117946,CORE_BASELINE_RESEARCHED;AID_POLICY_DEEP_REVIEW_PENDING;APP_FEE_PENDING
121,university-of-san-francisco,University of San Francisco,University of San Francisco,122612,US,CA,San Francisco,PRIVATE_NONPROFIT,National University,COMMON_APP,COMMON_APP,,true,true,HIGH,https://collegescorecard.ed.gov/school/?122612,2026-09-14,LATEST_FEDERAL_AVAILABLE_AS_OF_2026-09-13,,,,50.77,,1210,,1390,26,,31,OPTIONAL,VERIFIED_2026_27_FAIRTEST,,https://collegescorecard.ed.gov/school/?122612,https://www.usfca.edu/admission/undergraduate/test-optional,Latest available College Scorecard/IPEDS fields; not represented as 2026-27 outcomes. SAT bounds sum the corresponding official section percentiles; SAT/ACT medians and application fee remain blank unless directly sourced.,UNKNOWN,UNKNOWN,UNKNOWN,PENDING_CURRENT_VERIFICATION,58222,,,76421,LATEST_FEDERAL_OR_SOURCE_REPORTED_BASELINE,USD,,https://collegescorecard.ed.gov/school/?122612,CORE_BASELINE_RESEARCHED;AID_POLICY_DEEP_REVIEW_PENDING;APP_FEE_PENDING
122,chapman-university,Chapman University,Chapman University,111948,US,CA,Orange,PRIVATE_NONPROFIT,National University,COMMON_APP,COMMON_APP,,true,true,HIGH,https://collegescorecard.ed.gov/school/?111948,2026-09-14,LATEST_FEDERAL_AVAILABLE_AS_OF_2026-09-13,,,,55.61,,1250,,1430,28,,32,OPTIONAL,VERIFIED_2026_27_FAIRTEST,,https://collegescorecard.ed.gov/school/?111948,https://www.chapman.edu/admission/undergraduate/how-to-apply/test-optional.aspx,Latest available College Scorecard/IPEDS fields; not represented as 2026-27 outcomes. SAT bounds sum the corresponding official section percentiles; SAT/ACT medians and application fee remain blank unless directly sourced.,UNKNOWN,UNKNOWN,UNKNOWN,PENDING_CURRENT_VERIFICATION,62784,,,81327,LATEST_FEDERAL_OR_SOURCE_REPORTED_BASELINE,USD,,https://collegescorecard.ed.gov/school/?111948,CORE_BASELINE_RESEARCHED;AID_POLICY_DEEP_REVIEW_PENDING;APP_FEE_PENDING
123,university-of-denver,University of Denver,University of Denver,127060,US,CO,Denver,PRIVATE_NONPROFIT,National University,COMMON_APP,COMMON_APP,,true,true,HIGH,https://collegescorecard.ed.gov/school/?127060,2026-09-14,LATEST_FEDERAL_AVAILABLE_AS_OF_2026-09-13,,,,71.19,,1240,,1410,29,,32,OPTIONAL,VERIFIED_2026_27_FAIRTEST,,https://collegescorecard.ed.gov/school/?127060,https://fairtest.org/test-optional-list/,Latest available College Scorecard/IPEDS fields; not represented as 2026-27 outcomes. SAT bounds sum the corresponding official section percentiles; SAT/ACT medians and application fee remain blank unless directly sourced.,UNKNOWN,UNKNOWN,UNKNOWN,PENDING_CURRENT_VERIFICATION,59340,,,75020,LATEST_FEDERAL_OR_SOURCE_REPORTED_BASELINE,USD,,https://collegescorecard.ed.gov/school/?127060,CORE_BASELINE_RESEARCHED;AID_POLICY_DEEP_REVIEW_PENDING;APP_FEE_PENDING
124,gonzaga-university,Gonzaga University,Gonzaga University,235316,US,WA,Spokane,PRIVATE_NONPROFIT,National University,COMMON_APP,COMMON_APP,,true,true,HIGH,https://collegescorecard.ed.gov/school/?235316,2026-09-14,LATEST_FEDERAL_AVAILABLE_AS_OF_2026-09-13,,,,75.96,,1220,,1410,26,,31,OPTIONAL,VERIFIED_2026_27_FAIRTEST,,https://collegescorecard.ed.gov/school/?235316,https://fairtest.org/test-optional-list/,Latest available College Scorecard/IPEDS fields; not represented as 2026-27 outcomes. SAT bounds sum the corresponding official section percentiles; SAT/ACT medians and application fee remain blank unless directly sourced.,UNKNOWN,UNKNOWN,UNKNOWN,PENDING_CURRENT_VERIFICATION,53500,,,69290,LATEST_FEDERAL_OR_SOURCE_REPORTED_BASELINE,USD,,https://collegescorecard.ed.gov/school/?235316,CORE_BASELINE_RESEARCHED;AID_POLICY_DEEP_REVIEW_PENDING;APP_FEE_PENDING
125,seattle-university,Seattle University,Seattle University,236595,US,WA,Seattle,PRIVATE_NONPROFIT,National University,COMMON_APP,COMMON_APP,,true,true,HIGH,https://collegescorecard.ed.gov/school/?236595,2026-09-14,LATEST_FEDERAL_AVAILABLE_AS_OF_2026-09-13,,,,76.05,,1130,,1350,23,,30,OPTIONAL,VERIFIED_2026_27_FAIRTEST,,https://collegescorecard.ed.gov/school/?236595,https://www.seattleu.edu/undergraduate-admissions/apply/freshman/requirements/sat-and-act-exams/test-optional-admissions,Latest available College Scorecard/IPEDS fields; not represented as 2026-27 outcomes. SAT bounds sum the corresponding official section percentiles; SAT/ACT medians and application fee remain blank unless directly sourced.,UNKNOWN,UNKNOWN,UNKNOWN,PENDING_CURRENT_VERIFICATION,54285,,,68633,LATEST_FEDERAL_OR_SOURCE_REPORTED_BASELINE,USD,,https://collegescorecard.ed.gov/school/?236595,CORE_BASELINE_RESEARCHED;AID_POLICY_DEEP_REVIEW_PENDING;APP_FEE_PENDING
126,university-of-portland,University of Portland,University of Portland,209825,US,OR,Portland,PRIVATE_NONPROFIT,National University,COMMON_APP,COMMON_APP,,true,true,HIGH,https://collegescorecard.ed.gov/school/?209825,2026-09-14,LATEST_FEDERAL_AVAILABLE_AS_OF_2026-09-13,,,,95.39,,1190,,1356,25,,30,OPTIONAL,VERIFIED_2026_27_FAIRTEST,,https://collegescorecard.ed.gov/school/?209825,https://www.up.edu/admissions-aid/first-year-students/index.html,Latest available College Scorecard/IPEDS fields; not represented as 2026-27 outcomes. SAT bounds sum the corresponding official section percentiles; SAT/ACT medians and application fee remain blank unless directly sourced.,UNKNOWN,UNKNOWN,UNKNOWN,PENDING_CURRENT_VERIFICATION,54900,,,69183,LATEST_FEDERAL_OR_SOURCE_REPORTED_BASELINE,USD,,https://collegescorecard.ed.gov/school/?209825,CORE_BASELINE_RESEARCHED;AID_POLICY_DEEP_REVIEW_PENDING;APP_FEE_PENDING
127,williams-college,Williams College,Williams College,168342,US,MA,Williamstown,PRIVATE_NONPROFIT,Liberal Arts College,COMMON_APP,COMMON_APP,,true,true,HIGH,https://collegescorecard.ed.gov/school/?168342,2026-09-14,LATEST_FEDERAL_AVAILABLE_AS_OF_2026-09-13,,,,9.99,,1470,,1560,33,,35,OPTIONAL,VERIFIED_2026_27_FAIRTEST,,https://collegescorecard.ed.gov/school/?168342,https://hub.williams.edu/institutional-research/files/2026/04/Williams-CDS-2025-2026-V2.pdf,Latest available College Scorecard/IPEDS fields; not represented as 2026-27 outcomes. SAT bounds sum the corresponding official section percentiles; SAT/ACT medians and application fee remain blank unless directly sourced.,UNKNOWN,UNKNOWN,UNKNOWN,PENDING_CURRENT_VERIFICATION,64860,,,81164,LATEST_FEDERAL_OR_SOURCE_REPORTED_BASELINE,USD,,https://collegescorecard.ed.gov/school/?168342,CORE_BASELINE_RESEARCHED;AID_POLICY_DEEP_REVIEW_PENDING;APP_FEE_PENDING
128,amherst-college,Amherst College,Amherst College,164465,US,MA,Amherst,PRIVATE_NONPROFIT,Liberal Arts College,COMMON_APP,COMMON_APP,,true,true,HIGH,https://collegescorecard.ed.gov/school/?164465,2026-09-14,LATEST_FEDERAL_AVAILABLE_AS_OF_2026-09-13,,,,9.82,,1360,,1550,31,,35,OPTIONAL,VERIFIED_2026_27_FAIRTEST,,https://collegescorecard.ed.gov/school/?164465,https://www.amherst.edu/admission/apply/firstyear/testing,Latest available College Scorecard/IPEDS fields; not represented as 2026-27 outcomes. SAT bounds sum the corresponding official section percentiles; SAT/ACT medians and application fee remain blank unless directly sourced.,NEED_BLIND,YES,YES,VERIFIED_CURRENT_OFFICIAL,67280,,,83650,LATEST_FEDERAL_OR_SOURCE_REPORTED_BASELINE,USD,https://www.amherst.edu/admission/financial_aid/international,https://collegescorecard.ed.gov/school/?164465,CORE_BASELINE_RESEARCHED;APP_FEE_PENDING
129,swarthmore-college,Swarthmore College,Swarthmore College,216287,US,PA,Swarthmore,PRIVATE_NONPROFIT,Liberal Arts College,COMMON_APP,COMMON_APP,,true,true,HIGH,https://collegescorecard.ed.gov/school/?216287,2026-09-14,LATEST_FEDERAL_AVAILABLE_AS_OF_2026-09-13,,,,6.94,,1460,,1560,33,,34,OPTIONAL,VERIFIED_2026_27_FAIRTEST,,https://collegescorecard.ed.gov/school/?216287,https://swarthmorephoenix.com/2025/11/20/swarthmore-continues-test-optional-policy-2/,Latest available College Scorecard/IPEDS fields; not represented as 2026-27 outcomes. SAT bounds sum the corresponding official section percentiles; SAT/ACT medians and application fee remain blank unless directly sourced.,UNKNOWN,UNKNOWN,UNKNOWN,PENDING_CURRENT_VERIFICATION,62412,,,80014,LATEST_FEDERAL_OR_SOURCE_REPORTED_BASELINE,USD,,https://collegescorecard.ed.gov/school/?216287,CORE_BASELINE_RESEARCHED;AID_POLICY_DEEP_REVIEW_PENDING;APP_FEE_PENDING
130,pomona-college,Pomona College,Pomona College,121345,US,CA,Claremont,PRIVATE_NONPROFIT,Liberal Arts College,COMMON_APP,COMMON_APP,,true,true,HIGH,https://collegescorecard.ed.gov/school/?121345,2026-09-14,LATEST_FEDERAL_AVAILABLE_AS_OF_2026-09-13,,,,6.76,,1480,,1560,33,,35,OPTIONAL,VERIFIED_2026_27_FAIRTEST,,https://collegescorecard.ed.gov/school/?121345,https://www.pomona.edu/news/2023/11/15-pomona-college-makes-test-optional-admissions-policy-permanent,Latest available College Scorecard/IPEDS fields; not represented as 2026-27 outcomes. SAT bounds sum the corresponding official section percentiles; SAT/ACT medians and application fee remain blank unless directly sourced.,UNKNOWN,UNKNOWN,UNKNOWN,PENDING_CURRENT_VERIFICATION,62326,,,81196,LATEST_FEDERAL_OR_SOURCE_REPORTED_BASELINE,USD,,https://collegescorecard.ed.gov/school/?121345,CORE_BASELINE_RESEARCHED;AID_POLICY_DEEP_REVIEW_PENDING;APP_FEE_PENDING
131,wellesley-college,Wellesley College,Wellesley College,168218,US,MA,Wellesley,PRIVATE_NONPROFIT,Liberal Arts College,COMMON_APP,COMMON_APP,,true,true,HIGH,https://collegescorecard.ed.gov/school/?168218,2026-09-14,LATEST_FEDERAL_AVAILABLE_AS_OF_2026-09-13,,,,13.91,,1440,,1550,33,,35,OPTIONAL,VERIFIED_2026_27_FAIRTEST,,https://collegescorecard.ed.gov/school/?168218,https://www.wellesley.edu/admission-aid/apply,Latest available College Scorecard/IPEDS fields; not represented as 2026-27 outcomes. SAT bounds sum the corresponding official section percentiles; SAT/ACT medians and application fee remain blank unless directly sourced.,UNKNOWN,UNKNOWN,UNKNOWN,PENDING_CURRENT_VERIFICATION,64320,,,83050,LATEST_FEDERAL_OR_SOURCE_REPORTED_BASELINE,USD,,https://collegescorecard.ed.gov/school/?168218,CORE_BASELINE_RESEARCHED;AID_POLICY_DEEP_REVIEW_PENDING;APP_FEE_PENDING
132,bowdoin-college,Bowdoin College,Bowdoin College,161004,US,ME,Brunswick,PRIVATE_NONPROFIT,Liberal Arts College,COMMON_APP,COMMON_APP,,true,true,HIGH,https://collegescorecard.ed.gov/school/?161004,2026-09-14,LATEST_FEDERAL_AVAILABLE_AS_OF_2026-09-13,,,,8.02,,1480,,1550,33,,35,OPTIONAL,VERIFIED_2026_27_FAIRTEST,,https://collegescorecard.ed.gov/school/?161004,https://www.bowdoin.edu/admissions/our-process/test-optional-policy/index.html,Latest available College Scorecard/IPEDS fields; not represented as 2026-27 outcomes. SAT bounds sum the corresponding official section percentiles; SAT/ACT medians and application fee remain blank unless directly sourced.,NEED_BLIND,YES,YES,VERIFIED_CURRENT_OFFICIAL,64910,,,80390,LATEST_FEDERAL_OR_SOURCE_REPORTED_BASELINE,USD,https://www.bowdoin.edu/admissions/apply/international-students/,https://collegescorecard.ed.gov/school/?161004,CORE_BASELINE_RESEARCHED;APP_FEE_PENDING
133,claremont-mckenna-college,Claremont McKenna College,Claremont McKenna College,112260,US,CA,Claremont,PRIVATE_NONPROFIT,Liberal Arts College,COMMON_APP,COMMON_APP,,true,true,HIGH,https://collegescorecard.ed.gov/school/?112260,2026-09-14,LATEST_FEDERAL_AVAILABLE_AS_OF_2026-09-13,,,,11.12,,1450,,1560,33,,35,OPTIONAL,VERIFIED_2026_27_FAIRTEST,,https://collegescorecard.ed.gov/school/?112260,https://www.cmc.edu/admission/first-year-application-instructions#collapse-792,Latest available College Scorecard/IPEDS fields; not represented as 2026-27 outcomes. SAT bounds sum the corresponding official section percentiles; SAT/ACT medians and application fee remain blank unless directly sourced.,UNKNOWN,UNKNOWN,UNKNOWN,PENDING_CURRENT_VERIFICATION,64150,,,82127,LATEST_FEDERAL_OR_SOURCE_REPORTED_BASELINE,USD,,https://collegescorecard.ed.gov/school/?112260,CORE_BASELINE_RESEARCHED;AID_POLICY_DEEP_REVIEW_PENDING;APP_FEE_PENDING
134,carleton-college,Carleton College,Carleton College,173258,US,MN,Northfield,PRIVATE_NONPROFIT,Liberal Arts College,COMMON_APP,COMMON_APP,,true,true,HIGH,https://collegescorecard.ed.gov/school/?173258,2026-09-14,LATEST_FEDERAL_AVAILABLE_AS_OF_2026-09-13,,,,22.28,,1430,,1550,32,,34,OPTIONAL,VERIFIED_2026_27_FAIRTEST,,https://collegescorecard.ed.gov/school/?173258,https://www.carleton.edu/admissions/apply/steps/criteria/,Latest available College Scorecard/IPEDS fields; not represented as 2026-27 outcomes. SAT bounds sum the corresponding official section percentiles; SAT/ACT medians and application fee remain blank unless directly sourced.,UNKNOWN,UNKNOWN,UNKNOWN,PENDING_CURRENT_VERIFICATION,65457,,,81350,LATEST_FEDERAL_OR_SOURCE_REPORTED_BASELINE,USD,,https://collegescorecard.ed.gov/school/?173258,CORE_BASELINE_RESEARCHED;AID_POLICY_DEEP_REVIEW_PENDING;APP_FEE_PENDING
135,middlebury-college,Middlebury College,Middlebury College,230959,US,VT,Middlebury,PRIVATE_NONPROFIT,Liberal Arts College,COMMON_APP,COMMON_APP,,true,true,HIGH,https://collegescorecard.ed.gov/school/?230959,2026-09-14,LATEST_FEDERAL_AVAILABLE_AS_OF_2026-09-13,,,,10.37,,1430,,1550,33,,34,OPTIONAL,VERIFIED_2026_27_FAIRTEST,,https://collegescorecard.ed.gov/school/?230959,https://www.middlebury.edu/college/admissions/apply/standardized-tests,Latest available College Scorecard/IPEDS fields; not represented as 2026-27 outcomes. SAT bounds sum the corresponding official section percentiles; SAT/ACT medians and application fee remain blank unless directly sourced.,UNKNOWN,UNKNOWN,UNKNOWN,PENDING_CURRENT_VERIFICATION,65280,,,82260,LATEST_FEDERAL_OR_SOURCE_REPORTED_BASELINE,USD,,https://collegescorecard.ed.gov/school/?230959,CORE_BASELINE_RESEARCHED;AID_POLICY_DEEP_REVIEW_PENDING;APP_FEE_PENDING
136,barnard-college,Barnard College,Barnard College,189097,US,NY,New York,PRIVATE_NONPROFIT,Liberal Arts College,COMMON_APP,COMMON_APP,,true,true,HIGH,https://collegescorecard.ed.gov/school/?189097,2026-09-14,LATEST_FEDERAL_AVAILABLE_AS_OF_2026-09-13,,,,7.96,,1453,,1550,32,,34,OPTIONAL,VERIFIED_2026_27_FAIRTEST,,https://collegescorecard.ed.gov/school/?189097,https://barnard.edu/temporary-test-optional-policy-faq,Latest available College Scorecard/IPEDS fields; not represented as 2026-27 outcomes. SAT bounds sum the corresponding official section percentiles; SAT/ACT medians and application fee remain blank unless directly sourced.,UNKNOWN,UNKNOWN,UNKNOWN,PENDING_CURRENT_VERIFICATION,66246,,,84023,LATEST_FEDERAL_OR_SOURCE_REPORTED_BASELINE,USD,,https://collegescorecard.ed.gov/school/?189097,CORE_BASELINE_RESEARCHED;AID_POLICY_DEEP_REVIEW_PENDING;APP_FEE_PENDING
137,harvey-mudd-college,Harvey Mudd College,Harvey Mudd College,115409,US,CA,Claremont,PRIVATE_NONPROFIT,Liberal Arts College,COMMON_APP,COMMON_APP,,true,true,HIGH,https://collegescorecard.ed.gov/school/?115409,2026-09-14,LATEST_FEDERAL_AVAILABLE_AS_OF_2026-09-13,,,,13.06,,1480,,1560,34,,36,OPTIONAL,VERIFIED_2026_27_FAIRTEST,,https://collegescorecard.ed.gov/school/?115409,https://www.hmc.edu/admission/apply/first-year-students/,Latest available College Scorecard/IPEDS fields; not represented as 2026-27 outcomes. SAT bounds sum the corresponding official section percentiles; SAT/ACT medians and application fee remain blank unless directly sourced.,UNKNOWN,UNKNOWN,UNKNOWN,PENDING_CURRENT_VERIFICATION,66255,,,84896,LATEST_FEDERAL_OR_SOURCE_REPORTED_BASELINE,USD,,https://collegescorecard.ed.gov/school/?115409,CORE_BASELINE_RESEARCHED;AID_POLICY_DEEP_REVIEW_PENDING;APP_FEE_PENDING
138,wesleyan-university,Wesleyan University,Wesleyan University,130697,US,CT,Middletown,PRIVATE_NONPROFIT,Liberal Arts College,COMMON_APP,COMMON_APP,,true,true,HIGH,https://collegescorecard.ed.gov/school/?130697,2026-09-14,LATEST_FEDERAL_AVAILABLE_AS_OF_2026-09-13,,,,17.1,,1450,,1540,33,,35,OPTIONAL,VERIFIED_2026_27_FAIRTEST,,https://collegescorecard.ed.gov/school/?130697,"https://www.wesleyan.edu/admission/apply/application-process.html#:~:text=Standardized%20Testing%E2%80%94Wesleyan%20does%20not,of%20the%20application%20for%20admission.",Latest available College Scorecard/IPEDS fields; not represented as 2026-27 outcomes. SAT bounds sum the corresponding official section percentiles; SAT/ACT medians and application fee remain blank unless directly sourced.,UNKNOWN,UNKNOWN,UNKNOWN,PENDING_CURRENT_VERIFICATION,67316,,,85172,LATEST_FEDERAL_OR_SOURCE_REPORTED_BASELINE,USD,,https://collegescorecard.ed.gov/school/?130697,CORE_BASELINE_RESEARCHED;AID_POLICY_DEEP_REVIEW_PENDING;APP_FEE_PENDING
139,grinnell-college,Grinnell College,Grinnell College,153384,US,IA,Grinnell,PRIVATE_NONPROFIT,Liberal Arts College,COMMON_APP,COMMON_APP,,true,true,HIGH,https://collegescorecard.ed.gov/school/?153384,2026-09-14,LATEST_FEDERAL_AVAILABLE_AS_OF_2026-09-13,,,,12.68,,1418,,1550,31,,34,OPTIONAL,VERIFIED_2026_27_FAIRTEST,,https://collegescorecard.ed.gov/school/?153384,https://www.grinnell.edu/admission/apply/first-year/requirements#testing,Latest available College Scorecard/IPEDS fields; not represented as 2026-27 outcomes. SAT bounds sum the corresponding official section percentiles; SAT/ACT medians and application fee remain blank unless directly sourced.,UNKNOWN,UNKNOWN,UNKNOWN,PENDING_CURRENT_VERIFICATION,64862,,,79228,LATEST_FEDERAL_OR_SOURCE_REPORTED_BASELINE,USD,,https://collegescorecard.ed.gov/school/?153384,CORE_BASELINE_RESEARCHED;AID_POLICY_DEEP_REVIEW_PENDING;APP_FEE_PENDING
140,hamilton-college,Hamilton College,Hamilton College,191515,US,NY,Clinton,PRIVATE_NONPROFIT,Liberal Arts College,COMMON_APP,COMMON_APP,,true,true,HIGH,https://collegescorecard.ed.gov/school/?191515,2026-09-14,LATEST_FEDERAL_AVAILABLE_AS_OF_2026-09-13,,,,11.77,,1410,,1550,32,,35,OPTIONAL,VERIFIED_2026_27_FAIRTEST,,https://collegescorecard.ed.gov/school/?191515,https://www.hamilton.edu/admission/apply/testing,Latest available College Scorecard/IPEDS fields; not represented as 2026-27 outcomes. SAT bounds sum the corresponding official section percentiles; SAT/ACT medians and application fee remain blank unless directly sourced.,UNKNOWN,UNKNOWN,UNKNOWN,PENDING_CURRENT_VERIFICATION,65740,,,80380,LATEST_FEDERAL_OR_SOURCE_REPORTED_BASELINE,USD,,https://collegescorecard.ed.gov/school/?191515,CORE_BASELINE_RESEARCHED;AID_POLICY_DEEP_REVIEW_PENDING;APP_FEE_PENDING
141,haverford-college,Haverford College,Haverford College,212911,US,PA,Haverford,PRIVATE_NONPROFIT,Liberal Arts College,COMMON_APP,COMMON_APP,,true,true,HIGH,https://collegescorecard.ed.gov/school/?212911,2026-09-14,LATEST_FEDERAL_AVAILABLE_AS_OF_2026-09-13,,,,12.91,,1430,,1540,33,,35,OPTIONAL,VERIFIED_2026_27_FAIRTEST,,https://collegescorecard.ed.gov/school/?212911,http://haverfordclerk.com/tried-and-true-haverford-goes-permanently-test-optional/,Latest available College Scorecard/IPEDS fields; not represented as 2026-27 outcomes. SAT bounds sum the corresponding official section percentiles; SAT/ACT medians and application fee remain blank unless directly sourced.,UNKNOWN,UNKNOWN,UNKNOWN,PENDING_CURRENT_VERIFICATION,68300,,,84605,LATEST_FEDERAL_OR_SOURCE_REPORTED_BASELINE,USD,,https://collegescorecard.ed.gov/school/?212911,CORE_BASELINE_RESEARCHED;AID_POLICY_DEEP_REVIEW_PENDING;APP_FEE_PENDING
142,smith-college,Smith College,Smith College,167835,US,MA,Northampton,PRIVATE_NONPROFIT,Liberal Arts College,COMMON_APP,COMMON_APP,,true,true,HIGH,https://collegescorecard.ed.gov/school/?167835,2026-09-14,LATEST_FEDERAL_AVAILABLE_AS_OF_2026-09-13,,,,19.73,,1408,,1540,32,,34,OPTIONAL,VERIFIED_2026_27_FAIRTEST,,https://collegescorecard.ed.gov/school/?167835,https://fairtest.org/test-optional-list/,Latest available College Scorecard/IPEDS fields; not represented as 2026-27 outcomes. SAT bounds sum the corresponding official section percentiles; SAT/ACT medians and application fee remain blank unless directly sourced.,UNKNOWN,UNKNOWN,UNKNOWN,PENDING_CURRENT_VERIFICATION,61568,,,82134,LATEST_FEDERAL_OR_SOURCE_REPORTED_BASELINE,USD,,https://collegescorecard.ed.gov/school/?167835,CORE_BASELINE_RESEARCHED;AID_POLICY_DEEP_REVIEW_PENDING;APP_FEE_PENDING
143,vassar-college,Vassar College,Vassar College,197133,US,NY,Poughkeepsie,PRIVATE_NONPROFIT,Liberal Arts College,COMMON_APP,COMMON_APP,,true,true,HIGH,https://collegescorecard.ed.gov/school/?197133,2026-09-14,LATEST_FEDERAL_AVAILABLE_AS_OF_2026-09-13,,,,17.73,,1435,,1550,33,,35,OPTIONAL,VERIFIED_2026_27_FAIRTEST,,https://collegescorecard.ed.gov/school/?197133,https://www.vassar.edu/news/vassar-makes-test-optional-policy-permanent-applicants,Latest available College Scorecard/IPEDS fields; not represented as 2026-27 outcomes. SAT bounds sum the corresponding official section percentiles; SAT/ACT medians and application fee remain blank unless directly sourced.,UNKNOWN,UNKNOWN,UNKNOWN,PENDING_CURRENT_VERIFICATION,67805,,,83573,LATEST_FEDERAL_OR_SOURCE_REPORTED_BASELINE,USD,,https://collegescorecard.ed.gov/school/?197133,CORE_BASELINE_RESEARCHED;AID_POLICY_DEEP_REVIEW_PENDING;APP_FEE_PENDING
144,colgate-university,Colgate University,Colgate University,190099,US,NY,Hamilton,PRIVATE_NONPROFIT,Liberal Arts College,COMMON_APP,COMMON_APP,,true,true,HIGH,https://collegescorecard.ed.gov/school/?190099,2026-09-14,LATEST_FEDERAL_AVAILABLE_AS_OF_2026-09-13,,,,11.95,,1430,,1530,33,,34,OPTIONAL,VERIFIED_2026_27_FAIRTEST,,https://collegescorecard.ed.gov/school/?190099,https://www.colgate.edu/news/stories/colgate-remain-test-optional-through-2026,Latest available College Scorecard/IPEDS fields; not represented as 2026-27 outcomes. SAT bounds sum the corresponding official section percentiles; SAT/ACT medians and application fee remain blank unless directly sourced.,UNKNOWN,UNKNOWN,UNKNOWN,PENDING_CURRENT_VERIFICATION,67024,,,83650,LATEST_FEDERAL_OR_SOURCE_REPORTED_BASELINE,USD,,https://collegescorecard.ed.gov/school/?190099,CORE_BASELINE_RESEARCHED;AID_POLICY_DEEP_REVIEW_PENDING;APP_FEE_PENDING
145,davidson-college,Davidson College,Davidson College,198385,US,NC,Davidson,PRIVATE_NONPROFIT,Liberal Arts College,COMMON_APP,COMMON_APP,,true,true,HIGH,https://collegescorecard.ed.gov/school/?198385,2026-09-14,LATEST_FEDERAL_AVAILABLE_AS_OF_2026-09-13,,,,14.48,,1360,,1510,31,,34,OPTIONAL,VERIFIED_2026_27_FAIRTEST,,https://collegescorecard.ed.gov/school/?198385,https://www.davidson.edu/news/2020/03/30/davidson-college-goes-test-optional-three-year-pilot,Latest available College Scorecard/IPEDS fields; not represented as 2026-27 outcomes. SAT bounds sum the corresponding official section percentiles; SAT/ACT medians and application fee remain blank unless directly sourced.,UNKNOWN,UNKNOWN,UNKNOWN,PENDING_CURRENT_VERIFICATION,60300,,,75865,LATEST_FEDERAL_OR_SOURCE_REPORTED_BASELINE,USD,,https://collegescorecard.ed.gov/school/?198385,CORE_BASELINE_RESEARCHED;AID_POLICY_DEEP_REVIEW_PENDING;APP_FEE_PENDING
146,washington-and-lee-university,Washington and Lee University,Washington and Lee University,234207,US,VA,Lexington,PRIVATE_NONPROFIT,Liberal Arts College,COMMON_APP,COMMON_APP,,true,true,HIGH,https://collegescorecard.ed.gov/school/?234207,2026-09-14,LATEST_FEDERAL_AVAILABLE_AS_OF_2026-09-13,,,,17.36,,1410,,1530,32,,35,OPTIONAL,VERIFIED_2026_27_FAIRTEST,,https://collegescorecard.ed.gov/school/?234207,https://www.wlu.edu/admissions/apply/test-optional-policy,Latest available College Scorecard/IPEDS fields; not represented as 2026-27 outcomes. SAT bounds sum the corresponding official section percentiles; SAT/ACT medians and application fee remain blank unless directly sourced.,UNKNOWN,UNKNOWN,UNKNOWN,PENDING_CURRENT_VERIFICATION,64525,,,82990,LATEST_FEDERAL_OR_SOURCE_REPORTED_BASELINE,USD,,https://collegescorecard.ed.gov/school/?234207,CORE_BASELINE_RESEARCHED;AID_POLICY_DEEP_REVIEW_PENDING;APP_FEE_PENDING
147,colby-college,Colby College,Colby College,161086,US,ME,Waterville,PRIVATE_NONPROFIT,Liberal Arts College,COMMON_APP,COMMON_APP,,true,true,HIGH,https://collegescorecard.ed.gov/school/?161086,2026-09-14,LATEST_FEDERAL_AVAILABLE_AS_OF_2026-09-13,,,,6.83,,1440,,1550,32,,34,OPTIONAL,VERIFIED_2026_27_FAIRTEST,,https://collegescorecard.ed.gov/school/?161086,https://fairtest.org/test-optional-list/,Latest available College Scorecard/IPEDS fields; not represented as 2026-27 outcomes. SAT bounds sum the corresponding official section percentiles; SAT/ACT medians and application fee remain blank unless directly sourced.,UNKNOWN,UNKNOWN,UNKNOWN,PENDING_CURRENT_VERIFICATION,66600,,,81550,LATEST_FEDERAL_OR_SOURCE_REPORTED_BASELINE,USD,,https://collegescorecard.ed.gov/school/?161086,CORE_BASELINE_RESEARCHED;AID_POLICY_DEEP_REVIEW_PENDING;APP_FEE_PENDING
148,bates-college,Bates College,Bates College,160977,US,ME,Lewiston,PRIVATE_NONPROFIT,Liberal Arts College,COMMON_APP,COMMON_APP,,true,true,HIGH,https://collegescorecard.ed.gov/school/?160977,2026-09-14,LATEST_FEDERAL_AVAILABLE_AS_OF_2026-09-13,,,,13.02,,1400,,1510,31,,33,OPTIONAL,VERIFIED_2026_27_FAIRTEST,,https://collegescorecard.ed.gov/school/?160977,https://fairtest.org/test-optional-list/,Latest available College Scorecard/IPEDS fields; not represented as 2026-27 outcomes. SAT bounds sum the corresponding official section percentiles; SAT/ACT medians and application fee remain blank unless directly sourced.,UNKNOWN,UNKNOWN,UNKNOWN,PENDING_CURRENT_VERIFICATION,63478,,,80440,LATEST_FEDERAL_OR_SOURCE_REPORTED_BASELINE,USD,,https://collegescorecard.ed.gov/school/?160977,CORE_BASELINE_RESEARCHED;AID_POLICY_DEEP_REVIEW_PENDING;APP_FEE_PENDING
149,macalester-college,Macalester College,Macalester College,173902,US,MN,Saint Paul,PRIVATE_NONPROFIT,Liberal Arts College,COMMON_APP,COMMON_APP,,true,true,HIGH,https://collegescorecard.ed.gov/school/?173902,2026-09-14,LATEST_FEDERAL_AVAILABLE_AS_OF_2026-09-13,,,,28.21,,1350,,1510,30,,33,OPTIONAL,VERIFIED_2026_27_FAIRTEST,,https://collegescorecard.ed.gov/school/?173902,https://www.macalester.edu/news/2020/04/macalester-college-adopts-test-optional-admissions-policy/,Latest available College Scorecard/IPEDS fields; not represented as 2026-27 outcomes. SAT bounds sum the corresponding official section percentiles; SAT/ACT medians and application fee remain blank unless directly sourced.,UNKNOWN,UNKNOWN,UNKNOWN,PENDING_CURRENT_VERIFICATION,64908,,,78900,LATEST_FEDERAL_OR_SOURCE_REPORTED_BASELINE,USD,,https://collegescorecard.ed.gov/school/?173902,CORE_BASELINE_RESEARCHED;AID_POLICY_DEEP_REVIEW_PENDING;APP_FEE_PENDING
150,scripps-college,Scripps College,Scripps College,123165,US,CA,Claremont,PRIVATE_NONPROFIT,Liberal Arts College,COMMON_APP,COMMON_APP,,true,true,HIGH,https://collegescorecard.ed.gov/school/?123165,2026-09-14,LATEST_FEDERAL_AVAILABLE_AS_OF_2026-09-13,,,,33.94,,1420,,1530,32,,34,OPTIONAL,VERIFIED_2026_27_FAIRTEST,,https://collegescorecard.ed.gov/school/?123165,https://www.scrippscollege.edu/admission/apply/first-year-applicants,Latest available College Scorecard/IPEDS fields; not represented as 2026-27 outcomes. SAT bounds sum the corresponding official section percentiles; SAT/ACT medians and application fee remain blank unless directly sourced.,UNKNOWN,UNKNOWN,UNKNOWN,PENDING_CURRENT_VERIFICATION,63434,,,83330,LATEST_FEDERAL_OR_SOURCE_REPORTED_BASELINE,USD,,https://collegescorecard.ed.gov/school/?123165,CORE_BASELINE_RESEARCHED;AID_POLICY_DEEP_REVIEW_PENDING;APP_FEE_PENDING
151,bryn-mawr-college,Bryn Mawr College,Bryn Mawr College,211273,US,PA,Bryn Mawr,PRIVATE_NONPROFIT,Liberal Arts College,COMMON_APP,COMMON_APP,,true,true,HIGH,https://collegescorecard.ed.gov/school/?211273,2026-09-14,LATEST_FEDERAL_AVAILABLE_AS_OF_2026-09-13,,,,31.06,,1300,,1470,30,,33,OPTIONAL,VERIFIED_2026_27_FAIRTEST,,https://collegescorecard.ed.gov/school/?211273,https://fairtest.org/test-optional-list/,Latest available College Scorecard/IPEDS fields; not represented as 2026-27 outcomes. SAT bounds sum the corresponding official section percentiles; SAT/ACT medians and application fee remain blank unless directly sourced.,UNKNOWN,UNKNOWN,UNKNOWN,PENDING_CURRENT_VERIFICATION,62560,,,79380,LATEST_FEDERAL_OR_SOURCE_REPORTED_BASELINE,USD,,https://collegescorecard.ed.gov/school/?211273,CORE_BASELINE_RESEARCHED;AID_POLICY_DEEP_REVIEW_PENDING;APP_FEE_PENDING
152,bucknell-university,Bucknell University,Bucknell University,211291,US,PA,Lewisburg,PRIVATE_NONPROFIT,Liberal Arts College,COMMON_APP,COMMON_APP,,true,true,HIGH,https://collegescorecard.ed.gov/school/?211291,2026-09-14,LATEST_FEDERAL_AVAILABLE_AS_OF_2026-09-13,,,,32.01,,1300,,1450,31,,33,OPTIONAL,VERIFIED_2026_27_FAIRTEST,,https://collegescorecard.ed.gov/school/?211291,https://www.bucknell.edu/admissions-aid/apply-bucknell/undergraduate-admission-requirements,Latest available College Scorecard/IPEDS fields; not represented as 2026-27 outcomes. SAT bounds sum the corresponding official section percentiles; SAT/ACT medians and application fee remain blank unless directly sourced.,UNKNOWN,UNKNOWN,UNKNOWN,PENDING_CURRENT_VERIFICATION,64772,,,79956,LATEST_FEDERAL_OR_SOURCE_REPORTED_BASELINE,USD,,https://collegescorecard.ed.gov/school/?211291,CORE_BASELINE_RESEARCHED;AID_POLICY_DEEP_REVIEW_PENDING;APP_FEE_PENDING
153,lafayette-college,Lafayette College,Lafayette College,213385,US,PA,Easton,PRIVATE_NONPROFIT,Liberal Arts College,COMMON_APP,COMMON_APP,,true,true,HIGH,https://collegescorecard.ed.gov/school/?213385,2026-09-14,LATEST_FEDERAL_AVAILABLE_AS_OF_2026-09-13,,,,31.47,,1340,,1490,30,,33,OPTIONAL,VERIFIED_2026_27_FAIRTEST,,https://collegescorecard.ed.gov/school/?213385,https://admissions.lafayette.edu/apply/,Latest available College Scorecard/IPEDS fields; not represented as 2026-27 outcomes. SAT bounds sum the corresponding official section percentiles; SAT/ACT medians and application fee remain blank unless directly sourced.,UNKNOWN,UNKNOWN,UNKNOWN,PENDING_CURRENT_VERIFICATION,62574,,,78854,LATEST_FEDERAL_OR_SOURCE_REPORTED_BASELINE,USD,,https://collegescorecard.ed.gov/school/?213385,CORE_BASELINE_RESEARCHED;AID_POLICY_DEEP_REVIEW_PENDING;APP_FEE_PENDING
154,college-of-the-holy-cross,College of the Holy Cross,College of the Holy Cross,166124,US,MA,Worcester,PRIVATE_NONPROFIT,Liberal Arts College,COMMON_APP,COMMON_APP,,true,true,HIGH,https://collegescorecard.ed.gov/school/?166124,2026-09-14,LATEST_FEDERAL_AVAILABLE_AS_OF_2026-09-13,,,,21.1,,1250,,1420,28,,32,OPTIONAL,VERIFIED_2026_27_FAIRTEST,,https://collegescorecard.ed.gov/school/?166124,https://fairtest.org/test-optional-list/,Latest available College Scorecard/IPEDS fields; not represented as 2026-27 outcomes. SAT bounds sum the corresponding official section percentiles; SAT/ACT medians and application fee remain blank unless directly sourced.,UNKNOWN,UNKNOWN,UNKNOWN,PENDING_CURRENT_VERIFICATION,60850,,,76510,LATEST_FEDERAL_OR_SOURCE_REPORTED_BASELINE,USD,,https://collegescorecard.ed.gov/school/?166124,CORE_BASELINE_RESEARCHED;AID_POLICY_DEEP_REVIEW_PENDING;APP_FEE_PENDING
155,university-of-richmond,University of Richmond,University of Richmond,233374,US,VA,University of Richmond,PRIVATE_NONPROFIT,Liberal Arts College,COMMON_APP,COMMON_APP,,true,true,HIGH,https://collegescorecard.ed.gov/school/?233374,2026-09-14,LATEST_FEDERAL_AVAILABLE_AS_OF_2026-09-13,,,,23.31,,1410,,1530,32,,34,OPTIONAL,VERIFIED_2026_27_FAIRTEST,,https://collegescorecard.ed.gov/school/?233374,https://www.admissions.richmond.edu/process/index.html,Latest available College Scorecard/IPEDS fields; not represented as 2026-27 outcomes. SAT bounds sum the corresponding official section percentiles; SAT/ACT medians and application fee remain blank unless directly sourced.,UNKNOWN,UNKNOWN,UNKNOWN,PENDING_CURRENT_VERIFICATION,62600,,,77290,LATEST_FEDERAL_OR_SOURCE_REPORTED_BASELINE,USD,,https://collegescorecard.ed.gov/school/?233374,CORE_BASELINE_RESEARCHED;AID_POLICY_DEEP_REVIEW_PENDING;APP_FEE_PENDING
156,denison-university,Denison University,Denison University,202523,US,OH,Granville,PRIVATE_NONPROFIT,Liberal Arts College,COMMON_APP,COMMON_APP,,true,true,HIGH,https://collegescorecard.ed.gov/school/?202523,2026-09-14,LATEST_FEDERAL_AVAILABLE_AS_OF_2026-09-13,,,,16.93,,1300,,1470,29,,32,OPTIONAL,VERIFIED_2026_27_FAIRTEST,,https://collegescorecard.ed.gov/school/?202523,https://fairtest.org/test-optional-list/,Latest available College Scorecard/IPEDS fields; not represented as 2026-27 outcomes. SAT bounds sum the corresponding official section percentiles; SAT/ACT medians and application fee remain blank unless directly sourced.,UNKNOWN,UNKNOWN,UNKNOWN,PENDING_CURRENT_VERIFICATION,64000,,,76900,LATEST_FEDERAL_OR_SOURCE_REPORTED_BASELINE,USD,,https://collegescorecard.ed.gov/school/?202523,CORE_BASELINE_RESEARCHED;AID_POLICY_DEEP_REVIEW_PENDING;APP_FEE_PENDING
157,kenyon-college,Kenyon College,Kenyon College,203535,US,OH,Gambier,PRIVATE_NONPROFIT,Liberal Arts College,COMMON_APP,COMMON_APP,,true,true,HIGH,https://collegescorecard.ed.gov/school/?203535,2026-09-14,LATEST_FEDERAL_AVAILABLE_AS_OF_2026-09-13,,,,30.71,,1360,,1500,31,,34,OPTIONAL,VERIFIED_2026_27_FAIRTEST,,https://collegescorecard.ed.gov/school/?203535,https://www.kenyon.edu/admissions-aid/apply-to-kenyon/standardized-testing-policy/,Latest available College Scorecard/IPEDS fields; not represented as 2026-27 outcomes. SAT bounds sum the corresponding official section percentiles; SAT/ACT medians and application fee remain blank unless directly sourced.,UNKNOWN,UNKNOWN,UNKNOWN,PENDING_CURRENT_VERIFICATION,69330,,,83800,LATEST_FEDERAL_OR_SOURCE_REPORTED_BASELINE,USD,,https://collegescorecard.ed.gov/school/?203535,CORE_BASELINE_RESEARCHED;AID_POLICY_DEEP_REVIEW_PENDING;APP_FEE_PENDING
158,occidental-college,Occidental College,Occidental College,120254,US,CA,Los Angeles,PRIVATE_NONPROFIT,Liberal Arts College,COMMON_APP,COMMON_APP,,true,true,HIGH,https://collegescorecard.ed.gov/school/?120254,2026-09-14,LATEST_FEDERAL_AVAILABLE_AS_OF_2026-09-13,,,,39.89,,1360,,1500,31,,34,OPTIONAL,VERIFIED_2026_27_FAIRTEST,,https://collegescorecard.ed.gov/school/?120254,https://www.oxy.edu/admission-aid/apply/fall-2021-application-process,Latest available College Scorecard/IPEDS fields; not represented as 2026-27 outcomes. SAT bounds sum the corresponding official section percentiles; SAT/ACT medians and application fee remain blank unless directly sourced.,UNKNOWN,UNKNOWN,UNKNOWN,PENDING_CURRENT_VERIFICATION,63446,,,80636,LATEST_FEDERAL_OR_SOURCE_REPORTED_BASELINE,USD,,https://collegescorecard.ed.gov/school/?120254,CORE_BASELINE_RESEARCHED;AID_POLICY_DEEP_REVIEW_PENDING;APP_FEE_PENDING
159,skidmore-college,Skidmore College,Skidmore College,195526,US,NY,Saratoga Springs,PRIVATE_NONPROFIT,Liberal Arts College,COMMON_APP,COMMON_APP,,true,true,HIGH,https://collegescorecard.ed.gov/school/?195526,2026-09-14,LATEST_FEDERAL_AVAILABLE_AS_OF_2026-09-13,,,,22.92,,1300,,1460,30,,33,OPTIONAL,VERIFIED_2026_27_FAIRTEST,,https://collegescorecard.ed.gov/school/?195526,https://catalog.skidmore.edu/admission,Latest available College Scorecard/IPEDS fields; not represented as 2026-27 outcomes. SAT bounds sum the corresponding official section percentiles; SAT/ACT medians and application fee remain blank unless directly sourced.,UNKNOWN,UNKNOWN,UNKNOWN,PENDING_CURRENT_VERIFICATION,65030,,,81890,LATEST_FEDERAL_OR_SOURCE_REPORTED_BASELINE,USD,,https://collegescorecard.ed.gov/school/?195526,CORE_BASELINE_RESEARCHED;AID_POLICY_DEEP_REVIEW_PENDING;APP_FEE_PENDING
160,trinity-college,Trinity College,Trinity College,130590,US,CT,Hartford,PRIVATE_NONPROFIT,Liberal Arts College,COMMON_APP,COMMON_APP,,true,true,HIGH,https://collegescorecard.ed.gov/school/?130590,2026-09-14,LATEST_FEDERAL_AVAILABLE_AS_OF_2026-09-13,,,,33.52,,1310,,1460,30,,33,OPTIONAL,VERIFIED_2026_27_FAIRTEST,,https://collegescorecard.ed.gov/school/?130590,https://www.trincoll.edu/admissions/undergraduate-admissions/faq/,Latest available College Scorecard/IPEDS fields; not represented as 2026-27 outcomes. SAT bounds sum the corresponding official section percentiles; SAT/ACT medians and application fee remain blank unless directly sourced.,UNKNOWN,UNKNOWN,UNKNOWN,PENDING_CURRENT_VERIFICATION,67420,,,83090,LATEST_FEDERAL_OR_SOURCE_REPORTED_BASELINE,USD,,https://collegescorecard.ed.gov/school/?130590,CORE_BASELINE_RESEARCHED;AID_POLICY_DEEP_REVIEW_PENDING;APP_FEE_PENDING
161,connecticut-college,Connecticut College,Connecticut College,128902,US,CT,New London,PRIVATE_NONPROFIT,Liberal Arts College,COMMON_APP,COMMON_APP,,true,true,HIGH,https://collegescorecard.ed.gov/school/?128902,2026-09-14,LATEST_FEDERAL_AVAILABLE_AS_OF_2026-09-13,,,,38.28,,1340,,1470,31,,33,OPTIONAL,VERIFIED_2026_27_FAIRTEST,,https://collegescorecard.ed.gov/school/?128902,https://fairtest.org/test-optional-list/,Latest available College Scorecard/IPEDS fields; not represented as 2026-27 outcomes. SAT bounds sum the corresponding official section percentiles; SAT/ACT medians and application fee remain blank unless directly sourced.,UNKNOWN,UNKNOWN,UNKNOWN,PENDING_CURRENT_VERIFICATION,64812,,,82219,LATEST_FEDERAL_OR_SOURCE_REPORTED_BASELINE,USD,,https://collegescorecard.ed.gov/school/?128902,CORE_BASELINE_RESEARCHED;AID_POLICY_DEEP_REVIEW_PENDING;APP_FEE_PENDING
162,oberlin-college,Oberlin College,Oberlin College,204501,US,OH,Oberlin,PRIVATE_NONPROFIT,Liberal Arts College,COMMON_APP,COMMON_APP,,true,true,HIGH,https://collegescorecard.ed.gov/school/?204501,2026-09-14,LATEST_FEDERAL_AVAILABLE_AS_OF_2026-09-13,,,,32.98,,1370,,1510,30,,33,OPTIONAL,VERIFIED_2026_27_FAIRTEST,,https://collegescorecard.ed.gov/school/?204501,https://www.oberlin.edu/admissions-and-aid/arts-and-sciences/testing-policy,Latest available College Scorecard/IPEDS fields; not represented as 2026-27 outcomes. SAT bounds sum the corresponding official section percentiles; SAT/ACT medians and application fee remain blank unless directly sourced.,UNKNOWN,UNKNOWN,UNKNOWN,PENDING_CURRENT_VERIFICATION,64646,,,84230,LATEST_FEDERAL_OR_SOURCE_REPORTED_BASELINE,USD,,https://collegescorecard.ed.gov/school/?204501,CORE_BASELINE_RESEARCHED;AID_POLICY_DEEP_REVIEW_PENDING;APP_FEE_PENDING
163,pitzer-college,Pitzer College,Pitzer College,121257,US,CA,Claremont,PRIVATE_NONPROFIT,Liberal Arts College,COMMON_APP,COMMON_APP,,true,true,HIGH,https://collegescorecard.ed.gov/school/?121257,2026-09-14,LATEST_FEDERAL_AVAILABLE_AS_OF_2026-09-13,,,,16.66,,,,,,,,BLIND,VERIFIED_2026_27_FAIRTEST,,https://collegescorecard.ed.gov/school/?121257,https://www.pitzer.edu/admission/admission/apply/first-year-applicants/,Latest available College Scorecard/IPEDS fields; not represented as 2026-27 outcomes. SAT bounds sum the corresponding official section percentiles; SAT/ACT medians and application fee remain blank unless directly sourced.,UNKNOWN,UNKNOWN,UNKNOWN,PENDING_CURRENT_VERIFICATION,62692,,,82832,LATEST_FEDERAL_OR_SOURCE_REPORTED_BASELINE,USD,,https://collegescorecard.ed.gov/school/?121257,CORE_BASELINE_RESEARCHED;AID_POLICY_DEEP_REVIEW_PENDING;APP_FEE_PENDING
164,colorado-college,Colorado College,Colorado College,126678,US,CO,Colorado Springs,PRIVATE_NONPROFIT,Liberal Arts College,COMMON_APP,COMMON_APP,,true,true,HIGH,https://collegescorecard.ed.gov/school/?126678,2026-09-14,LATEST_FEDERAL_AVAILABLE_AS_OF_2026-09-13,,,,20.03,,1365,,1520,31,,34,OPTIONAL,VERIFIED_2026_27_FAIRTEST,,https://collegescorecard.ed.gov/school/?126678,https://fairtest.org/test-optional-list/,Latest available College Scorecard/IPEDS fields; not represented as 2026-27 outcomes. SAT bounds sum the corresponding official section percentiles; SAT/ACT medians and application fee remain blank unless directly sourced.,UNKNOWN,UNKNOWN,UNKNOWN,PENDING_CURRENT_VERIFICATION,67932,,,83228,LATEST_FEDERAL_OR_SOURCE_REPORTED_BASELINE,USD,,https://collegescorecard.ed.gov/school/?126678,CORE_BASELINE_RESEARCHED;AID_POLICY_DEEP_REVIEW_PENDING;APP_FEE_PENDING
165,rhodes-college,Rhodes College,Rhodes College,221351,US,TN,Memphis,PRIVATE_NONPROFIT,Liberal Arts College,COMMON_APP,COMMON_APP,,true,true,HIGH,https://collegescorecard.ed.gov/school/?221351,2026-09-14,LATEST_FEDERAL_AVAILABLE_AS_OF_2026-09-13,,,,49.68,,1290,,1490,28,,33,OPTIONAL,VERIFIED_2026_27_FAIRTEST,,https://collegescorecard.ed.gov/school/?221351,https://www.rhodes.edu/admission-aid/apply-rhodes/test-optional-faqs,Latest available College Scorecard/IPEDS fields; not represented as 2026-27 outcomes. SAT bounds sum the corresponding official section percentiles; SAT/ACT medians and application fee remain blank unless directly sourced.,UNKNOWN,UNKNOWN,UNKNOWN,PENDING_CURRENT_VERIFICATION,54892,,,68055,LATEST_FEDERAL_OR_SOURCE_REPORTED_BASELINE,USD,,https://collegescorecard.ed.gov/school/?221351,CORE_BASELINE_RESEARCHED;AID_POLICY_DEEP_REVIEW_PENDING;APP_FEE_PENDING
166,sewanee-the-university-of-the-south,The University of the South,The University of the South,221519,US,TN,Sewanee,PRIVATE_NONPROFIT,Liberal Arts College,COMMON_APP,COMMON_APP,,true,true,HIGH,https://collegescorecard.ed.gov/school/?221519,2026-09-14,LATEST_FEDERAL_AVAILABLE_AS_OF_2026-09-13,,,,50.9,,1236,,1398,27,,32,OPTIONAL,VERIFIED_2026_27_FAIRTEST,,https://collegescorecard.ed.gov/school/?221519,https://new.sewanee.edu/admission-aid/application-process/application-review/,Latest available College Scorecard/IPEDS fields; not represented as 2026-27 outcomes. SAT bounds sum the corresponding official section percentiles; SAT/ACT medians and application fee remain blank unless directly sourced.,UNKNOWN,UNKNOWN,UNKNOWN,PENDING_CURRENT_VERIFICATION,53698,,,68704,LATEST_FEDERAL_OR_SOURCE_REPORTED_BASELINE,USD,,https://collegescorecard.ed.gov/school/?221519,CORE_BASELINE_RESEARCHED;AID_POLICY_DEEP_REVIEW_PENDING;APP_FEE_PENDING
167,furman-university,Furman University,Furman University,218070,US,SC,Greenville,PRIVATE_NONPROFIT,Liberal Arts College,COMMON_APP,COMMON_APP,,true,true,HIGH,https://collegescorecard.ed.gov/school/?218070,2026-09-14,LATEST_FEDERAL_AVAILABLE_AS_OF_2026-09-13,,,,52.57,,1260,,1425,28,,32,OPTIONAL,VERIFIED_2026_27_FAIRTEST,,https://collegescorecard.ed.gov/school/?218070,https://fairtest.org/test-optional-list/,Latest available College Scorecard/IPEDS fields; not represented as 2026-27 outcomes. SAT bounds sum the corresponding official section percentiles; SAT/ACT medians and application fee remain blank unless directly sourced.,UNKNOWN,UNKNOWN,UNKNOWN,PENDING_CURRENT_VERIFICATION,58312,,,73760,LATEST_FEDERAL_OR_SOURCE_REPORTED_BASELINE,USD,,https://collegescorecard.ed.gov/school/?218070,CORE_BASELINE_RESEARCHED;AID_POLICY_DEEP_REVIEW_PENDING;APP_FEE_PENDING
168,whitman-college,Whitman College,Whitman College,237057,US,WA,Walla Walla,PRIVATE_NONPROFIT,Liberal Arts College,COMMON_APP,COMMON_APP,,true,true,HIGH,https://collegescorecard.ed.gov/school/?237057,2026-09-14,LATEST_FEDERAL_AVAILABLE_AS_OF_2026-09-13,,,,49.99,,1270,,1480,27,,33,OPTIONAL,VERIFIED_2026_27_FAIRTEST,,https://collegescorecard.ed.gov/school/?237057,"https://www.whitman.edu/admission-and-aid/applying-to-whitman/testing-policy#:~:text=Whitman%20College%20is%20test%2Doptional,part%20of%20the%20admission%20process.",Latest available College Scorecard/IPEDS fields; not represented as 2026-27 outcomes. SAT bounds sum the corresponding official section percentiles; SAT/ACT medians and application fee remain blank unless directly sourced.,UNKNOWN,UNKNOWN,UNKNOWN,PENDING_CURRENT_VERIFICATION,61492,,,75042,LATEST_FEDERAL_OR_SOURCE_REPORTED_BASELINE,USD,,https://collegescorecard.ed.gov/school/?237057,CORE_BASELINE_RESEARCHED;AID_POLICY_DEEP_REVIEW_PENDING;APP_FEE_PENDING
169,franklin-and-marshall-college,Franklin and Marshall College,Franklin and Marshall College,212577,US,PA,Lancaster,PRIVATE_NONPROFIT,Liberal Arts College,COMMON_APP,COMMON_APP,,true,true,HIGH,https://collegescorecard.ed.gov/school/?212577,2026-09-14,LATEST_FEDERAL_AVAILABLE_AS_OF_2026-09-13,,,,31.83,,1298,,1460,29,,32,OPTIONAL,VERIFIED_2026_27_FAIRTEST,,https://collegescorecard.ed.gov/school/?212577,https://www.fandm.edu/admission/apply/standardized-test-option,Latest available College Scorecard/IPEDS fields; not represented as 2026-27 outcomes. SAT bounds sum the corresponding official section percentiles; SAT/ACT medians and application fee remain blank unless directly sourced.,UNKNOWN,UNKNOWN,UNKNOWN,PENDING_CURRENT_VERIFICATION,68380,,,83184,LATEST_FEDERAL_OR_SOURCE_REPORTED_BASELINE,USD,,https://collegescorecard.ed.gov/school/?212577,CORE_BASELINE_RESEARCHED;AID_POLICY_DEEP_REVIEW_PENDING;APP_FEE_PENDING
170,gettysburg-college,Gettysburg College,Gettysburg College,212674,US,PA,Gettysburg,PRIVATE_NONPROFIT,Liberal Arts College,COMMON_APP,COMMON_APP,,true,true,HIGH,https://collegescorecard.ed.gov/school/?212674,2026-09-14,LATEST_FEDERAL_AVAILABLE_AS_OF_2026-09-13,,,,47.51,,1240,,1460,27,,32,OPTIONAL,VERIFIED_2026_27_FAIRTEST,,https://collegescorecard.ed.gov/school/?212674,https://www.gettysburg.edu/admissions-aid/applying-gettysburg/,Latest available College Scorecard/IPEDS fields; not represented as 2026-27 outcomes. SAT bounds sum the corresponding official section percentiles; SAT/ACT medians and application fee remain blank unless directly sourced.,UNKNOWN,UNKNOWN,UNKNOWN,PENDING_CURRENT_VERIFICATION,64230,,,80400,LATEST_FEDERAL_OR_SOURCE_REPORTED_BASELINE,USD,,https://collegescorecard.ed.gov/school/?212674,CORE_BASELINE_RESEARCHED;AID_POLICY_DEEP_REVIEW_PENDING;APP_FEE_PENDING
171,dickinson-college,Dickinson College,Dickinson College,212009,US,PA,Carlisle,PRIVATE_NONPROFIT,Liberal Arts College,COMMON_APP,COMMON_APP,,true,true,HIGH,https://collegescorecard.ed.gov/school/?212009,2026-09-14,LATEST_FEDERAL_AVAILABLE_AS_OF_2026-09-13,,,,43.08,,,,,,,,OPTIONAL,VERIFIED_2026_27_FAIRTEST,,https://collegescorecard.ed.gov/school/?212009,https://www.dickinson.edu/info/20256/apply/996/standardized_testing_information,Latest available College Scorecard/IPEDS fields; not represented as 2026-27 outcomes. SAT bounds sum the corresponding official section percentiles; SAT/ACT medians and application fee remain blank unless directly sourced.,UNKNOWN,UNKNOWN,UNKNOWN,PENDING_CURRENT_VERIFICATION,63475,,,80329,LATEST_FEDERAL_OR_SOURCE_REPORTED_BASELINE,USD,,https://collegescorecard.ed.gov/school/?212009,CORE_BASELINE_RESEARCHED;AID_POLICY_DEEP_REVIEW_PENDING;APP_FEE_PENDING
172,depauw-university,DePauw University,DePauw University,150400,US,IN,Greencastle,PRIVATE_NONPROFIT,Liberal Arts College,COMMON_APP,COMMON_APP,,true,true,HIGH,https://collegescorecard.ed.gov/school/?150400,2026-09-14,LATEST_FEDERAL_AVAILABLE_AS_OF_2026-09-13,,,,54.06,,1140,,1430,26,,31,OPTIONAL,VERIFIED_2026_27_FAIRTEST,,https://collegescorecard.ed.gov/school/?150400,https://www.depauw.edu/admission-aid/apply/first-year-applicants/test-optional-faqs/,Latest available College Scorecard/IPEDS fields; not represented as 2026-27 outcomes. SAT bounds sum the corresponding official section percentiles; SAT/ACT medians and application fee remain blank unless directly sourced.,UNKNOWN,UNKNOWN,UNKNOWN,PENDING_CURRENT_VERIFICATION,57070,,,72560,LATEST_FEDERAL_OR_SOURCE_REPORTED_BASELINE,USD,,https://collegescorecard.ed.gov/school/?150400,CORE_BASELINE_RESEARCHED;AID_POLICY_DEEP_REVIEW_PENDING;APP_FEE_PENDING
173,college-of-wooster,The College of Wooster,The College of Wooster,206589,US,OH,Wooster,PRIVATE_NONPROFIT,Liberal Arts College,COMMON_APP,COMMON_APP,,true,true,HIGH,https://collegescorecard.ed.gov/school/?206589,2026-09-14,LATEST_FEDERAL_AVAILABLE_AS_OF_2026-09-13,,,,54.32,,1250,,1450,27,,32,OPTIONAL,VERIFIED_2026_27_FAIRTEST,,https://collegescorecard.ed.gov/school/?206589,"https://wooster.edu/admissions/apply/requirements/#:~:text=ACT%20or%20SAT%20scores.,for%20the%20College%20Scholar%20Award.)",Latest available College Scorecard/IPEDS fields; not represented as 2026-27 outcomes. SAT bounds sum the corresponding official section percentiles; SAT/ACT medians and application fee remain blank unless directly sourced.,UNKNOWN,UNKNOWN,UNKNOWN,PENDING_CURRENT_VERIFICATION,59550,,,73075,LATEST_FEDERAL_OR_SOURCE_REPORTED_BASELINE,USD,,https://collegescorecard.ed.gov/school/?206589,CORE_BASELINE_RESEARCHED;AID_POLICY_DEEP_REVIEW_PENDING;APP_FEE_PENDING
174,lawrence-university,Lawrence University,Lawrence University,239017,US,WI,Appleton,PRIVATE_NONPROFIT,Liberal Arts College,COMMON_APP,COMMON_APP,,true,true,HIGH,https://collegescorecard.ed.gov/school/?239017,2026-09-14,LATEST_FEDERAL_AVAILABLE_AS_OF_2026-09-13,,,,63.03,,1200,,1430,27,,32,OPTIONAL,VERIFIED_2026_27_FAIRTEST,,https://collegescorecard.ed.gov/school/?239017,http://www.lawrence.edu/admissions,Latest available College Scorecard/IPEDS fields; not represented as 2026-27 outcomes. SAT bounds sum the corresponding official section percentiles; SAT/ACT medians and application fee remain blank unless directly sourced.,UNKNOWN,UNKNOWN,UNKNOWN,PENDING_CURRENT_VERIFICATION,55461,,,67824,LATEST_FEDERAL_OR_SOURCE_REPORTED_BASELINE,USD,,https://collegescorecard.ed.gov/school/?239017,CORE_BASELINE_RESEARCHED;AID_POLICY_DEEP_REVIEW_PENDING;APP_FEE_PENDING
175,kalamazoo-college,Kalamazoo College,Kalamazoo College,170532,US,MI,Kalamazoo,PRIVATE_NONPROFIT,Liberal Arts College,COMMON_APP,COMMON_APP,,true,true,HIGH,https://collegescorecard.ed.gov/school/?170532,2026-09-14,LATEST_FEDERAL_AVAILABLE_AS_OF_2026-09-13,,,,76.23,,1188,,1373,,,,OPTIONAL,VERIFIED_2026_27_FAIRTEST,,https://collegescorecard.ed.gov/school/?170532,https://fairtest.org/test-optional-list/,Latest available College Scorecard/IPEDS fields; not represented as 2026-27 outcomes. SAT bounds sum the corresponding official section percentiles; SAT/ACT medians and application fee remain blank unless directly sourced.,UNKNOWN,UNKNOWN,UNKNOWN,PENDING_CURRENT_VERIFICATION,58764,,,71173,LATEST_FEDERAL_OR_SOURCE_REPORTED_BASELINE,USD,,https://collegescorecard.ed.gov/school/?170532,CORE_BASELINE_RESEARCHED;AID_POLICY_DEEP_REVIEW_PENDING;APP_FEE_PENDING
176,st-olaf-college,St Olaf College,St Olaf College,174844,US,MN,Northfield,PRIVATE_NONPROFIT,Liberal Arts College,COMMON_APP,COMMON_APP,,true,true,HIGH,https://collegescorecard.ed.gov/school/?174844,2026-09-14,LATEST_FEDERAL_AVAILABLE_AS_OF_2026-09-13,,,,52.15,,1260,,1470,28,,32,OPTIONAL,VERIFIED_2026_27_FAIRTEST,,https://collegescorecard.ed.gov/school/?174844,https://wp.stolaf.edu/news/st-olaf-goes-test-optional-for-admissions,Latest available College Scorecard/IPEDS fields; not represented as 2026-27 outcomes. SAT bounds sum the corresponding official section percentiles; SAT/ACT medians and application fee remain blank unless directly sourced.,UNKNOWN,UNKNOWN,UNKNOWN,PENDING_CURRENT_VERIFICATION,56970,,,69200,LATEST_FEDERAL_OR_SOURCE_REPORTED_BASELINE,USD,,https://collegescorecard.ed.gov/school/?174844,CORE_BASELINE_RESEARCHED;AID_POLICY_DEEP_REVIEW_PENDING;APP_FEE_PENDING
177,gustavus-adolphus-college,Gustavus Adolphus College,Gustavus Adolphus College,173647,US,MN,Saint Peter,PRIVATE_NONPROFIT,Liberal Arts College,COMMON_APP,COMMON_APP,,true,true,HIGH,https://collegescorecard.ed.gov/school/?173647,2026-09-14,LATEST_FEDERAL_AVAILABLE_AS_OF_2026-09-13,,,,61.8,,,,,25,,31,OPTIONAL,VERIFIED_2026_27_FAIRTEST,,https://collegescorecard.ed.gov/school/?173647,https://gustavus.edu/search/?q=test+policy+for+international+student,Latest available College Scorecard/IPEDS fields; not represented as 2026-27 outcomes. SAT bounds sum the corresponding official section percentiles; SAT/ACT medians and application fee remain blank unless directly sourced.,UNKNOWN,UNKNOWN,UNKNOWN,PENDING_CURRENT_VERIFICATION,54310,,,65976,LATEST_FEDERAL_OR_SOURCE_REPORTED_BASELINE,USD,,https://collegescorecard.ed.gov/school/?173647,CORE_BASELINE_RESEARCHED;AID_POLICY_DEEP_REVIEW_PENDING;APP_FEE_PENDING
178,union-college,Union College,Union College,196866,US,NY,Schenectady,PRIVATE_NONPROFIT,Liberal Arts College,COMMON_APP,COMMON_APP,,true,true,HIGH,https://collegescorecard.ed.gov/school/?196866,2026-09-14,LATEST_FEDERAL_AVAILABLE_AS_OF_2026-09-13,,,,43.79,,1310,,1480,30,,33,OPTIONAL,VERIFIED_2026_27_FAIRTEST,,https://collegescorecard.ed.gov/school/?196866,https://www.union.edu/admissions/apply/test-policy,Latest available College Scorecard/IPEDS fields; not represented as 2026-27 outcomes. SAT bounds sum the corresponding official section percentiles; SAT/ACT medians and application fee remain blank unless directly sourced.,UNKNOWN,UNKNOWN,UNKNOWN,PENDING_CURRENT_VERIFICATION,66456,,,81627,LATEST_FEDERAL_OR_SOURCE_REPORTED_BASELINE,USD,,https://collegescorecard.ed.gov/school/?196866,CORE_BASELINE_RESEARCHED;AID_POLICY_DEEP_REVIEW_PENDING;APP_FEE_PENDING
179,reed-college,Reed College,Reed College,209922,US,OR,Portland,PRIVATE_NONPROFIT,Liberal Arts College,COMMON_APP,COMMON_APP,,true,true,HIGH,https://collegescorecard.ed.gov/school/?209922,2026-09-14,LATEST_FEDERAL_AVAILABLE_AS_OF_2026-09-13,,,,27.16,,1300,,1510,29,,34,BLIND,VERIFIED_2026_27_FAIRTEST,,https://collegescorecard.ed.gov/school/?209922,https://www.reed.edu/ir/cds/cds2425/CDS_secC_202425.pdf,Latest available College Scorecard/IPEDS fields; not represented as 2026-27 outcomes. SAT bounds sum the corresponding official section percentiles; SAT/ACT medians and application fee remain blank unless directly sourced.,UNKNOWN,UNKNOWN,UNKNOWN,PENDING_CURRENT_VERIFICATION,67020,,,83310,LATEST_FEDERAL_OR_SOURCE_REPORTED_BASELINE,USD,,https://collegescorecard.ed.gov/school/?209922,CORE_BASELINE_RESEARCHED;AID_POLICY_DEEP_REVIEW_PENDING;APP_FEE_PENDING
180,mount-holyoke-college,Mount Holyoke College,Mount Holyoke College,166939,US,MA,South Hadley,PRIVATE_NONPROFIT,Liberal Arts College,COMMON_APP,COMMON_APP,,true,true,HIGH,https://collegescorecard.ed.gov/school/?166939,2026-09-14,LATEST_FEDERAL_AVAILABLE_AS_OF_2026-09-13,,,,38.29,,1350,,1500,31,,33,OPTIONAL,VERIFIED_2026_27_FAIRTEST,,https://collegescorecard.ed.gov/school/?166939,https://www.mtholyoke.edu/admission/apply-undergraduate-first-year/standardized-testing-policies,Latest available College Scorecard/IPEDS fields; not represented as 2026-27 outcomes. SAT bounds sum the corresponding official section percentiles; SAT/ACT medians and application fee remain blank unless directly sourced.,UNKNOWN,UNKNOWN,UNKNOWN,PENDING_CURRENT_VERIFICATION,64142,,,77545,LATEST_FEDERAL_OR_SOURCE_REPORTED_BASELINE,USD,,https://collegescorecard.ed.gov/school/?166939,CORE_BASELINE_RESEARCHED;AID_POLICY_DEEP_REVIEW_PENDING;APP_FEE_PENDING
181,spelman-college,Spelman College,Spelman College,141060,US,GA,Atlanta,PRIVATE_NONPROFIT,Liberal Arts College,COMMON_APP,COMMON_APP,,true,true,HIGH,https://collegescorecard.ed.gov/school/?141060,2026-09-14,LATEST_FEDERAL_AVAILABLE_AS_OF_2026-09-13,,,,34.09,,1060,,1270,21,,27,OPTIONAL,VERIFIED_2026_27_FAIRTEST,,https://collegescorecard.ed.gov/school/?141060,https://www.spelman.edu/admissions/applying-to-spelman/test-optional-admissions-policy.html,Latest available College Scorecard/IPEDS fields; not represented as 2026-27 outcomes. SAT bounds sum the corresponding official section percentiles; SAT/ACT medians and application fee remain blank unless directly sourced.,UNKNOWN,UNKNOWN,UNKNOWN,PENDING_CURRENT_VERIFICATION,30058,,,49349,LATEST_FEDERAL_OR_SOURCE_REPORTED_BASELINE,USD,,https://collegescorecard.ed.gov/school/?141060,CORE_BASELINE_RESEARCHED;AID_POLICY_DEEP_REVIEW_PENDING;APP_FEE_PENDING
182,morehouse-college,Morehouse College,Morehouse College,140553,US,GA,Atlanta,PRIVATE_NONPROFIT,Liberal Arts College,COMMON_APP,COMMON_APP,,true,true,HIGH,https://collegescorecard.ed.gov/school/?140553,2026-09-14,LATEST_FEDERAL_AVAILABLE_AS_OF_2026-09-13,,,,51.39,,,,,19,,23,OPTIONAL,VERIFIED_2026_27_FAIRTEST,,https://collegescorecard.ed.gov/school/?140553,https://morehouse.edu/info-for-counselors,Latest available College Scorecard/IPEDS fields; not represented as 2026-27 outcomes. SAT bounds sum the corresponding official section percentiles; SAT/ACT medians and application fee remain blank unless directly sourced.,UNKNOWN,UNKNOWN,UNKNOWN,PENDING_CURRENT_VERIFICATION,31725,,,47347,LATEST_FEDERAL_OR_SOURCE_REPORTED_BASELINE,USD,,https://collegescorecard.ed.gov/school/?140553,CORE_BASELINE_RESEARCHED;AID_POLICY_DEEP_REVIEW_PENDING;APP_FEE_PENDING
183,sarah-lawrence-college,Sarah Lawrence College,Sarah Lawrence College,195304,US,NY,Bronxville,PRIVATE_NONPROFIT,Liberal Arts College,COMMON_APP,COMMON_APP,,true,true,HIGH,https://collegescorecard.ed.gov/school/?195304,2026-09-14,LATEST_FEDERAL_AVAILABLE_AS_OF_2026-09-13,,,,58.93,,1270,,1440,29,,33,OPTIONAL,VERIFIED_2026_27_FAIRTEST,,https://collegescorecard.ed.gov/school/?195304,https://fairtest.org/test-optional-list/,Latest available College Scorecard/IPEDS fields; not represented as 2026-27 outcomes. SAT bounds sum the corresponding official section percentiles; SAT/ACT medians and application fee remain blank unless directly sourced.,UNKNOWN,UNKNOWN,UNKNOWN,PENDING_CURRENT_VERIFICATION,63678,,,79320,LATEST_FEDERAL_OR_SOURCE_REPORTED_BASELINE,USD,,https://collegescorecard.ed.gov/school/?195304,CORE_BASELINE_RESEARCHED;AID_POLICY_DEEP_REVIEW_PENDING;APP_FEE_PENDING
184,bard-college,Bard College,Bard College,189088,US,NY,Annandale-On-Hudson,PRIVATE_NONPROFIT,Liberal Arts College,COMMON_APP,COMMON_APP,,true,true,HIGH,https://collegescorecard.ed.gov/school/?189088,2026-09-14,LATEST_FEDERAL_AVAILABLE_AS_OF_2026-09-13,,,,52.29,,1290,,1440,30,,32,OPTIONAL,VERIFIED_2026_27_FAIRTEST,,https://collegescorecard.ed.gov/school/?189088,https://fairtest.org/test-optional-list/,Latest available College Scorecard/IPEDS fields; not represented as 2026-27 outcomes. SAT bounds sum the corresponding official section percentiles; SAT/ACT medians and application fee remain blank unless directly sourced.,UNKNOWN,UNKNOWN,UNKNOWN,PENDING_CURRENT_VERIFICATION,63612,,,81661,LATEST_FEDERAL_OR_SOURCE_REPORTED_BASELINE,USD,,https://collegescorecard.ed.gov/school/?189088,CORE_BASELINE_RESEARCHED;AID_POLICY_DEEP_REVIEW_PENDING;APP_FEE_PENDING
185,centre-college,Centre College,Centre College,156408,US,KY,Danville,PRIVATE_NONPROFIT,Liberal Arts College,COMMON_APP,COMMON_APP,,true,true,HIGH,https://collegescorecard.ed.gov/school/?156408,2026-09-14,LATEST_FEDERAL_AVAILABLE_AS_OF_2026-09-13,,,,54.34,,1230,,1423,26,,32,OPTIONAL,VERIFIED_2026_27_FAIRTEST,,https://collegescorecard.ed.gov/school/?156408,https://www.centre.edu/news/centre-test-optional-policy-college-admission,Latest available College Scorecard/IPEDS fields; not represented as 2026-27 outcomes. SAT bounds sum the corresponding official section percentiles; SAT/ACT medians and application fee remain blank unless directly sourced.,UNKNOWN,UNKNOWN,UNKNOWN,PENDING_CURRENT_VERIFICATION,50550,,,63354,LATEST_FEDERAL_OR_SOURCE_REPORTED_BASELINE,USD,,https://collegescorecard.ed.gov/school/?156408,CORE_BASELINE_RESEARCHED;AID_POLICY_DEEP_REVIEW_PENDING;APP_FEE_PENDING
186,berea-college,Berea College,Berea College,156295,US,KY,Berea,PRIVATE_NONPROFIT,Liberal Arts College,COMMON_APP,COMMON_APP,,true,true,HIGH,https://collegescorecard.ed.gov/school/?156295,2026-09-14,LATEST_FEDERAL_AVAILABLE_AS_OF_2026-09-13,,,,32.71,,1156,,1335,24,,27,OPTIONAL,VERIFIED_2026_27_FAIRTEST,,https://collegescorecard.ed.gov/school/?156295,https://www.berea.edu/admissions/admission-requirements,Latest available College Scorecard/IPEDS fields; not represented as 2026-27 outcomes. SAT bounds sum the corresponding official section percentiles; SAT/ACT medians and application fee remain blank unless directly sourced.,UNKNOWN,UNKNOWN,UNKNOWN,PENDING_CURRENT_VERIFICATION,49326,,,56068,LATEST_FEDERAL_OR_SOURCE_REPORTED_BASELINE,USD,,https://collegescorecard.ed.gov/school/?156295,CORE_BASELINE_RESEARCHED;AID_POLICY_DEEP_REVIEW_PENDING;APP_FEE_PENDING
187,trinity-university,Trinity University,Trinity University,229267,US,TX,San Antonio,PRIVATE_NONPROFIT,Liberal Arts College,COMMON_APP,COMMON_APP,,true,true,HIGH,https://collegescorecard.ed.gov/school/?229267,2026-09-14,LATEST_FEDERAL_AVAILABLE_AS_OF_2026-09-13,,,,28.16,,1320,,1465,30,,33,OPTIONAL,VERIFIED_2026_27_FAIRTEST,,https://collegescorecard.ed.gov/school/?229267,https://trinity.edu/admissions-aid/why-trinity,Latest available College Scorecard/IPEDS fields; not represented as 2026-27 outcomes. SAT bounds sum the corresponding official section percentiles; SAT/ACT medians and application fee remain blank unless directly sourced.,UNKNOWN,UNKNOWN,UNKNOWN,PENDING_CURRENT_VERIFICATION,51352,,,65774,LATEST_FEDERAL_OR_SOURCE_REPORTED_BASELINE,USD,,https://collegescorecard.ed.gov/school/?229267,CORE_BASELINE_RESEARCHED;AID_POLICY_DEEP_REVIEW_PENDING;APP_FEE_PENDING
188,babson-college,Babson College,Babson College,164580,US,MA,Wellesley,PRIVATE_NONPROFIT,Specialty/Business,COMMON_APP,COMMON_APP,,true,true,HIGH,https://collegescorecard.ed.gov/school/?164580,2026-09-14,LATEST_FEDERAL_AVAILABLE_AS_OF_2026-09-13,,,,19.74,,1380,,1500,30,,33,OPTIONAL,VERIFIED_2026_27_FAIRTEST,,https://collegescorecard.ed.gov/school/?164580,https://www.babson.edu/undergraduate/admission/how-to-apply/standardized-testing/,Latest available College Scorecard/IPEDS fields; not represented as 2026-27 outcomes. SAT bounds sum the corresponding official section percentiles; SAT/ACT medians and application fee remain blank unless directly sourced.,UNKNOWN,UNKNOWN,UNKNOWN,PENDING_CURRENT_VERIFICATION,56032,,,77248,LATEST_FEDERAL_OR_SOURCE_REPORTED_BASELINE,USD,,https://collegescorecard.ed.gov/school/?164580,CORE_BASELINE_RESEARCHED;AID_POLICY_DEEP_REVIEW_PENDING;APP_FEE_PENDING
189,bentley-university,Bentley University,Bentley University,164739,US,MA,Waltham,PRIVATE_NONPROFIT,Specialty/Business,COMMON_APP,COMMON_APP,,true,true,HIGH,https://collegescorecard.ed.gov/school/?164739,2026-09-14,LATEST_FEDERAL_AVAILABLE_AS_OF_2026-09-13,,,,48.44,,1250,,1410,29,,32,OPTIONAL,VERIFIED_2026_27_FAIRTEST,,https://collegescorecard.ed.gov/school/?164739,https://www.bentley.edu/undergraduate/apply/first-year-applicant,Latest available College Scorecard/IPEDS fields; not represented as 2026-27 outcomes. SAT bounds sum the corresponding official section percentiles; SAT/ACT medians and application fee remain blank unless directly sourced.,UNKNOWN,UNKNOWN,UNKNOWN,PENDING_CURRENT_VERIFICATION,58150,,,77082,LATEST_FEDERAL_OR_SOURCE_REPORTED_BASELINE,USD,,https://collegescorecard.ed.gov/school/?164739,CORE_BASELINE_RESEARCHED;AID_POLICY_DEEP_REVIEW_PENDING;APP_FEE_PENDING
190,franklin-w-olin-college-of-engineering,Franklin W Olin College of Engineering,Franklin W Olin College of Engineering,441982,US,MA,Needham,PRIVATE_NONPROFIT,Specialty/Engineering,COMMON_APP,COMMON_APP,,true,true,HIGH,https://collegescorecard.ed.gov/school/?441982,2026-09-14,LATEST_FEDERAL_AVAILABLE_AS_OF_2026-09-13,,,,21.66,,1480,,1560,34,,35,OPTIONAL,VERIFIED_2026_27_FAIRTEST,,https://collegescorecard.ed.gov/school/?441982,https://www.olin.edu/admission/apply/admission-process,Latest available College Scorecard/IPEDS fields; not represented as 2026-27 outcomes. SAT bounds sum the corresponding official section percentiles; SAT/ACT medians and application fee remain blank unless directly sourced.,UNKNOWN,UNKNOWN,UNKNOWN,PENDING_CURRENT_VERIFICATION,64458,,,81486,LATEST_FEDERAL_OR_SOURCE_REPORTED_BASELINE,USD,,https://collegescorecard.ed.gov/school/?441982,CORE_BASELINE_RESEARCHED;AID_POLICY_DEEP_REVIEW_PENDING;APP_FEE_PENDING
191,the-cooper-union,The Cooper Union for the Advancement of Science and Art,The Cooper Union for the Advancement of Science and Art,190372,US,NY,New York,PRIVATE_NONPROFIT,Specialty/Engineering-Art,COMMON_APP,COMMON_APP,,true,true,HIGH,https://collegescorecard.ed.gov/school/?190372,2026-09-14,LATEST_FEDERAL_AVAILABLE_AS_OF_2026-09-13,,,,19.05,,1400,,1520,33,,34,OPTIONAL,VERIFIED_2026_27_FAIRTEST,,https://collegescorecard.ed.gov/school/?190372,https://cooper.edu/admissions/standardized-test-requirements,Latest available College Scorecard/IPEDS fields; not represented as 2026-27 outcomes. SAT bounds sum the corresponding official section percentiles; SAT/ACT medians and application fee remain blank unless directly sourced.,UNKNOWN,UNKNOWN,UNKNOWN,PENDING_CURRENT_VERIFICATION,46820,,,67088,LATEST_FEDERAL_OR_SOURCE_REPORTED_BASELINE,USD,,https://collegescorecard.ed.gov/school/?190372,CORE_BASELINE_RESEARCHED;AID_POLICY_DEEP_REVIEW_PENDING;APP_FEE_PENDING
192,rose-hulman-institute-of-technology,Rose-Hulman Institute of Technology,Rose-Hulman Institute of Technology,152318,US,IN,Terre Haute,PRIVATE_NONPROFIT,Specialty/Engineering,COMMON_APP,COMMON_APP,,true,true,HIGH,https://collegescorecard.ed.gov/school/?152318,2026-09-14,LATEST_FEDERAL_AVAILABLE_AS_OF_2026-09-13,,,,72.81,,1280,,1470,29,,34,OPTIONAL,VERIFIED_2026_27_FAIRTEST,,https://collegescorecard.ed.gov/school/?152318,https://www.rose-hulman.edu/admissions-and-aid/the-application-process/application-and-deadlines/application-evaluation-criteria.html,Latest available College Scorecard/IPEDS fields; not represented as 2026-27 outcomes. SAT bounds sum the corresponding official section percentiles; SAT/ACT medians and application fee remain blank unless directly sourced.,UNKNOWN,UNKNOWN,UNKNOWN,PENDING_CURRENT_VERIFICATION,56674,,,74226,LATEST_FEDERAL_OR_SOURCE_REPORTED_BASELINE,USD,,https://collegescorecard.ed.gov/school/?152318,CORE_BASELINE_RESEARCHED;AID_POLICY_DEEP_REVIEW_PENDING;APP_FEE_PENDING
193,rhode-island-school-of-design,Rhode Island School of Design,Rhode Island School of Design,217493,US,RI,Providence,PRIVATE_NONPROFIT,Specialty/Art,COMMON_APP,COMMON_APP,,true,true,HIGH,https://collegescorecard.ed.gov/school/?217493,2026-09-14,LATEST_FEDERAL_AVAILABLE_AS_OF_2026-09-13,,,,13.81,,1370,,1540,30,,33,OPTIONAL,VERIFIED_2026_27_FAIRTEST,,https://collegescorecard.ed.gov/school/?217493,https://fairtest.org/test-optional-list/,Latest available College Scorecard/IPEDS fields; not represented as 2026-27 outcomes. SAT bounds sum the corresponding official section percentiles; SAT/ACT medians and application fee remain blank unless directly sourced.,UNKNOWN,UNKNOWN,UNKNOWN,PENDING_CURRENT_VERIFICATION,59760,,,78857,LATEST_FEDERAL_OR_SOURCE_REPORTED_BASELINE,USD,,https://collegescorecard.ed.gov/school/?217493,CORE_BASELINE_RESEARCHED;AID_POLICY_DEEP_REVIEW_PENDING;APP_FEE_PENDING
194,berklee-college-of-music,Berklee College of Music,Berklee College of Music,164748,US,MA,Boston,PRIVATE_NONPROFIT,Specialty/Music,INSTITUTIONAL,INSTITUTIONAL,,false,true,HIGH,https://collegescorecard.ed.gov/school/?164748,2026-09-14,LATEST_FEDERAL_AVAILABLE_AS_OF_2026-09-13,,,,49.91,,,,,,,,OPTIONAL,VERIFIED_2026_27_FAIRTEST,,https://collegescorecard.ed.gov/school/?164748,https://fairtest.org/test-optional-list/,Latest available College Scorecard/IPEDS fields; not represented as 2026-27 outcomes. SAT bounds sum the corresponding official section percentiles; SAT/ACT medians and application fee remain blank unless directly sourced.,UNKNOWN,UNKNOWN,UNKNOWN,PENDING_CURRENT_VERIFICATION,50270,,,69874,LATEST_FEDERAL_OR_SOURCE_REPORTED_BASELINE,USD,,https://collegescorecard.ed.gov/school/?164748,CORE_BASELINE_RESEARCHED;AID_POLICY_DEEP_REVIEW_PENDING;APP_FEE_PENDING
195,the-juilliard-school,The Juilliard School,The Juilliard School,192110,US,NY,New York,PRIVATE_NONPROFIT,Specialty/Performing Arts,INSTITUTIONAL,INSTITUTIONAL,,false,true,HIGH,https://collegescorecard.ed.gov/school/?192110,2026-09-14,LATEST_FEDERAL_AVAILABLE_AS_OF_2026-09-13,,,,8.96,,,,,,,,OPTIONAL,VERIFIED_2026_27_FAIRTEST,,https://collegescorecard.ed.gov/school/?192110,https://fairtest.org/test-optional-list/,Latest available College Scorecard/IPEDS fields; not represented as 2026-27 outcomes. SAT bounds sum the corresponding official section percentiles; SAT/ACT medians and application fee remain blank unless directly sourced.,UNKNOWN,UNKNOWN,UNKNOWN,PENDING_CURRENT_VERIFICATION,56550,,,81090,LATEST_FEDERAL_OR_SOURCE_REPORTED_BASELINE,USD,,https://collegescorecard.ed.gov/school/?192110,CORE_BASELINE_RESEARCHED;AID_POLICY_DEEP_REVIEW_PENDING;APP_FEE_PENDING
196,school-of-the-art-institute-of-chicago,School of the Art Institute of Chicago,School of the Art Institute of Chicago,143048,US,IL,Chicago,PRIVATE_NONPROFIT,Specialty/Art,COMMON_APP,COMMON_APP,,true,true,HIGH,https://collegescorecard.ed.gov/school/?143048,2026-09-14,LATEST_FEDERAL_AVAILABLE_AS_OF_2026-09-13,,,,76.42,,,,,,,,OPTIONAL,VERIFIED_2026_27_FAIRTEST,,https://collegescorecard.ed.gov/school/?143048,https://www.saic.edu/admissions/freshmen/how-to-apply,Latest available College Scorecard/IPEDS fields; not represented as 2026-27 outcomes. SAT bounds sum the corresponding official section percentiles; SAT/ACT medians and application fee remain blank unless directly sourced.,UNKNOWN,UNKNOWN,UNKNOWN,PENDING_CURRENT_VERIFICATION,54530,,,74138,LATEST_FEDERAL_OR_SOURCE_REPORTED_BASELINE,USD,,https://collegescorecard.ed.gov/school/?143048,CORE_BASELINE_RESEARCHED;AID_POLICY_DEEP_REVIEW_PENDING;APP_FEE_PENDING
197,howard-university,Howard University,Howard University,131520,US,DC,Washington,PRIVATE_NONPROFIT,National University/HBCU,COMMON_APP,COMMON_APP,,true,true,HIGH,https://collegescorecard.ed.gov/school/?131520,2026-09-14,LATEST_FEDERAL_AVAILABLE_AS_OF_2026-09-13,,,,34.89,,1100,,1298,22,,28,OPTIONAL,VERIFIED_2026_27_FAIRTEST,,https://collegescorecard.ed.gov/school/?131520,https://admission.howard.edu/undergraduate/admission-policy,Latest available College Scorecard/IPEDS fields; not represented as 2026-27 outcomes. SAT bounds sum the corresponding official section percentiles; SAT/ACT medians and application fee remain blank unless directly sourced.,UNKNOWN,UNKNOWN,UNKNOWN,PENDING_CURRENT_VERIFICATION,33344,,,51450,LATEST_FEDERAL_OR_SOURCE_REPORTED_BASELINE,USD,,https://collegescorecard.ed.gov/school/?131520,CORE_BASELINE_RESEARCHED;AID_POLICY_DEEP_REVIEW_PENDING;APP_FEE_PENDING
198,loyola-university-chicago,Loyola University Chicago,Loyola University Chicago,146719,US,IL,Chicago,PRIVATE_NONPROFIT,National University,COMMON_APP,COMMON_APP,,true,true,HIGH,https://collegescorecard.ed.gov/school/?146719,2026-09-14,LATEST_FEDERAL_AVAILABLE_AS_OF_2026-09-13,,,,81.39,,1160,,1340,27,,31,OPTIONAL,VERIFIED_2026_27_FAIRTEST,,https://collegescorecard.ed.gov/school/?146719,https://www.luc.edu/undergrad/apply/freshman/requirements/,Latest available College Scorecard/IPEDS fields; not represented as 2026-27 outcomes. SAT bounds sum the corresponding official section percentiles; SAT/ACT medians and application fee remain blank unless directly sourced.,UNKNOWN,UNKNOWN,UNKNOWN,PENDING_CURRENT_VERIFICATION,51716,,,64167,LATEST_FEDERAL_OR_SOURCE_REPORTED_BASELINE,USD,,https://collegescorecard.ed.gov/school/?146719,CORE_BASELINE_RESEARCHED;AID_POLICY_DEEP_REVIEW_PENDING;APP_FEE_PENDING
199,marquette-university,Marquette University,Marquette University,239105,US,WI,Milwaukee,PRIVATE_NONPROFIT,National University,COMMON_APP,COMMON_APP,,true,true,HIGH,https://collegescorecard.ed.gov/school/?239105,2026-09-14,LATEST_FEDERAL_AVAILABLE_AS_OF_2026-09-13,,,,87.44,,1190,,1360,26,,31,OPTIONAL,VERIFIED_2026_27_FAIRTEST,,https://collegescorecard.ed.gov/school/?239105,https://fairtest.org/test-optional-list/,Latest available College Scorecard/IPEDS fields; not represented as 2026-27 outcomes. SAT bounds sum the corresponding official section percentiles; SAT/ACT medians and application fee remain blank unless directly sourced.,UNKNOWN,UNKNOWN,UNKNOWN,PENDING_CURRENT_VERIFICATION,48700,,,63233,LATEST_FEDERAL_OR_SOURCE_REPORTED_BASELINE,USD,,https://collegescorecard.ed.gov/school/?239105,CORE_BASELINE_RESEARCHED;AID_POLICY_DEEP_REVIEW_PENDING;APP_FEE_PENDING
200,samford-university,Samford University,Samford University,102049,US,AL,Birmingham,PRIVATE_NONPROFIT,National University,COMMON_APP,COMMON_APP,,true,true,HIGH,https://collegescorecard.ed.gov/school/?102049,2026-09-14,LATEST_FEDERAL_AVAILABLE_AS_OF_2026-09-13,,,,82.23,,1070,,1260,23,,29,OPTIONAL,VERIFIED_2026_27_FAIRTEST,,https://collegescorecard.ed.gov/school/?102049,https://www.samford.edu/admission/apply,Latest available College Scorecard/IPEDS fields; not represented as 2026-27 outcomes. SAT bounds sum the corresponding official section percentiles; SAT/ACT medians and application fee remain blank unless directly sourced.,UNKNOWN,UNKNOWN,UNKNOWN,PENDING_CURRENT_VERIFICATION,38144,,,53934,LATEST_FEDERAL_OR_SOURCE_REPORTED_BASELINE,USD,,https://collegescorecard.ed.gov/school/?102049,CORE_BASELINE_RESEARCHED;AID_POLICY_DEEP_REVIEW_PENDING;APP_FEE_PENDING
