slug,school_name,field,priority,reason,recommended_source,batch_target
princeton-university,Princeton University,application_fee_usd,MEDIUM,Current first-year application fee needs direct/current verification,OFFICIAL_INSTITUTION,BATCH_2_OR_3
princeton-university,Princeton University,sat_50,LOW,Median SAT not reported/verified; do not infer from p25/p75,LATEST_CDS_OR_OFFICIAL,BATCH_2_OR_3
princeton-university,Princeton University,act_50,LOW,Median ACT not reported/verified; do not infer from p25/p75,LATEST_CDS_OR_OFFICIAL,BATCH_2_OR_3
massachusetts-institute-of-technology,Massachusetts Institute of Technology,application_fee_usd,MEDIUM,Current first-year application fee needs direct/current verification,OFFICIAL_INSTITUTION,BATCH_2_OR_3
massachusetts-institute-of-technology,Massachusetts Institute of Technology,sat_50,LOW,Median SAT not reported/verified; do not infer from p25/p75,LATEST_CDS_OR_OFFICIAL,BATCH_2_OR_3
massachusetts-institute-of-technology,Massachusetts Institute of Technology,act_50,LOW,Median ACT not reported/verified; do not infer from p25/p75,LATEST_CDS_OR_OFFICIAL,BATCH_2_OR_3
harvard-university,Harvard University,application_fee_usd,MEDIUM,Current first-year application fee needs direct/current verification,OFFICIAL_INSTITUTION,BATCH_2_OR_3
harvard-university,Harvard University,sat_50,LOW,Median SAT not reported/verified; do not infer from p25/p75,LATEST_CDS_OR_OFFICIAL,BATCH_2_OR_3
harvard-university,Harvard University,act_50,LOW,Median ACT not reported/verified; do not infer from p25/p75,LATEST_CDS_OR_OFFICIAL,BATCH_2_OR_3
stanford-university,Stanford University,application_fee_usd,MEDIUM,Current first-year application fee needs direct/current verification,OFFICIAL_INSTITUTION,BATCH_2_OR_3
stanford-university,Stanford University,sat_50,LOW,Median SAT not reported/verified; do not infer from p25/p75,LATEST_CDS_OR_OFFICIAL,BATCH_2_OR_3
stanford-university,Stanford University,act_50,LOW,Median ACT not reported/verified; do not infer from p25/p75,LATEST_CDS_OR_OFFICIAL,BATCH_2_OR_3
stanford-university,Stanford University,international_aid_policy,HIGH,Need-aware/need-blind/no-need-aid policy for international applicants requires official verification,OFFICIAL_INSTITUTION,BATCH_2_DEEP_VERIFICATION
stanford-university,Stanford University,international_need_based_aid,HIGH,International need-based aid availability requires official verification,OFFICIAL_INSTITUTION,BATCH_2_DEEP_VERIFICATION
stanford-university,Stanford University,meets_full_demonstrated_need_international,HIGH,Full-need commitment for international students requires official verification,LATEST_CDS_OR_OFFICIAL,BATCH_2_DEEP_VERIFICATION
yale-university,Yale University,application_fee_usd,MEDIUM,Current first-year application fee needs direct/current verification,OFFICIAL_INSTITUTION,BATCH_2_OR_3
yale-university,Yale University,sat_50,LOW,Median SAT not reported/verified; do not infer from p25/p75,LATEST_CDS_OR_OFFICIAL,BATCH_2_OR_3
yale-university,Yale University,act_50,LOW,Median ACT not reported/verified; do not infer from p25/p75,LATEST_CDS_OR_OFFICIAL,BATCH_2_OR_3
university-of-pennsylvania,University of Pennsylvania,application_fee_usd,MEDIUM,Current first-year application fee needs direct/current verification,OFFICIAL_INSTITUTION,BATCH_2_OR_3
university-of-pennsylvania,University of Pennsylvania,sat_50,LOW,Median SAT not reported/verified; do not infer from p25/p75,LATEST_CDS_OR_OFFICIAL,BATCH_2_OR_3
university-of-pennsylvania,University of Pennsylvania,act_50,LOW,Median ACT not reported/verified; do not infer from p25/p75,LATEST_CDS_OR_OFFICIAL,BATCH_2_OR_3
university-of-pennsylvania,University of Pennsylvania,international_aid_policy,HIGH,Need-aware/need-blind/no-need-aid policy for international applicants requires official verification,OFFICIAL_INSTITUTION,BATCH_2_DEEP_VERIFICATION
university-of-pennsylvania,University of Pennsylvania,international_need_based_aid,HIGH,International need-based aid availability requires official verification,OFFICIAL_INSTITUTION,BATCH_2_DEEP_VERIFICATION
university-of-pennsylvania,University of Pennsylvania,meets_full_demonstrated_need_international,HIGH,Full-need commitment for international students requires official verification,LATEST_CDS_OR_OFFICIAL,BATCH_2_DEEP_VERIFICATION
california-institute-of-technology,California Institute of Technology,application_fee_usd,MEDIUM,Current first-year application fee needs direct/current verification,OFFICIAL_INSTITUTION,BATCH_2_OR_3
california-institute-of-technology,California Institute of Technology,sat_50,LOW,Median SAT not reported/verified; do not infer from p25/p75,LATEST_CDS_OR_OFFICIAL,BATCH_2_OR_3
california-institute-of-technology,California Institute of Technology,act_50,LOW,Median ACT not reported/verified; do not infer from p25/p75,LATEST_CDS_OR_OFFICIAL,BATCH_2_OR_3
california-institute-of-technology,California Institute of Technology,international_aid_policy,HIGH,Need-aware/need-blind/no-need-aid policy for international applicants requires official verification,OFFICIAL_INSTITUTION,BATCH_2_DEEP_VERIFICATION
california-institute-of-technology,California Institute of Technology,international_need_based_aid,HIGH,International need-based aid availability requires official verification,OFFICIAL_INSTITUTION,BATCH_2_DEEP_VERIFICATION
california-institute-of-technology,California Institute of Technology,meets_full_demonstrated_need_international,HIGH,Full-need commitment for international students requires official verification,LATEST_CDS_OR_OFFICIAL,BATCH_2_DEEP_VERIFICATION
duke-university,Duke University,application_fee_usd,MEDIUM,Current first-year application fee needs direct/current verification,OFFICIAL_INSTITUTION,BATCH_2_OR_3
duke-university,Duke University,sat_50,LOW,Median SAT not reported/verified; do not infer from p25/p75,LATEST_CDS_OR_OFFICIAL,BATCH_2_OR_3
duke-university,Duke University,act_50,LOW,Median ACT not reported/verified; do not infer from p25/p75,LATEST_CDS_OR_OFFICIAL,BATCH_2_OR_3
duke-university,Duke University,international_aid_policy,HIGH,Need-aware/need-blind/no-need-aid policy for international applicants requires official verification,OFFICIAL_INSTITUTION,BATCH_2_DEEP_VERIFICATION
duke-university,Duke University,international_need_based_aid,HIGH,International need-based aid availability requires official verification,OFFICIAL_INSTITUTION,BATCH_2_DEEP_VERIFICATION
duke-university,Duke University,meets_full_demonstrated_need_international,HIGH,Full-need commitment for international students requires official verification,LATEST_CDS_OR_OFFICIAL,BATCH_2_DEEP_VERIFICATION
brown-university,Brown University,application_fee_usd,MEDIUM,Current first-year application fee needs direct/current verification,OFFICIAL_INSTITUTION,BATCH_2_OR_3
brown-university,Brown University,sat_50,LOW,Median SAT not reported/verified; do not infer from p25/p75,LATEST_CDS_OR_OFFICIAL,BATCH_2_OR_3
brown-university,Brown University,act_50,LOW,Median ACT not reported/verified; do not infer from p25/p75,LATEST_CDS_OR_OFFICIAL,BATCH_2_OR_3
johns-hopkins-university,Johns Hopkins University,official_website,MEDIUM,Official homepage not yet verified in Batch 1,OFFICIAL_INSTITUTION,BATCH_2_OR_3
johns-hopkins-university,Johns Hopkins University,application_fee_usd,MEDIUM,Current first-year application fee needs direct/current verification,OFFICIAL_INSTITUTION,BATCH_2_OR_3
johns-hopkins-university,Johns Hopkins University,sat_50,LOW,Median SAT not reported/verified; do not infer from p25/p75,LATEST_CDS_OR_OFFICIAL,BATCH_2_OR_3
johns-hopkins-university,Johns Hopkins University,act_50,LOW,Median ACT not reported/verified; do not infer from p25/p75,LATEST_CDS_OR_OFFICIAL,BATCH_2_OR_3
johns-hopkins-university,Johns Hopkins University,international_aid_policy,HIGH,Need-aware/need-blind/no-need-aid policy for international applicants requires official verification,OFFICIAL_INSTITUTION,BATCH_2_DEEP_VERIFICATION
johns-hopkins-university,Johns Hopkins University,international_need_based_aid,HIGH,International need-based aid availability requires official verification,OFFICIAL_INSTITUTION,BATCH_2_DEEP_VERIFICATION
johns-hopkins-university,Johns Hopkins University,meets_full_demonstrated_need_international,HIGH,Full-need commitment for international students requires official verification,LATEST_CDS_OR_OFFICIAL,BATCH_2_DEEP_VERIFICATION
northwestern-university,Northwestern University,application_fee_usd,MEDIUM,Current first-year application fee needs direct/current verification,OFFICIAL_INSTITUTION,BATCH_2_OR_3
northwestern-university,Northwestern University,sat_50,LOW,Median SAT not reported/verified; do not infer from p25/p75,LATEST_CDS_OR_OFFICIAL,BATCH_2_OR_3
northwestern-university,Northwestern University,act_50,LOW,Median ACT not reported/verified; do not infer from p25/p75,LATEST_CDS_OR_OFFICIAL,BATCH_2_OR_3
northwestern-university,Northwestern University,international_aid_policy,HIGH,Need-aware/need-blind/no-need-aid policy for international applicants requires official verification,OFFICIAL_INSTITUTION,BATCH_2_DEEP_VERIFICATION
northwestern-university,Northwestern University,international_need_based_aid,HIGH,International need-based aid availability requires official verification,OFFICIAL_INSTITUTION,BATCH_2_DEEP_VERIFICATION
northwestern-university,Northwestern University,meets_full_demonstrated_need_international,HIGH,Full-need commitment for international students requires official verification,LATEST_CDS_OR_OFFICIAL,BATCH_2_DEEP_VERIFICATION
columbia-university,Columbia University in the City of New York,application_fee_usd,MEDIUM,Current first-year application fee needs direct/current verification,OFFICIAL_INSTITUTION,BATCH_2_OR_3
columbia-university,Columbia University in the City of New York,sat_50,LOW,Median SAT not reported/verified; do not infer from p25/p75,LATEST_CDS_OR_OFFICIAL,BATCH_2_OR_3
columbia-university,Columbia University in the City of New York,act_50,LOW,Median ACT not reported/verified; do not infer from p25/p75,LATEST_CDS_OR_OFFICIAL,BATCH_2_OR_3
columbia-university,Columbia University in the City of New York,international_aid_policy,HIGH,Need-aware/need-blind/no-need-aid policy for international applicants requires official verification,OFFICIAL_INSTITUTION,BATCH_2_DEEP_VERIFICATION
columbia-university,Columbia University in the City of New York,international_need_based_aid,HIGH,International need-based aid availability requires official verification,OFFICIAL_INSTITUTION,BATCH_2_DEEP_VERIFICATION
columbia-university,Columbia University in the City of New York,meets_full_demonstrated_need_international,HIGH,Full-need commitment for international students requires official verification,LATEST_CDS_OR_OFFICIAL,BATCH_2_DEEP_VERIFICATION
cornell-university,Cornell University,official_website,MEDIUM,Official homepage not yet verified in Batch 1,OFFICIAL_INSTITUTION,BATCH_2_OR_3
cornell-university,Cornell University,application_fee_usd,MEDIUM,Current first-year application fee needs direct/current verification,OFFICIAL_INSTITUTION,BATCH_2_OR_3
cornell-university,Cornell University,sat_50,LOW,Median SAT not reported/verified; do not infer from p25/p75,LATEST_CDS_OR_OFFICIAL,BATCH_2_OR_3
cornell-university,Cornell University,act_50,LOW,Median ACT not reported/verified; do not infer from p25/p75,LATEST_CDS_OR_OFFICIAL,BATCH_2_OR_3
cornell-university,Cornell University,international_aid_policy,HIGH,Need-aware/need-blind/no-need-aid policy for international applicants requires official verification,OFFICIAL_INSTITUTION,BATCH_2_DEEP_VERIFICATION
cornell-university,Cornell University,international_need_based_aid,HIGH,International need-based aid availability requires official verification,OFFICIAL_INSTITUTION,BATCH_2_DEEP_VERIFICATION
cornell-university,Cornell University,meets_full_demonstrated_need_international,HIGH,Full-need commitment for international students requires official verification,LATEST_CDS_OR_OFFICIAL,BATCH_2_DEEP_VERIFICATION
university-of-chicago,University of Chicago,official_website,MEDIUM,Official homepage not yet verified in Batch 1,OFFICIAL_INSTITUTION,BATCH_2_OR_3
university-of-chicago,University of Chicago,application_fee_usd,MEDIUM,Current first-year application fee needs direct/current verification,OFFICIAL_INSTITUTION,BATCH_2_OR_3
university-of-chicago,University of Chicago,sat_50,LOW,Median SAT not reported/verified; do not infer from p25/p75,LATEST_CDS_OR_OFFICIAL,BATCH_2_OR_3
university-of-chicago,University of Chicago,act_50,LOW,Median ACT not reported/verified; do not infer from p25/p75,LATEST_CDS_OR_OFFICIAL,BATCH_2_OR_3
university-of-chicago,University of Chicago,international_aid_policy,HIGH,Need-aware/need-blind/no-need-aid policy for international applicants requires official verification,OFFICIAL_INSTITUTION,BATCH_2_DEEP_VERIFICATION
university-of-chicago,University of Chicago,international_need_based_aid,HIGH,International need-based aid availability requires official verification,OFFICIAL_INSTITUTION,BATCH_2_DEEP_VERIFICATION
university-of-chicago,University of Chicago,meets_full_demonstrated_need_international,HIGH,Full-need commitment for international students requires official verification,LATEST_CDS_OR_OFFICIAL,BATCH_2_DEEP_VERIFICATION
university-of-california-berkeley,University of California-Berkeley,official_website,MEDIUM,Official homepage not yet verified in Batch 1,OFFICIAL_INSTITUTION,BATCH_2_OR_3
university-of-california-berkeley,University of California-Berkeley,application_fee_usd,MEDIUM,Current first-year application fee needs direct/current verification,OFFICIAL_INSTITUTION,BATCH_2_OR_3
university-of-california-berkeley,University of California-Berkeley,sat_50,LOW,Median SAT not reported/verified; do not infer from p25/p75,LATEST_CDS_OR_OFFICIAL,BATCH_2_OR_3
university-of-california-berkeley,University of California-Berkeley,act_50,LOW,Median ACT not reported/verified; do not infer from p25/p75,LATEST_CDS_OR_OFFICIAL,BATCH_2_OR_3
university-of-california-berkeley,University of California-Berkeley,estimated_cost_of_attendance_usd,HIGH,Current annual international/OOS COA needs verification,OFFICIAL_INSTITUTION,BATCH_2_DEEP_VERIFICATION
university-of-california-berkeley,University of California-Berkeley,international_aid_policy,HIGH,Need-aware/need-blind/no-need-aid policy for international applicants requires official verification,OFFICIAL_INSTITUTION,BATCH_2_DEEP_VERIFICATION
university-of-california-berkeley,University of California-Berkeley,international_need_based_aid,HIGH,International need-based aid availability requires official verification,OFFICIAL_INSTITUTION,BATCH_2_DEEP_VERIFICATION
university-of-california-berkeley,University of California-Berkeley,meets_full_demonstrated_need_international,HIGH,Full-need commitment for international students requires official verification,LATEST_CDS_OR_OFFICIAL,BATCH_2_DEEP_VERIFICATION
university-of-california-los-angeles,University of California-Los Angeles,official_website,MEDIUM,Official homepage not yet verified in Batch 1,OFFICIAL_INSTITUTION,BATCH_2_OR_3
university-of-california-los-angeles,University of California-Los Angeles,application_fee_usd,MEDIUM,Current first-year application fee needs direct/current verification,OFFICIAL_INSTITUTION,BATCH_2_OR_3
university-of-california-los-angeles,University of California-Los Angeles,sat_50,LOW,Median SAT not reported/verified; do not infer from p25/p75,LATEST_CDS_OR_OFFICIAL,BATCH_2_OR_3
university-of-california-los-angeles,University of California-Los Angeles,act_50,LOW,Median ACT not reported/verified; do not infer from p25/p75,LATEST_CDS_OR_OFFICIAL,BATCH_2_OR_3
university-of-california-los-angeles,University of California-Los Angeles,estimated_cost_of_attendance_usd,HIGH,Current annual international/OOS COA needs verification,OFFICIAL_INSTITUTION,BATCH_2_DEEP_VERIFICATION
university-of-california-los-angeles,University of California-Los Angeles,international_aid_policy,HIGH,Need-aware/need-blind/no-need-aid policy for international applicants requires official verification,OFFICIAL_INSTITUTION,BATCH_2_DEEP_VERIFICATION
university-of-california-los-angeles,University of California-Los Angeles,international_need_based_aid,HIGH,International need-based aid availability requires official verification,OFFICIAL_INSTITUTION,BATCH_2_DEEP_VERIFICATION
university-of-california-los-angeles,University of California-Los Angeles,meets_full_demonstrated_need_international,HIGH,Full-need commitment for international students requires official verification,LATEST_CDS_OR_OFFICIAL,BATCH_2_DEEP_VERIFICATION
rice-university,Rice University,official_website,MEDIUM,Official homepage not yet verified in Batch 1,OFFICIAL_INSTITUTION,BATCH_2_OR_3
rice-university,Rice University,application_fee_usd,MEDIUM,Current first-year application fee needs direct/current verification,OFFICIAL_INSTITUTION,BATCH_2_OR_3
rice-university,Rice University,sat_50,LOW,Median SAT not reported/verified; do not infer from p25/p75,LATEST_CDS_OR_OFFICIAL,BATCH_2_OR_3
rice-university,Rice University,act_50,LOW,Median ACT not reported/verified; do not infer from p25/p75,LATEST_CDS_OR_OFFICIAL,BATCH_2_OR_3
rice-university,Rice University,international_aid_policy,HIGH,Need-aware/need-blind/no-need-aid policy for international applicants requires official verification,OFFICIAL_INSTITUTION,BATCH_2_DEEP_VERIFICATION
rice-university,Rice University,international_need_based_aid,HIGH,International need-based aid availability requires official verification,OFFICIAL_INSTITUTION,BATCH_2_DEEP_VERIFICATION
rice-university,Rice University,meets_full_demonstrated_need_international,HIGH,Full-need commitment for international students requires official verification,LATEST_CDS_OR_OFFICIAL,BATCH_2_DEEP_VERIFICATION
dartmouth-college,Dartmouth College,application_fee_usd,MEDIUM,Current first-year application fee needs direct/current verification,OFFICIAL_INSTITUTION,BATCH_2_OR_3
dartmouth-college,Dartmouth College,sat_50,LOW,Median SAT not reported/verified; do not infer from p25/p75,LATEST_CDS_OR_OFFICIAL,BATCH_2_OR_3
dartmouth-college,Dartmouth College,act_50,LOW,Median ACT not reported/verified; do not infer from p25/p75,LATEST_CDS_OR_OFFICIAL,BATCH_2_OR_3
vanderbilt-university,Vanderbilt University,official_website,MEDIUM,Official homepage not yet verified in Batch 1,OFFICIAL_INSTITUTION,BATCH_2_OR_3
vanderbilt-university,Vanderbilt University,application_fee_usd,MEDIUM,Current first-year application fee needs direct/current verification,OFFICIAL_INSTITUTION,BATCH_2_OR_3
vanderbilt-university,Vanderbilt University,sat_50,LOW,Median SAT not reported/verified; do not infer from p25/p75,LATEST_CDS_OR_OFFICIAL,BATCH_2_OR_3
vanderbilt-university,Vanderbilt University,act_50,LOW,Median ACT not reported/verified; do not infer from p25/p75,LATEST_CDS_OR_OFFICIAL,BATCH_2_OR_3
vanderbilt-university,Vanderbilt University,international_aid_policy,HIGH,Need-aware/need-blind/no-need-aid policy for international applicants requires official verification,OFFICIAL_INSTITUTION,BATCH_2_DEEP_VERIFICATION
vanderbilt-university,Vanderbilt University,international_need_based_aid,HIGH,International need-based aid availability requires official verification,OFFICIAL_INSTITUTION,BATCH_2_DEEP_VERIFICATION
vanderbilt-university,Vanderbilt University,meets_full_demonstrated_need_international,HIGH,Full-need commitment for international students requires official verification,LATEST_CDS_OR_OFFICIAL,BATCH_2_DEEP_VERIFICATION
university-of-notre-dame,University of Notre Dame,official_website,MEDIUM,Official homepage not yet verified in Batch 1,OFFICIAL_INSTITUTION,BATCH_2_OR_3
university-of-notre-dame,University of Notre Dame,application_fee_usd,MEDIUM,Current first-year application fee needs direct/current verification,OFFICIAL_INSTITUTION,BATCH_2_OR_3
university-of-notre-dame,University of Notre Dame,sat_50,LOW,Median SAT not reported/verified; do not infer from p25/p75,LATEST_CDS_OR_OFFICIAL,BATCH_2_OR_3
university-of-notre-dame,University of Notre Dame,act_50,LOW,Median ACT not reported/verified; do not infer from p25/p75,LATEST_CDS_OR_OFFICIAL,BATCH_2_OR_3
university-of-notre-dame,University of Notre Dame,international_aid_policy,HIGH,Need-aware/need-blind/no-need-aid policy for international applicants requires official verification,OFFICIAL_INSTITUTION,BATCH_2_DEEP_VERIFICATION
university-of-notre-dame,University of Notre Dame,international_need_based_aid,HIGH,International need-based aid availability requires official verification,OFFICIAL_INSTITUTION,BATCH_2_DEEP_VERIFICATION
university-of-notre-dame,University of Notre Dame,meets_full_demonstrated_need_international,HIGH,Full-need commitment for international students requires official verification,LATEST_CDS_OR_OFFICIAL,BATCH_2_DEEP_VERIFICATION
university-of-michiganann-arbor,University of Michigan-Ann Arbor,official_website,MEDIUM,Official homepage not yet verified in Batch 1,OFFICIAL_INSTITUTION,BATCH_2_OR_3
university-of-michiganann-arbor,University of Michigan-Ann Arbor,application_fee_usd,MEDIUM,Current first-year application fee needs direct/current verification,OFFICIAL_INSTITUTION,BATCH_2_OR_3
university-of-michiganann-arbor,University of Michigan-Ann Arbor,sat_50,LOW,Median SAT not reported/verified; do not infer from p25/p75,LATEST_CDS_OR_OFFICIAL,BATCH_2_OR_3
university-of-michiganann-arbor,University of Michigan-Ann Arbor,act_50,LOW,Median ACT not reported/verified; do not infer from p25/p75,LATEST_CDS_OR_OFFICIAL,BATCH_2_OR_3
university-of-michiganann-arbor,University of Michigan-Ann Arbor,estimated_cost_of_attendance_usd,HIGH,Current annual international/OOS COA needs verification,OFFICIAL_INSTITUTION,BATCH_2_DEEP_VERIFICATION
university-of-michiganann-arbor,University of Michigan-Ann Arbor,international_aid_policy,HIGH,Need-aware/need-blind/no-need-aid policy for international applicants requires official verification,OFFICIAL_INSTITUTION,BATCH_2_DEEP_VERIFICATION
university-of-michiganann-arbor,University of Michigan-Ann Arbor,international_need_based_aid,HIGH,International need-based aid availability requires official verification,OFFICIAL_INSTITUTION,BATCH_2_DEEP_VERIFICATION
university-of-michiganann-arbor,University of Michigan-Ann Arbor,meets_full_demonstrated_need_international,HIGH,Full-need commitment for international students requires official verification,LATEST_CDS_OR_OFFICIAL,BATCH_2_DEEP_VERIFICATION
georgetown-university,Georgetown University,official_website,MEDIUM,Official homepage not yet verified in Batch 1,OFFICIAL_INSTITUTION,BATCH_2_OR_3
georgetown-university,Georgetown University,application_fee_usd,MEDIUM,Current first-year application fee needs direct/current verification,OFFICIAL_INSTITUTION,BATCH_2_OR_3
georgetown-university,Georgetown University,sat_50,LOW,Median SAT not reported/verified; do not infer from p25/p75,LATEST_CDS_OR_OFFICIAL,BATCH_2_OR_3
georgetown-university,Georgetown University,act_50,LOW,Median ACT not reported/verified; do not infer from p25/p75,LATEST_CDS_OR_OFFICIAL,BATCH_2_OR_3
georgetown-university,Georgetown University,international_aid_policy,HIGH,Need-aware/need-blind/no-need-aid policy for international applicants requires official verification,OFFICIAL_INSTITUTION,BATCH_2_DEEP_VERIFICATION
georgetown-university,Georgetown University,international_need_based_aid,HIGH,International need-based aid availability requires official verification,OFFICIAL_INSTITUTION,BATCH_2_DEEP_VERIFICATION
georgetown-university,Georgetown University,meets_full_demonstrated_need_international,HIGH,Full-need commitment for international students requires official verification,LATEST_CDS_OR_OFFICIAL,BATCH_2_DEEP_VERIFICATION
university-of-virginia,University of Virginia-Main Campus,official_website,MEDIUM,Official homepage not yet verified in Batch 1,OFFICIAL_INSTITUTION,BATCH_2_OR_3
university-of-virginia,University of Virginia-Main Campus,application_fee_usd,MEDIUM,Current first-year application fee needs direct/current verification,OFFICIAL_INSTITUTION,BATCH_2_OR_3
university-of-virginia,University of Virginia-Main Campus,sat_50,LOW,Median SAT not reported/verified; do not infer from p25/p75,LATEST_CDS_OR_OFFICIAL,BATCH_2_OR_3
university-of-virginia,University of Virginia-Main Campus,act_50,LOW,Median ACT not reported/verified; do not infer from p25/p75,LATEST_CDS_OR_OFFICIAL,BATCH_2_OR_3
university-of-virginia,University of Virginia-Main Campus,estimated_cost_of_attendance_usd,HIGH,Current annual international/OOS COA needs verification,OFFICIAL_INSTITUTION,BATCH_2_DEEP_VERIFICATION
university-of-virginia,University of Virginia-Main Campus,international_aid_policy,HIGH,Need-aware/need-blind/no-need-aid policy for international applicants requires official verification,OFFICIAL_INSTITUTION,BATCH_2_DEEP_VERIFICATION
university-of-virginia,University of Virginia-Main Campus,international_need_based_aid,HIGH,International need-based aid availability requires official verification,OFFICIAL_INSTITUTION,BATCH_2_DEEP_VERIFICATION
university-of-virginia,University of Virginia-Main Campus,meets_full_demonstrated_need_international,HIGH,Full-need commitment for international students requires official verification,LATEST_CDS_OR_OFFICIAL,BATCH_2_DEEP_VERIFICATION
washington-university-in-st-louis,Washington University in St Louis,official_website,MEDIUM,Official homepage not yet verified in Batch 1,OFFICIAL_INSTITUTION,BATCH_2_OR_3
washington-university-in-st-louis,Washington University in St Louis,application_fee_usd,MEDIUM,Current first-year application fee needs direct/current verification,OFFICIAL_INSTITUTION,BATCH_2_OR_3
washington-university-in-st-louis,Washington University in St Louis,sat_50,LOW,Median SAT not reported/verified; do not infer from p25/p75,LATEST_CDS_OR_OFFICIAL,BATCH_2_OR_3
washington-university-in-st-louis,Washington University in St Louis,act_50,LOW,Median ACT not reported/verified; do not infer from p25/p75,LATEST_CDS_OR_OFFICIAL,BATCH_2_OR_3
washington-university-in-st-louis,Washington University in St Louis,international_aid_policy,HIGH,Need-aware/need-blind/no-need-aid policy for international applicants requires official verification,OFFICIAL_INSTITUTION,BATCH_2_DEEP_VERIFICATION
washington-university-in-st-louis,Washington University in St Louis,international_need_based_aid,HIGH,International need-based aid availability requires official verification,OFFICIAL_INSTITUTION,BATCH_2_DEEP_VERIFICATION
washington-university-in-st-louis,Washington University in St Louis,meets_full_demonstrated_need_international,HIGH,Full-need commitment for international students requires official verification,LATEST_CDS_OR_OFFICIAL,BATCH_2_DEEP_VERIFICATION
carnegie-mellon-university,Carnegie Mellon University,official_website,MEDIUM,Official homepage not yet verified in Batch 1,OFFICIAL_INSTITUTION,BATCH_2_OR_3
carnegie-mellon-university,Carnegie Mellon University,application_fee_usd,MEDIUM,Current first-year application fee needs direct/current verification,OFFICIAL_INSTITUTION,BATCH_2_OR_3
carnegie-mellon-university,Carnegie Mellon University,sat_50,LOW,Median SAT not reported/verified; do not infer from p25/p75,LATEST_CDS_OR_OFFICIAL,BATCH_2_OR_3
carnegie-mellon-university,Carnegie Mellon University,act_50,LOW,Median ACT not reported/verified; do not infer from p25/p75,LATEST_CDS_OR_OFFICIAL,BATCH_2_OR_3
carnegie-mellon-university,Carnegie Mellon University,international_aid_policy,HIGH,Need-aware/need-blind/no-need-aid policy for international applicants requires official verification,OFFICIAL_INSTITUTION,BATCH_2_DEEP_VERIFICATION
carnegie-mellon-university,Carnegie Mellon University,international_need_based_aid,HIGH,International need-based aid availability requires official verification,OFFICIAL_INSTITUTION,BATCH_2_DEEP_VERIFICATION
carnegie-mellon-university,Carnegie Mellon University,meets_full_demonstrated_need_international,HIGH,Full-need commitment for international students requires official verification,LATEST_CDS_OR_OFFICIAL,BATCH_2_DEEP_VERIFICATION
emory-university,Emory University,official_website,MEDIUM,Official homepage not yet verified in Batch 1,OFFICIAL_INSTITUTION,BATCH_2_OR_3
emory-university,Emory University,application_fee_usd,MEDIUM,Current first-year application fee needs direct/current verification,OFFICIAL_INSTITUTION,BATCH_2_OR_3
emory-university,Emory University,sat_50,LOW,Median SAT not reported/verified; do not infer from p25/p75,LATEST_CDS_OR_OFFICIAL,BATCH_2_OR_3
emory-university,Emory University,act_50,LOW,Median ACT not reported/verified; do not infer from p25/p75,LATEST_CDS_OR_OFFICIAL,BATCH_2_OR_3
emory-university,Emory University,international_aid_policy,HIGH,Need-aware/need-blind/no-need-aid policy for international applicants requires official verification,OFFICIAL_INSTITUTION,BATCH_2_DEEP_VERIFICATION
emory-university,Emory University,international_need_based_aid,HIGH,International need-based aid availability requires official verification,OFFICIAL_INSTITUTION,BATCH_2_DEEP_VERIFICATION
emory-university,Emory University,meets_full_demonstrated_need_international,HIGH,Full-need commitment for international students requires official verification,LATEST_CDS_OR_OFFICIAL,BATCH_2_DEEP_VERIFICATION
university-of-southern-california,University of Southern California,official_website,MEDIUM,Official homepage not yet verified in Batch 1,OFFICIAL_INSTITUTION,BATCH_2_OR_3
university-of-southern-california,University of Southern California,application_fee_usd,MEDIUM,Current first-year application fee needs direct/current verification,OFFICIAL_INSTITUTION,BATCH_2_OR_3
university-of-southern-california,University of Southern California,sat_50,LOW,Median SAT not reported/verified; do not infer from p25/p75,LATEST_CDS_OR_OFFICIAL,BATCH_2_OR_3
university-of-southern-california,University of Southern California,act_50,LOW,Median ACT not reported/verified; do not infer from p25/p75,LATEST_CDS_OR_OFFICIAL,BATCH_2_OR_3
university-of-southern-california,University of Southern California,international_aid_policy,HIGH,Need-aware/need-blind/no-need-aid policy for international applicants requires official verification,OFFICIAL_INSTITUTION,BATCH_2_DEEP_VERIFICATION
university-of-southern-california,University of Southern California,international_need_based_aid,HIGH,International need-based aid availability requires official verification,OFFICIAL_INSTITUTION,BATCH_2_DEEP_VERIFICATION
university-of-southern-california,University of Southern California,meets_full_demonstrated_need_international,HIGH,Full-need commitment for international students requires official verification,LATEST_CDS_OR_OFFICIAL,BATCH_2_DEEP_VERIFICATION
university-of-california-san-diego,University of California-San Diego,official_website,MEDIUM,Official homepage not yet verified in Batch 1,OFFICIAL_INSTITUTION,BATCH_2_OR_3
university-of-california-san-diego,University of California-San Diego,application_fee_usd,MEDIUM,Current first-year application fee needs direct/current verification,OFFICIAL_INSTITUTION,BATCH_2_OR_3
university-of-california-san-diego,University of California-San Diego,sat_50,LOW,Median SAT not reported/verified; do not infer from p25/p75,LATEST_CDS_OR_OFFICIAL,BATCH_2_OR_3
university-of-california-san-diego,University of California-San Diego,act_50,LOW,Median ACT not reported/verified; do not infer from p25/p75,LATEST_CDS_OR_OFFICIAL,BATCH_2_OR_3
university-of-california-san-diego,University of California-San Diego,estimated_cost_of_attendance_usd,HIGH,Current annual international/OOS COA needs verification,OFFICIAL_INSTITUTION,BATCH_2_DEEP_VERIFICATION
university-of-california-san-diego,University of California-San Diego,international_aid_policy,HIGH,Need-aware/need-blind/no-need-aid policy for international applicants requires official verification,OFFICIAL_INSTITUTION,BATCH_2_DEEP_VERIFICATION
university-of-california-san-diego,University of California-San Diego,international_need_based_aid,HIGH,International need-based aid availability requires official verification,OFFICIAL_INSTITUTION,BATCH_2_DEEP_VERIFICATION
university-of-california-san-diego,University of California-San Diego,meets_full_demonstrated_need_international,HIGH,Full-need commitment for international students requires official verification,LATEST_CDS_OR_OFFICIAL,BATCH_2_DEEP_VERIFICATION
university-of-florida,University of Florida,official_website,MEDIUM,Official homepage not yet verified in Batch 1,OFFICIAL_INSTITUTION,BATCH_2_OR_3
university-of-florida,University of Florida,application_fee_usd,MEDIUM,Current first-year application fee needs direct/current verification,OFFICIAL_INSTITUTION,BATCH_2_OR_3
university-of-florida,University of Florida,sat_50,LOW,Median SAT not reported/verified; do not infer from p25/p75,LATEST_CDS_OR_OFFICIAL,BATCH_2_OR_3
university-of-florida,University of Florida,act_50,LOW,Median ACT not reported/verified; do not infer from p25/p75,LATEST_CDS_OR_OFFICIAL,BATCH_2_OR_3
university-of-florida,University of Florida,estimated_cost_of_attendance_usd,HIGH,Current annual international/OOS COA needs verification,OFFICIAL_INSTITUTION,BATCH_2_DEEP_VERIFICATION
university-of-florida,University of Florida,international_aid_policy,HIGH,Need-aware/need-blind/no-need-aid policy for international applicants requires official verification,OFFICIAL_INSTITUTION,BATCH_2_DEEP_VERIFICATION
university-of-florida,University of Florida,international_need_based_aid,HIGH,International need-based aid availability requires official verification,OFFICIAL_INSTITUTION,BATCH_2_DEEP_VERIFICATION
university-of-florida,University of Florida,meets_full_demonstrated_need_international,HIGH,Full-need commitment for international students requires official verification,LATEST_CDS_OR_OFFICIAL,BATCH_2_DEEP_VERIFICATION
university-of-california-davis,University of California-Davis,official_website,MEDIUM,Official homepage not yet verified in Batch 1,OFFICIAL_INSTITUTION,BATCH_2_OR_3
university-of-california-davis,University of California-Davis,application_fee_usd,MEDIUM,Current first-year application fee needs direct/current verification,OFFICIAL_INSTITUTION,BATCH_2_OR_3
university-of-california-davis,University of California-Davis,sat_50,LOW,Median SAT not reported/verified; do not infer from p25/p75,LATEST_CDS_OR_OFFICIAL,BATCH_2_OR_3
university-of-california-davis,University of California-Davis,act_50,LOW,Median ACT not reported/verified; do not infer from p25/p75,LATEST_CDS_OR_OFFICIAL,BATCH_2_OR_3
university-of-california-davis,University of California-Davis,estimated_cost_of_attendance_usd,HIGH,Current annual international/OOS COA needs verification,OFFICIAL_INSTITUTION,BATCH_2_DEEP_VERIFICATION
university-of-california-davis,University of California-Davis,international_aid_policy,HIGH,Need-aware/need-blind/no-need-aid policy for international applicants requires official verification,OFFICIAL_INSTITUTION,BATCH_2_DEEP_VERIFICATION
university-of-california-davis,University of California-Davis,international_need_based_aid,HIGH,International need-based aid availability requires official verification,OFFICIAL_INSTITUTION,BATCH_2_DEEP_VERIFICATION
university-of-california-davis,University of California-Davis,meets_full_demonstrated_need_international,HIGH,Full-need commitment for international students requires official verification,LATEST_CDS_OR_OFFICIAL,BATCH_2_DEEP_VERIFICATION
university-of-texas-at-austin,The University of Texas at Austin,official_website,MEDIUM,Official homepage not yet verified in Batch 1,OFFICIAL_INSTITUTION,BATCH_2_OR_3
university-of-texas-at-austin,The University of Texas at Austin,application_fee_usd,MEDIUM,Current first-year application fee needs direct/current verification,OFFICIAL_INSTITUTION,BATCH_2_OR_3
university-of-texas-at-austin,The University of Texas at Austin,sat_50,LOW,Median SAT not reported/verified; do not infer from p25/p75,LATEST_CDS_OR_OFFICIAL,BATCH_2_OR_3
university-of-texas-at-austin,The University of Texas at Austin,act_50,LOW,Median ACT not reported/verified; do not infer from p25/p75,LATEST_CDS_OR_OFFICIAL,BATCH_2_OR_3
university-of-texas-at-austin,The University of Texas at Austin,estimated_cost_of_attendance_usd,HIGH,Current annual international/OOS COA needs verification,OFFICIAL_INSTITUTION,BATCH_2_DEEP_VERIFICATION
university-of-texas-at-austin,The University of Texas at Austin,international_aid_policy,HIGH,Need-aware/need-blind/no-need-aid policy for international applicants requires official verification,OFFICIAL_INSTITUTION,BATCH_2_DEEP_VERIFICATION
university-of-texas-at-austin,The University of Texas at Austin,international_need_based_aid,HIGH,International need-based aid availability requires official verification,OFFICIAL_INSTITUTION,BATCH_2_DEEP_VERIFICATION
university-of-texas-at-austin,The University of Texas at Austin,meets_full_demonstrated_need_international,HIGH,Full-need commitment for international students requires official verification,LATEST_CDS_OR_OFFICIAL,BATCH_2_DEEP_VERIFICATION
university-of-california-irvine,University of California-Irvine,official_website,MEDIUM,Official homepage not yet verified in Batch 1,OFFICIAL_INSTITUTION,BATCH_2_OR_3
university-of-california-irvine,University of California-Irvine,application_fee_usd,MEDIUM,Current first-year application fee needs direct/current verification,OFFICIAL_INSTITUTION,BATCH_2_OR_3
university-of-california-irvine,University of California-Irvine,sat_50,LOW,Median SAT not reported/verified; do not infer from p25/p75,LATEST_CDS_OR_OFFICIAL,BATCH_2_OR_3
university-of-california-irvine,University of California-Irvine,act_50,LOW,Median ACT not reported/verified; do not infer from p25/p75,LATEST_CDS_OR_OFFICIAL,BATCH_2_OR_3
university-of-california-irvine,University of California-Irvine,estimated_cost_of_attendance_usd,HIGH,Current annual international/OOS COA needs verification,OFFICIAL_INSTITUTION,BATCH_2_DEEP_VERIFICATION
university-of-california-irvine,University of California-Irvine,international_aid_policy,HIGH,Need-aware/need-blind/no-need-aid policy for international applicants requires official verification,OFFICIAL_INSTITUTION,BATCH_2_DEEP_VERIFICATION
university-of-california-irvine,University of California-Irvine,international_need_based_aid,HIGH,International need-based aid availability requires official verification,OFFICIAL_INSTITUTION,BATCH_2_DEEP_VERIFICATION
university-of-california-irvine,University of California-Irvine,meets_full_demonstrated_need_international,HIGH,Full-need commitment for international students requires official verification,LATEST_CDS_OR_OFFICIAL,BATCH_2_DEEP_VERIFICATION
georgia-institute-of-technology,Georgia Institute of Technology-Main Campus,official_website,MEDIUM,Official homepage not yet verified in Batch 1,OFFICIAL_INSTITUTION,BATCH_2_OR_3
georgia-institute-of-technology,Georgia Institute of Technology-Main Campus,application_fee_usd,MEDIUM,Current first-year application fee needs direct/current verification,OFFICIAL_INSTITUTION,BATCH_2_OR_3
georgia-institute-of-technology,Georgia Institute of Technology-Main Campus,sat_50,LOW,Median SAT not reported/verified; do not infer from p25/p75,LATEST_CDS_OR_OFFICIAL,BATCH_2_OR_3
georgia-institute-of-technology,Georgia Institute of Technology-Main Campus,act_50,LOW,Median ACT not reported/verified; do not infer from p25/p75,LATEST_CDS_OR_OFFICIAL,BATCH_2_OR_3
georgia-institute-of-technology,Georgia Institute of Technology-Main Campus,estimated_cost_of_attendance_usd,HIGH,Current annual international/OOS COA needs verification,OFFICIAL_INSTITUTION,BATCH_2_DEEP_VERIFICATION
georgia-institute-of-technology,Georgia Institute of Technology-Main Campus,international_aid_policy,HIGH,Need-aware/need-blind/no-need-aid policy for international applicants requires official verification,OFFICIAL_INSTITUTION,BATCH_2_DEEP_VERIFICATION
georgia-institute-of-technology,Georgia Institute of Technology-Main Campus,international_need_based_aid,HIGH,International need-based aid availability requires official verification,OFFICIAL_INSTITUTION,BATCH_2_DEEP_VERIFICATION
georgia-institute-of-technology,Georgia Institute of Technology-Main Campus,meets_full_demonstrated_need_international,HIGH,Full-need commitment for international students requires official verification,LATEST_CDS_OR_OFFICIAL,BATCH_2_DEEP_VERIFICATION
university-of-california-santa-barbara,University of California-Santa Barbara,official_website,MEDIUM,Official homepage not yet verified in Batch 1,OFFICIAL_INSTITUTION,BATCH_2_OR_3
university-of-california-santa-barbara,University of California-Santa Barbara,application_fee_usd,MEDIUM,Current first-year application fee needs direct/current verification,OFFICIAL_INSTITUTION,BATCH_2_OR_3
university-of-california-santa-barbara,University of California-Santa Barbara,sat_50,LOW,Median SAT not reported/verified; do not infer from p25/p75,LATEST_CDS_OR_OFFICIAL,BATCH_2_OR_3
university-of-california-santa-barbara,University of California-Santa Barbara,act_50,LOW,Median ACT not reported/verified; do not infer from p25/p75,LATEST_CDS_OR_OFFICIAL,BATCH_2_OR_3
university-of-california-santa-barbara,University of California-Santa Barbara,estimated_cost_of_attendance_usd,HIGH,Current annual international/OOS COA needs verification,OFFICIAL_INSTITUTION,BATCH_2_DEEP_VERIFICATION
university-of-california-santa-barbara,University of California-Santa Barbara,international_aid_policy,HIGH,Need-aware/need-blind/no-need-aid policy for international applicants requires official verification,OFFICIAL_INSTITUTION,BATCH_2_DEEP_VERIFICATION
university-of-california-santa-barbara,University of California-Santa Barbara,international_need_based_aid,HIGH,International need-based aid availability requires official verification,OFFICIAL_INSTITUTION,BATCH_2_DEEP_VERIFICATION
university-of-california-santa-barbara,University of California-Santa Barbara,meets_full_demonstrated_need_international,HIGH,Full-need commitment for international students requires official verification,LATEST_CDS_OR_OFFICIAL,BATCH_2_DEEP_VERIFICATION
university-of-illinois-urbana-champaign,University of Illinois Urbana-Champaign,official_website,MEDIUM,Official homepage not yet verified in Batch 1,OFFICIAL_INSTITUTION,BATCH_2_OR_3
university-of-illinois-urbana-champaign,University of Illinois Urbana-Champaign,application_fee_usd,MEDIUM,Current first-year application fee needs direct/current verification,OFFICIAL_INSTITUTION,BATCH_2_OR_3
university-of-illinois-urbana-champaign,University of Illinois Urbana-Champaign,sat_50,LOW,Median SAT not reported/verified; do not infer from p25/p75,LATEST_CDS_OR_OFFICIAL,BATCH_2_OR_3
university-of-illinois-urbana-champaign,University of Illinois Urbana-Champaign,act_50,LOW,Median ACT not reported/verified; do not infer from p25/p75,LATEST_CDS_OR_OFFICIAL,BATCH_2_OR_3
university-of-illinois-urbana-champaign,University of Illinois Urbana-Champaign,estimated_cost_of_attendance_usd,HIGH,Current annual international/OOS COA needs verification,OFFICIAL_INSTITUTION,BATCH_2_DEEP_VERIFICATION
university-of-illinois-urbana-champaign,University of Illinois Urbana-Champaign,international_aid_policy,HIGH,Need-aware/need-blind/no-need-aid policy for international applicants requires official verification,OFFICIAL_INSTITUTION,BATCH_2_DEEP_VERIFICATION
university-of-illinois-urbana-champaign,University of Illinois Urbana-Champaign,international_need_based_aid,HIGH,International need-based aid availability requires official verification,OFFICIAL_INSTITUTION,BATCH_2_DEEP_VERIFICATION
university-of-illinois-urbana-champaign,University of Illinois Urbana-Champaign,meets_full_demonstrated_need_international,HIGH,Full-need commitment for international students requires official verification,LATEST_CDS_OR_OFFICIAL,BATCH_2_DEEP_VERIFICATION
university-of-wisconsinmadison,University of Wisconsin-Madison,official_website,MEDIUM,Official homepage not yet verified in Batch 1,OFFICIAL_INSTITUTION,BATCH_2_OR_3
university-of-wisconsinmadison,University of Wisconsin-Madison,application_fee_usd,MEDIUM,Current first-year application fee needs direct/current verification,OFFICIAL_INSTITUTION,BATCH_2_OR_3
university-of-wisconsinmadison,University of Wisconsin-Madison,sat_50,LOW,Median SAT not reported/verified; do not infer from p25/p75,LATEST_CDS_OR_OFFICIAL,BATCH_2_OR_3
university-of-wisconsinmadison,University of Wisconsin-Madison,act_50,LOW,Median ACT not reported/verified; do not infer from p25/p75,LATEST_CDS_OR_OFFICIAL,BATCH_2_OR_3
university-of-wisconsinmadison,University of Wisconsin-Madison,estimated_cost_of_attendance_usd,HIGH,Current annual international/OOS COA needs verification,OFFICIAL_INSTITUTION,BATCH_2_DEEP_VERIFICATION
university-of-wisconsinmadison,University of Wisconsin-Madison,international_aid_policy,HIGH,Need-aware/need-blind/no-need-aid policy for international applicants requires official verification,OFFICIAL_INSTITUTION,BATCH_2_DEEP_VERIFICATION
university-of-wisconsinmadison,University of Wisconsin-Madison,international_need_based_aid,HIGH,International need-based aid availability requires official verification,OFFICIAL_INSTITUTION,BATCH_2_DEEP_VERIFICATION
university-of-wisconsinmadison,University of Wisconsin-Madison,meets_full_demonstrated_need_international,HIGH,Full-need commitment for international students requires official verification,LATEST_CDS_OR_OFFICIAL,BATCH_2_DEEP_VERIFICATION
new-york-university,New York University,official_website,MEDIUM,Official homepage not yet verified in Batch 1,OFFICIAL_INSTITUTION,BATCH_2_OR_3
new-york-university,New York University,application_fee_usd,MEDIUM,Current first-year application fee needs direct/current verification,OFFICIAL_INSTITUTION,BATCH_2_OR_3
new-york-university,New York University,sat_50,LOW,Median SAT not reported/verified; do not infer from p25/p75,LATEST_CDS_OR_OFFICIAL,BATCH_2_OR_3
new-york-university,New York University,act_50,LOW,Median ACT not reported/verified; do not infer from p25/p75,LATEST_CDS_OR_OFFICIAL,BATCH_2_OR_3
new-york-university,New York University,international_aid_policy,HIGH,Need-aware/need-blind/no-need-aid policy for international applicants requires official verification,OFFICIAL_INSTITUTION,BATCH_2_DEEP_VERIFICATION
new-york-university,New York University,international_need_based_aid,HIGH,International need-based aid availability requires official verification,OFFICIAL_INSTITUTION,BATCH_2_DEEP_VERIFICATION
new-york-university,New York University,meets_full_demonstrated_need_international,HIGH,Full-need commitment for international students requires official verification,LATEST_CDS_OR_OFFICIAL,BATCH_2_DEEP_VERIFICATION
boston-college,Boston College,official_website,MEDIUM,Official homepage not yet verified in Batch 1,OFFICIAL_INSTITUTION,BATCH_2_OR_3
boston-college,Boston College,application_fee_usd,MEDIUM,Current first-year application fee needs direct/current verification,OFFICIAL_INSTITUTION,BATCH_2_OR_3
boston-college,Boston College,sat_50,LOW,Median SAT not reported/verified; do not infer from p25/p75,LATEST_CDS_OR_OFFICIAL,BATCH_2_OR_3
boston-college,Boston College,act_50,LOW,Median ACT not reported/verified; do not infer from p25/p75,LATEST_CDS_OR_OFFICIAL,BATCH_2_OR_3
boston-college,Boston College,international_aid_policy,HIGH,Need-aware/need-blind/no-need-aid policy for international applicants requires official verification,OFFICIAL_INSTITUTION,BATCH_2_DEEP_VERIFICATION
boston-college,Boston College,international_need_based_aid,HIGH,International need-based aid availability requires official verification,OFFICIAL_INSTITUTION,BATCH_2_DEEP_VERIFICATION
boston-college,Boston College,meets_full_demonstrated_need_international,HIGH,Full-need commitment for international students requires official verification,LATEST_CDS_OR_OFFICIAL,BATCH_2_DEEP_VERIFICATION
university-of-washington,University of Washington-Seattle Campus,official_website,MEDIUM,Official homepage not yet verified in Batch 1,OFFICIAL_INSTITUTION,BATCH_2_OR_3
university-of-washington,University of Washington-Seattle Campus,application_fee_usd,MEDIUM,Current first-year application fee needs direct/current verification,OFFICIAL_INSTITUTION,BATCH_2_OR_3
university-of-washington,University of Washington-Seattle Campus,sat_50,LOW,Median SAT not reported/verified; do not infer from p25/p75,LATEST_CDS_OR_OFFICIAL,BATCH_2_OR_3
university-of-washington,University of Washington-Seattle Campus,act_50,LOW,Median ACT not reported/verified; do not infer from p25/p75,LATEST_CDS_OR_OFFICIAL,BATCH_2_OR_3
university-of-washington,University of Washington-Seattle Campus,estimated_cost_of_attendance_usd,HIGH,Current annual international/OOS COA needs verification,OFFICIAL_INSTITUTION,BATCH_2_DEEP_VERIFICATION
university-of-washington,University of Washington-Seattle Campus,international_aid_policy,HIGH,Need-aware/need-blind/no-need-aid policy for international applicants requires official verification,OFFICIAL_INSTITUTION,BATCH_2_DEEP_VERIFICATION
university-of-washington,University of Washington-Seattle Campus,international_need_based_aid,HIGH,International need-based aid availability requires official verification,OFFICIAL_INSTITUTION,BATCH_2_DEEP_VERIFICATION
university-of-washington,University of Washington-Seattle Campus,meets_full_demonstrated_need_international,HIGH,Full-need commitment for international students requires official verification,LATEST_CDS_OR_OFFICIAL,BATCH_2_DEEP_VERIFICATION
tufts-university,Tufts University,official_website,MEDIUM,Official homepage not yet verified in Batch 1,OFFICIAL_INSTITUTION,BATCH_2_OR_3
tufts-university,Tufts University,application_fee_usd,MEDIUM,Current first-year application fee needs direct/current verification,OFFICIAL_INSTITUTION,BATCH_2_OR_3
tufts-university,Tufts University,sat_50,LOW,Median SAT not reported/verified; do not infer from p25/p75,LATEST_CDS_OR_OFFICIAL,BATCH_2_OR_3
tufts-university,Tufts University,act_50,LOW,Median ACT not reported/verified; do not infer from p25/p75,LATEST_CDS_OR_OFFICIAL,BATCH_2_OR_3
tufts-university,Tufts University,international_aid_policy,HIGH,Need-aware/need-blind/no-need-aid policy for international applicants requires official verification,OFFICIAL_INSTITUTION,BATCH_2_DEEP_VERIFICATION
tufts-university,Tufts University,international_need_based_aid,HIGH,International need-based aid availability requires official verification,OFFICIAL_INSTITUTION,BATCH_2_DEEP_VERIFICATION
tufts-university,Tufts University,meets_full_demonstrated_need_international,HIGH,Full-need commitment for international students requires official verification,LATEST_CDS_OR_OFFICIAL,BATCH_2_DEEP_VERIFICATION
rutgers-universitynew-brunswick,Rutgers University-New Brunswick,official_website,MEDIUM,Official homepage not yet verified in Batch 1,OFFICIAL_INSTITUTION,BATCH_2_OR_3
rutgers-universitynew-brunswick,Rutgers University-New Brunswick,application_fee_usd,MEDIUM,Current first-year application fee needs direct/current verification,OFFICIAL_INSTITUTION,BATCH_2_OR_3
rutgers-universitynew-brunswick,Rutgers University-New Brunswick,sat_50,LOW,Median SAT not reported/verified; do not infer from p25/p75,LATEST_CDS_OR_OFFICIAL,BATCH_2_OR_3
rutgers-universitynew-brunswick,Rutgers University-New Brunswick,act_50,LOW,Median ACT not reported/verified; do not infer from p25/p75,LATEST_CDS_OR_OFFICIAL,BATCH_2_OR_3
rutgers-universitynew-brunswick,Rutgers University-New Brunswick,estimated_cost_of_attendance_usd,HIGH,Current annual international/OOS COA needs verification,OFFICIAL_INSTITUTION,BATCH_2_DEEP_VERIFICATION
rutgers-universitynew-brunswick,Rutgers University-New Brunswick,international_aid_policy,HIGH,Need-aware/need-blind/no-need-aid policy for international applicants requires official verification,OFFICIAL_INSTITUTION,BATCH_2_DEEP_VERIFICATION
rutgers-universitynew-brunswick,Rutgers University-New Brunswick,international_need_based_aid,HIGH,International need-based aid availability requires official verification,OFFICIAL_INSTITUTION,BATCH_2_DEEP_VERIFICATION
rutgers-universitynew-brunswick,Rutgers University-New Brunswick,meets_full_demonstrated_need_international,HIGH,Full-need commitment for international students requires official verification,LATEST_CDS_OR_OFFICIAL,BATCH_2_DEEP_VERIFICATION
boston-university,Boston University,official_website,MEDIUM,Official homepage not yet verified in Batch 1,OFFICIAL_INSTITUTION,BATCH_2_OR_3
boston-university,Boston University,application_fee_usd,MEDIUM,Current first-year application fee needs direct/current verification,OFFICIAL_INSTITUTION,BATCH_2_OR_3
boston-university,Boston University,sat_50,LOW,Median SAT not reported/verified; do not infer from p25/p75,LATEST_CDS_OR_OFFICIAL,BATCH_2_OR_3
boston-university,Boston University,act_50,LOW,Median ACT not reported/verified; do not infer from p25/p75,LATEST_CDS_OR_OFFICIAL,BATCH_2_OR_3
boston-university,Boston University,international_aid_policy,HIGH,Need-aware/need-blind/no-need-aid policy for international applicants requires official verification,OFFICIAL_INSTITUTION,BATCH_2_DEEP_VERIFICATION
boston-university,Boston University,international_need_based_aid,HIGH,International need-based aid availability requires official verification,OFFICIAL_INSTITUTION,BATCH_2_DEEP_VERIFICATION
boston-university,Boston University,meets_full_demonstrated_need_international,HIGH,Full-need commitment for international students requires official verification,LATEST_CDS_OR_OFFICIAL,BATCH_2_DEEP_VERIFICATION
the-ohio-state-university,Ohio State University-Main Campus,official_website,MEDIUM,Official homepage not yet verified in Batch 1,OFFICIAL_INSTITUTION,BATCH_2_OR_3
the-ohio-state-university,Ohio State University-Main Campus,application_fee_usd,MEDIUM,Current first-year application fee needs direct/current verification,OFFICIAL_INSTITUTION,BATCH_2_OR_3
the-ohio-state-university,Ohio State University-Main Campus,sat_50,LOW,Median SAT not reported/verified; do not infer from p25/p75,LATEST_CDS_OR_OFFICIAL,BATCH_2_OR_3
the-ohio-state-university,Ohio State University-Main Campus,act_50,LOW,Median ACT not reported/verified; do not infer from p25/p75,LATEST_CDS_OR_OFFICIAL,BATCH_2_OR_3
the-ohio-state-university,Ohio State University-Main Campus,estimated_cost_of_attendance_usd,HIGH,Current annual international/OOS COA needs verification,OFFICIAL_INSTITUTION,BATCH_2_DEEP_VERIFICATION
the-ohio-state-university,Ohio State University-Main Campus,international_aid_policy,HIGH,Need-aware/need-blind/no-need-aid policy for international applicants requires official verification,OFFICIAL_INSTITUTION,BATCH_2_DEEP_VERIFICATION
the-ohio-state-university,Ohio State University-Main Campus,international_need_based_aid,HIGH,International need-based aid availability requires official verification,OFFICIAL_INSTITUTION,BATCH_2_DEEP_VERIFICATION
the-ohio-state-university,Ohio State University-Main Campus,meets_full_demonstrated_need_international,HIGH,Full-need commitment for international students requires official verification,LATEST_CDS_OR_OFFICIAL,BATCH_2_DEEP_VERIFICATION
university-of-maryland-college-park,University of Maryland-College Park,official_website,MEDIUM,Official homepage not yet verified in Batch 1,OFFICIAL_INSTITUTION,BATCH_2_OR_3
university-of-maryland-college-park,University of Maryland-College Park,application_fee_usd,MEDIUM,Current first-year application fee needs direct/current verification,OFFICIAL_INSTITUTION,BATCH_2_OR_3
university-of-maryland-college-park,University of Maryland-College Park,sat_50,LOW,Median SAT not reported/verified; do not infer from p25/p75,LATEST_CDS_OR_OFFICIAL,BATCH_2_OR_3
university-of-maryland-college-park,University of Maryland-College Park,act_50,LOW,Median ACT not reported/verified; do not infer from p25/p75,LATEST_CDS_OR_OFFICIAL,BATCH_2_OR_3
university-of-maryland-college-park,University of Maryland-College Park,estimated_cost_of_attendance_usd,HIGH,Current annual international/OOS COA needs verification,OFFICIAL_INSTITUTION,BATCH_2_DEEP_VERIFICATION
university-of-maryland-college-park,University of Maryland-College Park,international_aid_policy,HIGH,Need-aware/need-blind/no-need-aid policy for international applicants requires official verification,OFFICIAL_INSTITUTION,BATCH_2_DEEP_VERIFICATION
university-of-maryland-college-park,University of Maryland-College Park,international_need_based_aid,HIGH,International need-based aid availability requires official verification,OFFICIAL_INSTITUTION,BATCH_2_DEEP_VERIFICATION
university-of-maryland-college-park,University of Maryland-College Park,meets_full_demonstrated_need_international,HIGH,Full-need commitment for international students requires official verification,LATEST_CDS_OR_OFFICIAL,BATCH_2_DEEP_VERIFICATION
university-of-rochester,University of Rochester,official_website,MEDIUM,Official homepage not yet verified in Batch 1,OFFICIAL_INSTITUTION,BATCH_2_OR_3
university-of-rochester,University of Rochester,application_fee_usd,MEDIUM,Current first-year application fee needs direct/current verification,OFFICIAL_INSTITUTION,BATCH_2_OR_3
university-of-rochester,University of Rochester,sat_50,LOW,Median SAT not reported/verified; do not infer from p25/p75,LATEST_CDS_OR_OFFICIAL,BATCH_2_OR_3
university-of-rochester,University of Rochester,act_50,LOW,Median ACT not reported/verified; do not infer from p25/p75,LATEST_CDS_OR_OFFICIAL,BATCH_2_OR_3
university-of-rochester,University of Rochester,international_aid_policy,HIGH,Need-aware/need-blind/no-need-aid policy for international applicants requires official verification,OFFICIAL_INSTITUTION,BATCH_2_DEEP_VERIFICATION
university-of-rochester,University of Rochester,international_need_based_aid,HIGH,International need-based aid availability requires official verification,OFFICIAL_INSTITUTION,BATCH_2_DEEP_VERIFICATION
university-of-rochester,University of Rochester,meets_full_demonstrated_need_international,HIGH,Full-need commitment for international students requires official verification,LATEST_CDS_OR_OFFICIAL,BATCH_2_DEEP_VERIFICATION
purdue-university,Purdue University,official_website,MEDIUM,Official homepage not yet verified in Batch 1,OFFICIAL_INSTITUTION,BATCH_2_OR_3
purdue-university,Purdue University,application_fee_usd,MEDIUM,Current first-year application fee needs direct/current verification,OFFICIAL_INSTITUTION,BATCH_2_OR_3
purdue-university,Purdue University,international_aid_policy,HIGH,Need-aware/need-blind/no-need-aid policy for international applicants requires official verification,OFFICIAL_INSTITUTION,BATCH_2_DEEP_VERIFICATION
purdue-university,Purdue University,international_need_based_aid,HIGH,International need-based aid availability requires official verification,OFFICIAL_INSTITUTION,BATCH_2_DEEP_VERIFICATION
purdue-university,Purdue University,meets_full_demonstrated_need_international,HIGH,Full-need commitment for international students requires official verification,LATEST_CDS_OR_OFFICIAL,BATCH_2_DEEP_VERIFICATION
university-of-north-carolina-at-chapel-hill,University of North Carolina at Chapel Hill,official_website,MEDIUM,Official homepage not yet verified in Batch 1,OFFICIAL_INSTITUTION,BATCH_2_OR_3
university-of-north-carolina-at-chapel-hill,University of North Carolina at Chapel Hill,application_fee_usd,MEDIUM,Current first-year application fee needs direct/current verification,OFFICIAL_INSTITUTION,BATCH_2_OR_3
university-of-north-carolina-at-chapel-hill,University of North Carolina at Chapel Hill,sat_50,LOW,Median SAT not reported/verified; do not infer from p25/p75,LATEST_CDS_OR_OFFICIAL,BATCH_2_OR_3
university-of-north-carolina-at-chapel-hill,University of North Carolina at Chapel Hill,act_50,LOW,Median ACT not reported/verified; do not infer from p25/p75,LATEST_CDS_OR_OFFICIAL,BATCH_2_OR_3
university-of-north-carolina-at-chapel-hill,University of North Carolina at Chapel Hill,estimated_cost_of_attendance_usd,HIGH,Current annual international/OOS COA needs verification,OFFICIAL_INSTITUTION,BATCH_2_DEEP_VERIFICATION
university-of-north-carolina-at-chapel-hill,University of North Carolina at Chapel Hill,international_aid_policy,HIGH,Need-aware/need-blind/no-need-aid policy for international applicants requires official verification,OFFICIAL_INSTITUTION,BATCH_2_DEEP_VERIFICATION
university-of-north-carolina-at-chapel-hill,University of North Carolina at Chapel Hill,international_need_based_aid,HIGH,International need-based aid availability requires official verification,OFFICIAL_INSTITUTION,BATCH_2_DEEP_VERIFICATION
university-of-north-carolina-at-chapel-hill,University of North Carolina at Chapel Hill,meets_full_demonstrated_need_international,HIGH,Full-need commitment for international students requires official verification,LATEST_CDS_OR_OFFICIAL,BATCH_2_DEEP_VERIFICATION
wake-forest-university,Wake Forest University,official_website,MEDIUM,Official homepage not yet verified in Batch 1,OFFICIAL_INSTITUTION,BATCH_2_OR_3
wake-forest-university,Wake Forest University,application_fee_usd,MEDIUM,Current first-year application fee needs direct/current verification,OFFICIAL_INSTITUTION,BATCH_2_OR_3
wake-forest-university,Wake Forest University,sat_50,LOW,Median SAT not reported/verified; do not infer from p25/p75,LATEST_CDS_OR_OFFICIAL,BATCH_2_OR_3
wake-forest-university,Wake Forest University,act_50,LOW,Median ACT not reported/verified; do not infer from p25/p75,LATEST_CDS_OR_OFFICIAL,BATCH_2_OR_3
wake-forest-university,Wake Forest University,international_aid_policy,HIGH,Need-aware/need-blind/no-need-aid policy for international applicants requires official verification,OFFICIAL_INSTITUTION,BATCH_2_DEEP_VERIFICATION
wake-forest-university,Wake Forest University,international_need_based_aid,HIGH,International need-based aid availability requires official verification,OFFICIAL_INSTITUTION,BATCH_2_DEEP_VERIFICATION
wake-forest-university,Wake Forest University,meets_full_demonstrated_need_international,HIGH,Full-need commitment for international students requires official verification,LATEST_CDS_OR_OFFICIAL,BATCH_2_DEEP_VERIFICATION
virginia-tech,Virginia Polytechnic Institute and State University,official_website,MEDIUM,Official homepage not yet verified in Batch 1,OFFICIAL_INSTITUTION,BATCH_2_OR_3
virginia-tech,Virginia Polytechnic Institute and State University,application_fee_usd,MEDIUM,Current first-year application fee needs direct/current verification,OFFICIAL_INSTITUTION,BATCH_2_OR_3
virginia-tech,Virginia Polytechnic Institute and State University,sat_50,LOW,Median SAT not reported/verified; do not infer from p25/p75,LATEST_CDS_OR_OFFICIAL,BATCH_2_OR_3
virginia-tech,Virginia Polytechnic Institute and State University,act_50,LOW,Median ACT not reported/verified; do not infer from p25/p75,LATEST_CDS_OR_OFFICIAL,BATCH_2_OR_3
virginia-tech,Virginia Polytechnic Institute and State University,estimated_cost_of_attendance_usd,HIGH,Current annual international/OOS COA needs verification,OFFICIAL_INSTITUTION,BATCH_2_DEEP_VERIFICATION
virginia-tech,Virginia Polytechnic Institute and State University,international_aid_policy,HIGH,Need-aware/need-blind/no-need-aid policy for international applicants requires official verification,OFFICIAL_INSTITUTION,BATCH_2_DEEP_VERIFICATION
virginia-tech,Virginia Polytechnic Institute and State University,international_need_based_aid,HIGH,International need-based aid availability requires official verification,OFFICIAL_INSTITUTION,BATCH_2_DEEP_VERIFICATION
virginia-tech,Virginia Polytechnic Institute and State University,meets_full_demonstrated_need_international,HIGH,Full-need commitment for international students requires official verification,LATEST_CDS_OR_OFFICIAL,BATCH_2_DEEP_VERIFICATION
texas-a-and-m-university,Texas A&M University,official_website,MEDIUM,Official homepage not yet verified in Batch 1,OFFICIAL_INSTITUTION,BATCH_2_OR_3
texas-a-and-m-university,Texas A&M University,international_aid_policy,HIGH,Need-aware/need-blind/no-need-aid policy for international applicants requires official verification,OFFICIAL_INSTITUTION,BATCH_2_DEEP_VERIFICATION
texas-a-and-m-university,Texas A&M University,international_need_based_aid,HIGH,International need-based aid availability requires official verification,OFFICIAL_INSTITUTION,BATCH_2_DEEP_VERIFICATION
texas-a-and-m-university,Texas A&M University,meets_full_demonstrated_need_international,HIGH,Full-need commitment for international students requires official verification,LATEST_CDS_OR_OFFICIAL,BATCH_2_DEEP_VERIFICATION
florida-state-university,Florida State University,official_website,MEDIUM,Official homepage not yet verified in Batch 1,OFFICIAL_INSTITUTION,BATCH_2_OR_3
florida-state-university,Florida State University,application_fee_usd,MEDIUM,Current first-year application fee needs direct/current verification,OFFICIAL_INSTITUTION,BATCH_2_OR_3
florida-state-university,Florida State University,sat_50,LOW,Median SAT not reported/verified; do not infer from p25/p75,LATEST_CDS_OR_OFFICIAL,BATCH_2_OR_3
florida-state-university,Florida State University,act_50,LOW,Median ACT not reported/verified; do not infer from p25/p75,LATEST_CDS_OR_OFFICIAL,BATCH_2_OR_3
florida-state-university,Florida State University,international_aid_policy,HIGH,Need-aware/need-blind/no-need-aid policy for international applicants requires official verification,OFFICIAL_INSTITUTION,BATCH_2_DEEP_VERIFICATION
florida-state-university,Florida State University,international_need_based_aid,HIGH,International need-based aid availability requires official verification,OFFICIAL_INSTITUTION,BATCH_2_DEEP_VERIFICATION
florida-state-university,Florida State University,meets_full_demonstrated_need_international,HIGH,Full-need commitment for international students requires official verification,LATEST_CDS_OR_OFFICIAL,BATCH_2_DEEP_VERIFICATION
northeastern-university,Northeastern University,official_website,MEDIUM,Official homepage not yet verified in Batch 1,OFFICIAL_INSTITUTION,BATCH_2_OR_3
northeastern-university,Northeastern University,application_fee_usd,MEDIUM,Current first-year application fee needs direct/current verification,OFFICIAL_INSTITUTION,BATCH_2_OR_3
northeastern-university,Northeastern University,sat_50,LOW,Median SAT not reported/verified; do not infer from p25/p75,LATEST_CDS_OR_OFFICIAL,BATCH_2_OR_3
northeastern-university,Northeastern University,act_50,LOW,Median ACT not reported/verified; do not infer from p25/p75,LATEST_CDS_OR_OFFICIAL,BATCH_2_OR_3
northeastern-university,Northeastern University,international_aid_policy,HIGH,Need-aware/need-blind/no-need-aid policy for international applicants requires official verification,OFFICIAL_INSTITUTION,BATCH_2_DEEP_VERIFICATION
northeastern-university,Northeastern University,international_need_based_aid,HIGH,International need-based aid availability requires official verification,OFFICIAL_INSTITUTION,BATCH_2_DEEP_VERIFICATION
northeastern-university,Northeastern University,meets_full_demonstrated_need_international,HIGH,Full-need commitment for international students requires official verification,LATEST_CDS_OR_OFFICIAL,BATCH_2_DEEP_VERIFICATION
case-western-reserve-university,Case Western Reserve University,official_website,MEDIUM,Official homepage not yet verified in Batch 1,OFFICIAL_INSTITUTION,BATCH_2_OR_3
case-western-reserve-university,Case Western Reserve University,application_fee_usd,MEDIUM,Current first-year application fee needs direct/current verification,OFFICIAL_INSTITUTION,BATCH_2_OR_3
case-western-reserve-university,Case Western Reserve University,sat_50,LOW,Median SAT not reported/verified; do not infer from p25/p75,LATEST_CDS_OR_OFFICIAL,BATCH_2_OR_3
case-western-reserve-university,Case Western Reserve University,act_50,LOW,Median ACT not reported/verified; do not infer from p25/p75,LATEST_CDS_OR_OFFICIAL,BATCH_2_OR_3
case-western-reserve-university,Case Western Reserve University,international_aid_policy,HIGH,Need-aware/need-blind/no-need-aid policy for international applicants requires official verification,OFFICIAL_INSTITUTION,BATCH_2_DEEP_VERIFICATION
case-western-reserve-university,Case Western Reserve University,international_need_based_aid,HIGH,International need-based aid availability requires official verification,OFFICIAL_INSTITUTION,BATCH_2_DEEP_VERIFICATION
case-western-reserve-university,Case Western Reserve University,meets_full_demonstrated_need_international,HIGH,Full-need commitment for international students requires official verification,LATEST_CDS_OR_OFFICIAL,BATCH_2_DEEP_VERIFICATION
tulane-university,Tulane University of Louisiana,official_website,MEDIUM,Official homepage not yet verified in Batch 1,OFFICIAL_INSTITUTION,BATCH_2_OR_3
tulane-university,Tulane University of Louisiana,application_fee_usd,MEDIUM,Current first-year application fee needs direct/current verification,OFFICIAL_INSTITUTION,BATCH_2_OR_3
tulane-university,Tulane University of Louisiana,sat_50,LOW,Median SAT not reported/verified; do not infer from p25/p75,LATEST_CDS_OR_OFFICIAL,BATCH_2_OR_3
tulane-university,Tulane University of Louisiana,act_50,LOW,Median ACT not reported/verified; do not infer from p25/p75,LATEST_CDS_OR_OFFICIAL,BATCH_2_OR_3
tulane-university,Tulane University of Louisiana,international_aid_policy,HIGH,Need-aware/need-blind/no-need-aid policy for international applicants requires official verification,OFFICIAL_INSTITUTION,BATCH_2_DEEP_VERIFICATION
tulane-university,Tulane University of Louisiana,international_need_based_aid,HIGH,International need-based aid availability requires official verification,OFFICIAL_INSTITUTION,BATCH_2_DEEP_VERIFICATION
tulane-university,Tulane University of Louisiana,meets_full_demonstrated_need_international,HIGH,Full-need commitment for international students requires official verification,LATEST_CDS_OR_OFFICIAL,BATCH_2_DEEP_VERIFICATION
university-of-miami,University of Miami,official_website,MEDIUM,Official homepage not yet verified in Batch 1,OFFICIAL_INSTITUTION,BATCH_2_OR_3
university-of-miami,University of Miami,application_fee_usd,MEDIUM,Current first-year application fee needs direct/current verification,OFFICIAL_INSTITUTION,BATCH_2_OR_3
university-of-miami,University of Miami,sat_50,LOW,Median SAT not reported/verified; do not infer from p25/p75,LATEST_CDS_OR_OFFICIAL,BATCH_2_OR_3
university-of-miami,University of Miami,act_50,LOW,Median ACT not reported/verified; do not infer from p25/p75,LATEST_CDS_OR_OFFICIAL,BATCH_2_OR_3
university-of-miami,University of Miami,international_aid_policy,HIGH,Need-aware/need-blind/no-need-aid policy for international applicants requires official verification,OFFICIAL_INSTITUTION,BATCH_2_DEEP_VERIFICATION
university-of-miami,University of Miami,international_need_based_aid,HIGH,International need-based aid availability requires official verification,OFFICIAL_INSTITUTION,BATCH_2_DEEP_VERIFICATION
university-of-miami,University of Miami,meets_full_demonstrated_need_international,HIGH,Full-need commitment for international students requires official verification,LATEST_CDS_OR_OFFICIAL,BATCH_2_DEEP_VERIFICATION
university-of-georgia,University of Georgia,official_website,MEDIUM,Official homepage not yet verified in Batch 1,OFFICIAL_INSTITUTION,BATCH_2_OR_3
university-of-georgia,University of Georgia,application_fee_usd,MEDIUM,Current first-year application fee needs direct/current verification,OFFICIAL_INSTITUTION,BATCH_2_OR_3
university-of-georgia,University of Georgia,sat_50,LOW,Median SAT not reported/verified; do not infer from p25/p75,LATEST_CDS_OR_OFFICIAL,BATCH_2_OR_3
university-of-georgia,University of Georgia,act_50,LOW,Median ACT not reported/verified; do not infer from p25/p75,LATEST_CDS_OR_OFFICIAL,BATCH_2_OR_3
university-of-georgia,University of Georgia,estimated_cost_of_attendance_usd,HIGH,Current annual international/OOS COA needs verification,OFFICIAL_INSTITUTION,BATCH_2_DEEP_VERIFICATION
university-of-georgia,University of Georgia,international_aid_policy,HIGH,Need-aware/need-blind/no-need-aid policy for international applicants requires official verification,OFFICIAL_INSTITUTION,BATCH_2_DEEP_VERIFICATION
university-of-georgia,University of Georgia,international_need_based_aid,HIGH,International need-based aid availability requires official verification,OFFICIAL_INSTITUTION,BATCH_2_DEEP_VERIFICATION
university-of-georgia,University of Georgia,meets_full_demonstrated_need_international,HIGH,Full-need commitment for international students requires official verification,LATEST_CDS_OR_OFFICIAL,BATCH_2_DEEP_VERIFICATION
lehigh-university,Lehigh University,official_website,MEDIUM,Official homepage not yet verified in Batch 1,OFFICIAL_INSTITUTION,BATCH_2_OR_3
lehigh-university,Lehigh University,application_fee_usd,MEDIUM,Current first-year application fee needs direct/current verification,OFFICIAL_INSTITUTION,BATCH_2_OR_3
lehigh-university,Lehigh University,sat_50,LOW,Median SAT not reported/verified; do not infer from p25/p75,LATEST_CDS_OR_OFFICIAL,BATCH_2_OR_3
lehigh-university,Lehigh University,act_50,LOW,Median ACT not reported/verified; do not infer from p25/p75,LATEST_CDS_OR_OFFICIAL,BATCH_2_OR_3
lehigh-university,Lehigh University,international_aid_policy,HIGH,Need-aware/need-blind/no-need-aid policy for international applicants requires official verification,OFFICIAL_INSTITUTION,BATCH_2_DEEP_VERIFICATION
lehigh-university,Lehigh University,international_need_based_aid,HIGH,International need-based aid availability requires official verification,OFFICIAL_INSTITUTION,BATCH_2_DEEP_VERIFICATION
lehigh-university,Lehigh University,meets_full_demonstrated_need_international,HIGH,Full-need commitment for international students requires official verification,LATEST_CDS_OR_OFFICIAL,BATCH_2_DEEP_VERIFICATION
villanova-university,Villanova University,official_website,MEDIUM,Official homepage not yet verified in Batch 1,OFFICIAL_INSTITUTION,BATCH_2_OR_3
villanova-university,Villanova University,application_fee_usd,MEDIUM,Current first-year application fee needs direct/current verification,OFFICIAL_INSTITUTION,BATCH_2_OR_3
villanova-university,Villanova University,sat_50,LOW,Median SAT not reported/verified; do not infer from p25/p75,LATEST_CDS_OR_OFFICIAL,BATCH_2_OR_3
villanova-university,Villanova University,act_50,LOW,Median ACT not reported/verified; do not infer from p25/p75,LATEST_CDS_OR_OFFICIAL,BATCH_2_OR_3
villanova-university,Villanova University,international_aid_policy,HIGH,Need-aware/need-blind/no-need-aid policy for international applicants requires official verification,OFFICIAL_INSTITUTION,BATCH_2_DEEP_VERIFICATION
villanova-university,Villanova University,international_need_based_aid,HIGH,International need-based aid availability requires official verification,OFFICIAL_INSTITUTION,BATCH_2_DEEP_VERIFICATION
villanova-university,Villanova University,meets_full_demonstrated_need_international,HIGH,Full-need commitment for international students requires official verification,LATEST_CDS_OR_OFFICIAL,BATCH_2_DEEP_VERIFICATION
rensselaer-polytechnic-institute,Rensselaer Polytechnic Institute,official_website,MEDIUM,Official homepage not yet verified in Batch 1,OFFICIAL_INSTITUTION,BATCH_2_OR_3
rensselaer-polytechnic-institute,Rensselaer Polytechnic Institute,application_fee_usd,MEDIUM,Current first-year application fee needs direct/current verification,OFFICIAL_INSTITUTION,BATCH_2_OR_3
rensselaer-polytechnic-institute,Rensselaer Polytechnic Institute,sat_50,LOW,Median SAT not reported/verified; do not infer from p25/p75,LATEST_CDS_OR_OFFICIAL,BATCH_2_OR_3
rensselaer-polytechnic-institute,Rensselaer Polytechnic Institute,act_50,LOW,Median ACT not reported/verified; do not infer from p25/p75,LATEST_CDS_OR_OFFICIAL,BATCH_2_OR_3
rensselaer-polytechnic-institute,Rensselaer Polytechnic Institute,international_aid_policy,HIGH,Need-aware/need-blind/no-need-aid policy for international applicants requires official verification,OFFICIAL_INSTITUTION,BATCH_2_DEEP_VERIFICATION
rensselaer-polytechnic-institute,Rensselaer Polytechnic Institute,international_need_based_aid,HIGH,International need-based aid availability requires official verification,OFFICIAL_INSTITUTION,BATCH_2_DEEP_VERIFICATION
rensselaer-polytechnic-institute,Rensselaer Polytechnic Institute,meets_full_demonstrated_need_international,HIGH,Full-need commitment for international students requires official verification,LATEST_CDS_OR_OFFICIAL,BATCH_2_DEEP_VERIFICATION
brandeis-university,Brandeis University,official_website,MEDIUM,Official homepage not yet verified in Batch 1,OFFICIAL_INSTITUTION,BATCH_2_OR_3
brandeis-university,Brandeis University,application_fee_usd,MEDIUM,Current first-year application fee needs direct/current verification,OFFICIAL_INSTITUTION,BATCH_2_OR_3
brandeis-university,Brandeis University,sat_50,LOW,Median SAT not reported/verified; do not infer from p25/p75,LATEST_CDS_OR_OFFICIAL,BATCH_2_OR_3
brandeis-university,Brandeis University,act_50,LOW,Median ACT not reported/verified; do not infer from p25/p75,LATEST_CDS_OR_OFFICIAL,BATCH_2_OR_3
brandeis-university,Brandeis University,international_aid_policy,HIGH,Need-aware/need-blind/no-need-aid policy for international applicants requires official verification,OFFICIAL_INSTITUTION,BATCH_2_DEEP_VERIFICATION
brandeis-university,Brandeis University,international_need_based_aid,HIGH,International need-based aid availability requires official verification,OFFICIAL_INSTITUTION,BATCH_2_DEEP_VERIFICATION
brandeis-university,Brandeis University,meets_full_demonstrated_need_international,HIGH,Full-need commitment for international students requires official verification,LATEST_CDS_OR_OFFICIAL,BATCH_2_DEEP_VERIFICATION
william-and-mary,William & Mary,official_website,MEDIUM,Official homepage not yet verified in Batch 1,OFFICIAL_INSTITUTION,BATCH_2_OR_3
william-and-mary,William & Mary,application_fee_usd,MEDIUM,Current first-year application fee needs direct/current verification,OFFICIAL_INSTITUTION,BATCH_2_OR_3
william-and-mary,William & Mary,sat_50,LOW,Median SAT not reported/verified; do not infer from p25/p75,LATEST_CDS_OR_OFFICIAL,BATCH_2_OR_3
william-and-mary,William & Mary,act_50,LOW,Median ACT not reported/verified; do not infer from p25/p75,LATEST_CDS_OR_OFFICIAL,BATCH_2_OR_3
william-and-mary,William & Mary,estimated_cost_of_attendance_usd,HIGH,Current annual international/OOS COA needs verification,OFFICIAL_INSTITUTION,BATCH_2_DEEP_VERIFICATION
william-and-mary,William & Mary,international_aid_policy,HIGH,Need-aware/need-blind/no-need-aid policy for international applicants requires official verification,OFFICIAL_INSTITUTION,BATCH_2_DEEP_VERIFICATION
william-and-mary,William & Mary,international_need_based_aid,HIGH,International need-based aid availability requires official verification,OFFICIAL_INSTITUTION,BATCH_2_DEEP_VERIFICATION
william-and-mary,William & Mary,meets_full_demonstrated_need_international,HIGH,Full-need commitment for international students requires official verification,LATEST_CDS_OR_OFFICIAL,BATCH_2_DEEP_VERIFICATION
clemson-university,Clemson University,official_website,MEDIUM,Official homepage not yet verified in Batch 1,OFFICIAL_INSTITUTION,BATCH_2_OR_3
clemson-university,Clemson University,application_fee_usd,MEDIUM,Current first-year application fee needs direct/current verification,OFFICIAL_INSTITUTION,BATCH_2_OR_3
clemson-university,Clemson University,sat_50,LOW,Median SAT not reported/verified; do not infer from p25/p75,LATEST_CDS_OR_OFFICIAL,BATCH_2_OR_3
clemson-university,Clemson University,act_50,LOW,Median ACT not reported/verified; do not infer from p25/p75,LATEST_CDS_OR_OFFICIAL,BATCH_2_OR_3
clemson-university,Clemson University,estimated_cost_of_attendance_usd,HIGH,Current annual international/OOS COA needs verification,OFFICIAL_INSTITUTION,BATCH_2_DEEP_VERIFICATION
clemson-university,Clemson University,international_aid_policy,HIGH,Need-aware/need-blind/no-need-aid policy for international applicants requires official verification,OFFICIAL_INSTITUTION,BATCH_2_DEEP_VERIFICATION
clemson-university,Clemson University,international_need_based_aid,HIGH,International need-based aid availability requires official verification,OFFICIAL_INSTITUTION,BATCH_2_DEEP_VERIFICATION
clemson-university,Clemson University,meets_full_demonstrated_need_international,HIGH,Full-need commitment for international students requires official verification,LATEST_CDS_OR_OFFICIAL,BATCH_2_DEEP_VERIFICATION
southern-methodist-university,Southern Methodist University,official_website,MEDIUM,Official homepage not yet verified in Batch 1,OFFICIAL_INSTITUTION,BATCH_2_OR_3
southern-methodist-university,Southern Methodist University,application_fee_usd,MEDIUM,Current first-year application fee needs direct/current verification,OFFICIAL_INSTITUTION,BATCH_2_OR_3
southern-methodist-university,Southern Methodist University,sat_50,LOW,Median SAT not reported/verified; do not infer from p25/p75,LATEST_CDS_OR_OFFICIAL,BATCH_2_OR_3
southern-methodist-university,Southern Methodist University,act_50,LOW,Median ACT not reported/verified; do not infer from p25/p75,LATEST_CDS_OR_OFFICIAL,BATCH_2_OR_3
southern-methodist-university,Southern Methodist University,international_aid_policy,HIGH,Need-aware/need-blind/no-need-aid policy for international applicants requires official verification,OFFICIAL_INSTITUTION,BATCH_2_DEEP_VERIFICATION
southern-methodist-university,Southern Methodist University,international_need_based_aid,HIGH,International need-based aid availability requires official verification,OFFICIAL_INSTITUTION,BATCH_2_DEEP_VERIFICATION
southern-methodist-university,Southern Methodist University,meets_full_demonstrated_need_international,HIGH,Full-need commitment for international students requires official verification,LATEST_CDS_OR_OFFICIAL,BATCH_2_DEEP_VERIFICATION
george-washington-university,George Washington University,official_website,MEDIUM,Official homepage not yet verified in Batch 1,OFFICIAL_INSTITUTION,BATCH_2_OR_3
george-washington-university,George Washington University,application_fee_usd,MEDIUM,Current first-year application fee needs direct/current verification,OFFICIAL_INSTITUTION,BATCH_2_OR_3
george-washington-university,George Washington University,sat_50,LOW,Median SAT not reported/verified; do not infer from p25/p75,LATEST_CDS_OR_OFFICIAL,BATCH_2_OR_3
george-washington-university,George Washington University,act_50,LOW,Median ACT not reported/verified; do not infer from p25/p75,LATEST_CDS_OR_OFFICIAL,BATCH_2_OR_3
george-washington-university,George Washington University,international_aid_policy,HIGH,Need-aware/need-blind/no-need-aid policy for international applicants requires official verification,OFFICIAL_INSTITUTION,BATCH_2_DEEP_VERIFICATION
george-washington-university,George Washington University,international_need_based_aid,HIGH,International need-based aid availability requires official verification,OFFICIAL_INSTITUTION,BATCH_2_DEEP_VERIFICATION
george-washington-university,George Washington University,meets_full_demonstrated_need_international,HIGH,Full-need commitment for international students requires official verification,LATEST_CDS_OR_OFFICIAL,BATCH_2_DEEP_VERIFICATION
pennsylvania-state-university,Pennsylvania State University-Main Campus,official_website,MEDIUM,Official homepage not yet verified in Batch 1,OFFICIAL_INSTITUTION,BATCH_2_OR_3
pennsylvania-state-university,Pennsylvania State University-Main Campus,application_fee_usd,MEDIUM,Current first-year application fee needs direct/current verification,OFFICIAL_INSTITUTION,BATCH_2_OR_3
pennsylvania-state-university,Pennsylvania State University-Main Campus,sat_50,LOW,Median SAT not reported/verified; do not infer from p25/p75,LATEST_CDS_OR_OFFICIAL,BATCH_2_OR_3
pennsylvania-state-university,Pennsylvania State University-Main Campus,act_50,LOW,Median ACT not reported/verified; do not infer from p25/p75,LATEST_CDS_OR_OFFICIAL,BATCH_2_OR_3
pennsylvania-state-university,Pennsylvania State University-Main Campus,estimated_cost_of_attendance_usd,HIGH,Current annual international/OOS COA needs verification,OFFICIAL_INSTITUTION,BATCH_2_DEEP_VERIFICATION
pennsylvania-state-university,Pennsylvania State University-Main Campus,international_aid_policy,HIGH,Need-aware/need-blind/no-need-aid policy for international applicants requires official verification,OFFICIAL_INSTITUTION,BATCH_2_DEEP_VERIFICATION
pennsylvania-state-university,Pennsylvania State University-Main Campus,international_need_based_aid,HIGH,International need-based aid availability requires official verification,OFFICIAL_INSTITUTION,BATCH_2_DEEP_VERIFICATION
pennsylvania-state-university,Pennsylvania State University-Main Campus,meets_full_demonstrated_need_international,HIGH,Full-need commitment for international students requires official verification,LATEST_CDS_OR_OFFICIAL,BATCH_2_DEEP_VERIFICATION
university-of-minnesota-twin-cities,University of Minnesota-Twin Cities,official_website,MEDIUM,Official homepage not yet verified in Batch 1,OFFICIAL_INSTITUTION,BATCH_2_OR_3
university-of-minnesota-twin-cities,University of Minnesota-Twin Cities,application_fee_usd,MEDIUM,Current first-year application fee needs direct/current verification,OFFICIAL_INSTITUTION,BATCH_2_OR_3
university-of-minnesota-twin-cities,University of Minnesota-Twin Cities,sat_50,LOW,Median SAT not reported/verified; do not infer from p25/p75,LATEST_CDS_OR_OFFICIAL,BATCH_2_OR_3
university-of-minnesota-twin-cities,University of Minnesota-Twin Cities,act_50,LOW,Median ACT not reported/verified; do not infer from p25/p75,LATEST_CDS_OR_OFFICIAL,BATCH_2_OR_3
university-of-minnesota-twin-cities,University of Minnesota-Twin Cities,estimated_cost_of_attendance_usd,HIGH,Current annual international/OOS COA needs verification,OFFICIAL_INSTITUTION,BATCH_2_DEEP_VERIFICATION
university-of-minnesota-twin-cities,University of Minnesota-Twin Cities,international_aid_policy,HIGH,Need-aware/need-blind/no-need-aid policy for international applicants requires official verification,OFFICIAL_INSTITUTION,BATCH_2_DEEP_VERIFICATION
university-of-minnesota-twin-cities,University of Minnesota-Twin Cities,international_need_based_aid,HIGH,International need-based aid availability requires official verification,OFFICIAL_INSTITUTION,BATCH_2_DEEP_VERIFICATION
university-of-minnesota-twin-cities,University of Minnesota-Twin Cities,meets_full_demonstrated_need_international,HIGH,Full-need commitment for international students requires official verification,LATEST_CDS_OR_OFFICIAL,BATCH_2_DEEP_VERIFICATION
indiana-university-bloomington,Indiana University-Bloomington,official_website,MEDIUM,Official homepage not yet verified in Batch 1,OFFICIAL_INSTITUTION,BATCH_2_OR_3
indiana-university-bloomington,Indiana University-Bloomington,application_fee_usd,MEDIUM,Current first-year application fee needs direct/current verification,OFFICIAL_INSTITUTION,BATCH_2_OR_3
indiana-university-bloomington,Indiana University-Bloomington,sat_50,LOW,Median SAT not reported/verified; do not infer from p25/p75,LATEST_CDS_OR_OFFICIAL,BATCH_2_OR_3
indiana-university-bloomington,Indiana University-Bloomington,act_50,LOW,Median ACT not reported/verified; do not infer from p25/p75,LATEST_CDS_OR_OFFICIAL,BATCH_2_OR_3
indiana-university-bloomington,Indiana University-Bloomington,estimated_cost_of_attendance_usd,HIGH,Current annual international/OOS COA needs verification,OFFICIAL_INSTITUTION,BATCH_2_DEEP_VERIFICATION
indiana-university-bloomington,Indiana University-Bloomington,international_aid_policy,HIGH,Need-aware/need-blind/no-need-aid policy for international applicants requires official verification,OFFICIAL_INSTITUTION,BATCH_2_DEEP_VERIFICATION
indiana-university-bloomington,Indiana University-Bloomington,international_need_based_aid,HIGH,International need-based aid availability requires official verification,OFFICIAL_INSTITUTION,BATCH_2_DEEP_VERIFICATION
indiana-university-bloomington,Indiana University-Bloomington,meets_full_demonstrated_need_international,HIGH,Full-need commitment for international students requires official verification,LATEST_CDS_OR_OFFICIAL,BATCH_2_DEEP_VERIFICATION
michigan-state-university,Michigan State University,official_website,MEDIUM,Official homepage not yet verified in Batch 1,OFFICIAL_INSTITUTION,BATCH_2_OR_3
michigan-state-university,Michigan State University,application_fee_usd,MEDIUM,Current first-year application fee needs direct/current verification,OFFICIAL_INSTITUTION,BATCH_2_OR_3
michigan-state-university,Michigan State University,sat_50,LOW,Median SAT not reported/verified; do not infer from p25/p75,LATEST_CDS_OR_OFFICIAL,BATCH_2_OR_3
michigan-state-university,Michigan State University,act_50,LOW,Median ACT not reported/verified; do not infer from p25/p75,LATEST_CDS_OR_OFFICIAL,BATCH_2_OR_3
michigan-state-university,Michigan State University,estimated_cost_of_attendance_usd,HIGH,Current annual international/OOS COA needs verification,OFFICIAL_INSTITUTION,BATCH_2_DEEP_VERIFICATION
michigan-state-university,Michigan State University,international_aid_policy,HIGH,Need-aware/need-blind/no-need-aid policy for international applicants requires official verification,OFFICIAL_INSTITUTION,BATCH_2_DEEP_VERIFICATION
michigan-state-university,Michigan State University,international_need_based_aid,HIGH,International need-based aid availability requires official verification,OFFICIAL_INSTITUTION,BATCH_2_DEEP_VERIFICATION
michigan-state-university,Michigan State University,meets_full_demonstrated_need_international,HIGH,Full-need commitment for international students requires official verification,LATEST_CDS_OR_OFFICIAL,BATCH_2_DEEP_VERIFICATION
north-carolina-state-university,North Carolina State University,official_website,MEDIUM,Official homepage not yet verified in Batch 1,OFFICIAL_INSTITUTION,BATCH_2_OR_3
north-carolina-state-university,North Carolina State University,application_fee_usd,MEDIUM,Current first-year application fee needs direct/current verification,OFFICIAL_INSTITUTION,BATCH_2_OR_3
north-carolina-state-university,North Carolina State University,sat_50,LOW,Median SAT not reported/verified; do not infer from p25/p75,LATEST_CDS_OR_OFFICIAL,BATCH_2_OR_3
north-carolina-state-university,North Carolina State University,international_aid_policy,HIGH,Need-aware/need-blind/no-need-aid policy for international applicants requires official verification,OFFICIAL_INSTITUTION,BATCH_2_DEEP_VERIFICATION
north-carolina-state-university,North Carolina State University,international_need_based_aid,HIGH,International need-based aid availability requires official verification,OFFICIAL_INSTITUTION,BATCH_2_DEEP_VERIFICATION
north-carolina-state-university,North Carolina State University,meets_full_demonstrated_need_international,HIGH,Full-need commitment for international students requires official verification,LATEST_CDS_OR_OFFICIAL,BATCH_2_DEEP_VERIFICATION
university-of-california-santa-cruz,University of California-Santa Cruz,official_website,MEDIUM,Official homepage not yet verified in Batch 1,OFFICIAL_INSTITUTION,BATCH_2_OR_3
university-of-california-santa-cruz,University of California-Santa Cruz,application_fee_usd,MEDIUM,Current first-year application fee needs direct/current verification,OFFICIAL_INSTITUTION,BATCH_2_OR_3
university-of-california-santa-cruz,University of California-Santa Cruz,sat_50,LOW,Median SAT not reported/verified; do not infer from p25/p75,LATEST_CDS_OR_OFFICIAL,BATCH_2_OR_3
university-of-california-santa-cruz,University of California-Santa Cruz,act_50,LOW,Median ACT not reported/verified; do not infer from p25/p75,LATEST_CDS_OR_OFFICIAL,BATCH_2_OR_3
university-of-california-santa-cruz,University of California-Santa Cruz,estimated_cost_of_attendance_usd,HIGH,Current annual international/OOS COA needs verification,OFFICIAL_INSTITUTION,BATCH_2_DEEP_VERIFICATION
university-of-california-santa-cruz,University of California-Santa Cruz,international_aid_policy,HIGH,Need-aware/need-blind/no-need-aid policy for international applicants requires official verification,OFFICIAL_INSTITUTION,BATCH_2_DEEP_VERIFICATION
university-of-california-santa-cruz,University of California-Santa Cruz,international_need_based_aid,HIGH,International need-based aid availability requires official verification,OFFICIAL_INSTITUTION,BATCH_2_DEEP_VERIFICATION
university-of-california-santa-cruz,University of California-Santa Cruz,meets_full_demonstrated_need_international,HIGH,Full-need commitment for international students requires official verification,LATEST_CDS_OR_OFFICIAL,BATCH_2_DEEP_VERIFICATION
university-of-california-riverside,University of California-Riverside,official_website,MEDIUM,Official homepage not yet verified in Batch 1,OFFICIAL_INSTITUTION,BATCH_2_OR_3
university-of-california-riverside,University of California-Riverside,application_fee_usd,MEDIUM,Current first-year application fee needs direct/current verification,OFFICIAL_INSTITUTION,BATCH_2_OR_3
university-of-california-riverside,University of California-Riverside,sat_50,LOW,Median SAT not reported/verified; do not infer from p25/p75,LATEST_CDS_OR_OFFICIAL,BATCH_2_OR_3
university-of-california-riverside,University of California-Riverside,act_50,LOW,Median ACT not reported/verified; do not infer from p25/p75,LATEST_CDS_OR_OFFICIAL,BATCH_2_OR_3
university-of-california-riverside,University of California-Riverside,estimated_cost_of_attendance_usd,HIGH,Current annual international/OOS COA needs verification,OFFICIAL_INSTITUTION,BATCH_2_DEEP_VERIFICATION
university-of-california-riverside,University of California-Riverside,international_aid_policy,HIGH,Need-aware/need-blind/no-need-aid policy for international applicants requires official verification,OFFICIAL_INSTITUTION,BATCH_2_DEEP_VERIFICATION
university-of-california-riverside,University of California-Riverside,international_need_based_aid,HIGH,International need-based aid availability requires official verification,OFFICIAL_INSTITUTION,BATCH_2_DEEP_VERIFICATION
university-of-california-riverside,University of California-Riverside,meets_full_demonstrated_need_international,HIGH,Full-need commitment for international students requires official verification,LATEST_CDS_OR_OFFICIAL,BATCH_2_DEEP_VERIFICATION
university-of-colorado-boulder,University of Colorado Boulder,official_website,MEDIUM,Official homepage not yet verified in Batch 1,OFFICIAL_INSTITUTION,BATCH_2_OR_3
university-of-colorado-boulder,University of Colorado Boulder,application_fee_usd,MEDIUM,Current first-year application fee needs direct/current verification,OFFICIAL_INSTITUTION,BATCH_2_OR_3
university-of-colorado-boulder,University of Colorado Boulder,sat_50,LOW,Median SAT not reported/verified; do not infer from p25/p75,LATEST_CDS_OR_OFFICIAL,BATCH_2_OR_3
university-of-colorado-boulder,University of Colorado Boulder,act_50,LOW,Median ACT not reported/verified; do not infer from p25/p75,LATEST_CDS_OR_OFFICIAL,BATCH_2_OR_3
university-of-colorado-boulder,University of Colorado Boulder,estimated_cost_of_attendance_usd,HIGH,Current annual international/OOS COA needs verification,OFFICIAL_INSTITUTION,BATCH_2_DEEP_VERIFICATION
university-of-colorado-boulder,University of Colorado Boulder,international_aid_policy,HIGH,Need-aware/need-blind/no-need-aid policy for international applicants requires official verification,OFFICIAL_INSTITUTION,BATCH_2_DEEP_VERIFICATION
university-of-colorado-boulder,University of Colorado Boulder,international_need_based_aid,HIGH,International need-based aid availability requires official verification,OFFICIAL_INSTITUTION,BATCH_2_DEEP_VERIFICATION
university-of-colorado-boulder,University of Colorado Boulder,meets_full_demonstrated_need_international,HIGH,Full-need commitment for international students requires official verification,LATEST_CDS_OR_OFFICIAL,BATCH_2_DEEP_VERIFICATION
university-of-connecticut,University of Connecticut,official_website,MEDIUM,Official homepage not yet verified in Batch 1,OFFICIAL_INSTITUTION,BATCH_2_OR_3
university-of-connecticut,University of Connecticut,application_fee_usd,MEDIUM,Current first-year application fee needs direct/current verification,OFFICIAL_INSTITUTION,BATCH_2_OR_3
university-of-connecticut,University of Connecticut,sat_50,LOW,Median SAT not reported/verified; do not infer from p25/p75,LATEST_CDS_OR_OFFICIAL,BATCH_2_OR_3
university-of-connecticut,University of Connecticut,act_50,LOW,Median ACT not reported/verified; do not infer from p25/p75,LATEST_CDS_OR_OFFICIAL,BATCH_2_OR_3
university-of-connecticut,University of Connecticut,estimated_cost_of_attendance_usd,HIGH,Current annual international/OOS COA needs verification,OFFICIAL_INSTITUTION,BATCH_2_DEEP_VERIFICATION
university-of-connecticut,University of Connecticut,international_aid_policy,HIGH,Need-aware/need-blind/no-need-aid policy for international applicants requires official verification,OFFICIAL_INSTITUTION,BATCH_2_DEEP_VERIFICATION
university-of-connecticut,University of Connecticut,international_need_based_aid,HIGH,International need-based aid availability requires official verification,OFFICIAL_INSTITUTION,BATCH_2_DEEP_VERIFICATION
university-of-connecticut,University of Connecticut,meets_full_demonstrated_need_international,HIGH,Full-need commitment for international students requires official verification,LATEST_CDS_OR_OFFICIAL,BATCH_2_DEEP_VERIFICATION
university-of-pittsburgh,University of Pittsburgh-Pittsburgh Campus,official_website,MEDIUM,Official homepage not yet verified in Batch 1,OFFICIAL_INSTITUTION,BATCH_2_OR_3
university-of-pittsburgh,University of Pittsburgh-Pittsburgh Campus,application_fee_usd,MEDIUM,Current first-year application fee needs direct/current verification,OFFICIAL_INSTITUTION,BATCH_2_OR_3
university-of-pittsburgh,University of Pittsburgh-Pittsburgh Campus,sat_50,LOW,Median SAT not reported/verified; do not infer from p25/p75,LATEST_CDS_OR_OFFICIAL,BATCH_2_OR_3
university-of-pittsburgh,University of Pittsburgh-Pittsburgh Campus,act_50,LOW,Median ACT not reported/verified; do not infer from p25/p75,LATEST_CDS_OR_OFFICIAL,BATCH_2_OR_3
university-of-pittsburgh,University of Pittsburgh-Pittsburgh Campus,estimated_cost_of_attendance_usd,HIGH,Current annual international/OOS COA needs verification,OFFICIAL_INSTITUTION,BATCH_2_DEEP_VERIFICATION
university-of-pittsburgh,University of Pittsburgh-Pittsburgh Campus,international_aid_policy,HIGH,Need-aware/need-blind/no-need-aid policy for international applicants requires official verification,OFFICIAL_INSTITUTION,BATCH_2_DEEP_VERIFICATION
university-of-pittsburgh,University of Pittsburgh-Pittsburgh Campus,international_need_based_aid,HIGH,International need-based aid availability requires official verification,OFFICIAL_INSTITUTION,BATCH_2_DEEP_VERIFICATION
university-of-pittsburgh,University of Pittsburgh-Pittsburgh Campus,meets_full_demonstrated_need_international,HIGH,Full-need commitment for international students requires official verification,LATEST_CDS_OR_OFFICIAL,BATCH_2_DEEP_VERIFICATION
syracuse-university,Syracuse University,official_website,MEDIUM,Official homepage not yet verified in Batch 1,OFFICIAL_INSTITUTION,BATCH_2_OR_3
syracuse-university,Syracuse University,application_fee_usd,MEDIUM,Current first-year application fee needs direct/current verification,OFFICIAL_INSTITUTION,BATCH_2_OR_3
syracuse-university,Syracuse University,sat_50,LOW,Median SAT not reported/verified; do not infer from p25/p75,LATEST_CDS_OR_OFFICIAL,BATCH_2_OR_3
syracuse-university,Syracuse University,act_50,LOW,Median ACT not reported/verified; do not infer from p25/p75,LATEST_CDS_OR_OFFICIAL,BATCH_2_OR_3
syracuse-university,Syracuse University,international_aid_policy,HIGH,Need-aware/need-blind/no-need-aid policy for international applicants requires official verification,OFFICIAL_INSTITUTION,BATCH_2_DEEP_VERIFICATION
syracuse-university,Syracuse University,international_need_based_aid,HIGH,International need-based aid availability requires official verification,OFFICIAL_INSTITUTION,BATCH_2_DEEP_VERIFICATION
syracuse-university,Syracuse University,meets_full_demonstrated_need_international,HIGH,Full-need commitment for international students requires official verification,LATEST_CDS_OR_OFFICIAL,BATCH_2_DEEP_VERIFICATION
american-university,American University,official_website,MEDIUM,Official homepage not yet verified in Batch 1,OFFICIAL_INSTITUTION,BATCH_2_OR_3
american-university,American University,application_fee_usd,MEDIUM,Current first-year application fee needs direct/current verification,OFFICIAL_INSTITUTION,BATCH_2_OR_3
american-university,American University,sat_50,LOW,Median SAT not reported/verified; do not infer from p25/p75,LATEST_CDS_OR_OFFICIAL,BATCH_2_OR_3
american-university,American University,act_50,LOW,Median ACT not reported/verified; do not infer from p25/p75,LATEST_CDS_OR_OFFICIAL,BATCH_2_OR_3
american-university,American University,international_aid_policy,HIGH,Need-aware/need-blind/no-need-aid policy for international applicants requires official verification,OFFICIAL_INSTITUTION,BATCH_2_DEEP_VERIFICATION
american-university,American University,international_need_based_aid,HIGH,International need-based aid availability requires official verification,OFFICIAL_INSTITUTION,BATCH_2_DEEP_VERIFICATION
american-university,American University,meets_full_demonstrated_need_international,HIGH,Full-need commitment for international students requires official verification,LATEST_CDS_OR_OFFICIAL,BATCH_2_DEEP_VERIFICATION
baylor-university,Baylor University,official_website,MEDIUM,Official homepage not yet verified in Batch 1,OFFICIAL_INSTITUTION,BATCH_2_OR_3
baylor-university,Baylor University,application_fee_usd,MEDIUM,Current first-year application fee needs direct/current verification,OFFICIAL_INSTITUTION,BATCH_2_OR_3
baylor-university,Baylor University,sat_50,LOW,Median SAT not reported/verified; do not infer from p25/p75,LATEST_CDS_OR_OFFICIAL,BATCH_2_OR_3
baylor-university,Baylor University,act_50,LOW,Median ACT not reported/verified; do not infer from p25/p75,LATEST_CDS_OR_OFFICIAL,BATCH_2_OR_3
baylor-university,Baylor University,international_aid_policy,HIGH,Need-aware/need-blind/no-need-aid policy for international applicants requires official verification,OFFICIAL_INSTITUTION,BATCH_2_DEEP_VERIFICATION
baylor-university,Baylor University,international_need_based_aid,HIGH,International need-based aid availability requires official verification,OFFICIAL_INSTITUTION,BATCH_2_DEEP_VERIFICATION
baylor-university,Baylor University,meets_full_demonstrated_need_international,HIGH,Full-need commitment for international students requires official verification,LATEST_CDS_OR_OFFICIAL,BATCH_2_DEEP_VERIFICATION
texas-christian-university,Texas Christian University,official_website,MEDIUM,Official homepage not yet verified in Batch 1,OFFICIAL_INSTITUTION,BATCH_2_OR_3
texas-christian-university,Texas Christian University,application_fee_usd,MEDIUM,Current first-year application fee needs direct/current verification,OFFICIAL_INSTITUTION,BATCH_2_OR_3
texas-christian-university,Texas Christian University,sat_50,LOW,Median SAT not reported/verified; do not infer from p25/p75,LATEST_CDS_OR_OFFICIAL,BATCH_2_OR_3
texas-christian-university,Texas Christian University,act_50,LOW,Median ACT not reported/verified; do not infer from p25/p75,LATEST_CDS_OR_OFFICIAL,BATCH_2_OR_3
texas-christian-university,Texas Christian University,international_aid_policy,HIGH,Need-aware/need-blind/no-need-aid policy for international applicants requires official verification,OFFICIAL_INSTITUTION,BATCH_2_DEEP_VERIFICATION
texas-christian-university,Texas Christian University,international_need_based_aid,HIGH,International need-based aid availability requires official verification,OFFICIAL_INSTITUTION,BATCH_2_DEEP_VERIFICATION
texas-christian-university,Texas Christian University,meets_full_demonstrated_need_international,HIGH,Full-need commitment for international students requires official verification,LATEST_CDS_OR_OFFICIAL,BATCH_2_DEEP_VERIFICATION
santa-clara-university,Santa Clara University,official_website,MEDIUM,Official homepage not yet verified in Batch 1,OFFICIAL_INSTITUTION,BATCH_2_OR_3
santa-clara-university,Santa Clara University,application_fee_usd,MEDIUM,Current first-year application fee needs direct/current verification,OFFICIAL_INSTITUTION,BATCH_2_OR_3
santa-clara-university,Santa Clara University,sat_50,LOW,Median SAT not reported/verified; do not infer from p25/p75,LATEST_CDS_OR_OFFICIAL,BATCH_2_OR_3
santa-clara-university,Santa Clara University,act_50,LOW,Median ACT not reported/verified; do not infer from p25/p75,LATEST_CDS_OR_OFFICIAL,BATCH_2_OR_3
santa-clara-university,Santa Clara University,international_aid_policy,HIGH,Need-aware/need-blind/no-need-aid policy for international applicants requires official verification,OFFICIAL_INSTITUTION,BATCH_2_DEEP_VERIFICATION
santa-clara-university,Santa Clara University,international_need_based_aid,HIGH,International need-based aid availability requires official verification,OFFICIAL_INSTITUTION,BATCH_2_DEEP_VERIFICATION
santa-clara-university,Santa Clara University,meets_full_demonstrated_need_international,HIGH,Full-need commitment for international students requires official verification,LATEST_CDS_OR_OFFICIAL,BATCH_2_DEEP_VERIFICATION
pepperdine-university,Pepperdine University,official_website,MEDIUM,Official homepage not yet verified in Batch 1,OFFICIAL_INSTITUTION,BATCH_2_OR_3
pepperdine-university,Pepperdine University,application_fee_usd,MEDIUM,Current first-year application fee needs direct/current verification,OFFICIAL_INSTITUTION,BATCH_2_OR_3
pepperdine-university,Pepperdine University,sat_50,LOW,Median SAT not reported/verified; do not infer from p25/p75,LATEST_CDS_OR_OFFICIAL,BATCH_2_OR_3
pepperdine-university,Pepperdine University,act_50,LOW,Median ACT not reported/verified; do not infer from p25/p75,LATEST_CDS_OR_OFFICIAL,BATCH_2_OR_3
pepperdine-university,Pepperdine University,international_aid_policy,HIGH,Need-aware/need-blind/no-need-aid policy for international applicants requires official verification,OFFICIAL_INSTITUTION,BATCH_2_DEEP_VERIFICATION
pepperdine-university,Pepperdine University,international_need_based_aid,HIGH,International need-based aid availability requires official verification,OFFICIAL_INSTITUTION,BATCH_2_DEEP_VERIFICATION
pepperdine-university,Pepperdine University,meets_full_demonstrated_need_international,HIGH,Full-need commitment for international students requires official verification,LATEST_CDS_OR_OFFICIAL,BATCH_2_DEEP_VERIFICATION
fordham-university,Fordham University,official_website,MEDIUM,Official homepage not yet verified in Batch 1,OFFICIAL_INSTITUTION,BATCH_2_OR_3
fordham-university,Fordham University,application_fee_usd,MEDIUM,Current first-year application fee needs direct/current verification,OFFICIAL_INSTITUTION,BATCH_2_OR_3
fordham-university,Fordham University,sat_50,LOW,Median SAT not reported/verified; do not infer from p25/p75,LATEST_CDS_OR_OFFICIAL,BATCH_2_OR_3
fordham-university,Fordham University,act_50,LOW,Median ACT not reported/verified; do not infer from p25/p75,LATEST_CDS_OR_OFFICIAL,BATCH_2_OR_3
fordham-university,Fordham University,international_aid_policy,HIGH,Need-aware/need-blind/no-need-aid policy for international applicants requires official verification,OFFICIAL_INSTITUTION,BATCH_2_DEEP_VERIFICATION
fordham-university,Fordham University,international_need_based_aid,HIGH,International need-based aid availability requires official verification,OFFICIAL_INSTITUTION,BATCH_2_DEEP_VERIFICATION
fordham-university,Fordham University,meets_full_demonstrated_need_international,HIGH,Full-need commitment for international students requires official verification,LATEST_CDS_OR_OFFICIAL,BATCH_2_DEEP_VERIFICATION
stevens-institute-of-technology,Stevens Institute of Technology,official_website,MEDIUM,Official homepage not yet verified in Batch 1,OFFICIAL_INSTITUTION,BATCH_2_OR_3
stevens-institute-of-technology,Stevens Institute of Technology,application_fee_usd,MEDIUM,Current first-year application fee needs direct/current verification,OFFICIAL_INSTITUTION,BATCH_2_OR_3
stevens-institute-of-technology,Stevens Institute of Technology,sat_50,LOW,Median SAT not reported/verified; do not infer from p25/p75,LATEST_CDS_OR_OFFICIAL,BATCH_2_OR_3
stevens-institute-of-technology,Stevens Institute of Technology,act_50,LOW,Median ACT not reported/verified; do not infer from p25/p75,LATEST_CDS_OR_OFFICIAL,BATCH_2_OR_3
stevens-institute-of-technology,Stevens Institute of Technology,international_aid_policy,HIGH,Need-aware/need-blind/no-need-aid policy for international applicants requires official verification,OFFICIAL_INSTITUTION,BATCH_2_DEEP_VERIFICATION
stevens-institute-of-technology,Stevens Institute of Technology,international_need_based_aid,HIGH,International need-based aid availability requires official verification,OFFICIAL_INSTITUTION,BATCH_2_DEEP_VERIFICATION
stevens-institute-of-technology,Stevens Institute of Technology,meets_full_demonstrated_need_international,HIGH,Full-need commitment for international students requires official verification,LATEST_CDS_OR_OFFICIAL,BATCH_2_DEEP_VERIFICATION
worcester-polytechnic-institute,Worcester Polytechnic Institute,official_website,MEDIUM,Official homepage not yet verified in Batch 1,OFFICIAL_INSTITUTION,BATCH_2_OR_3
worcester-polytechnic-institute,Worcester Polytechnic Institute,application_fee_usd,MEDIUM,Current first-year application fee needs direct/current verification,OFFICIAL_INSTITUTION,BATCH_2_OR_3
worcester-polytechnic-institute,Worcester Polytechnic Institute,sat_50,LOW,Median SAT not reported/verified; do not infer from p25/p75,LATEST_CDS_OR_OFFICIAL,BATCH_2_OR_3
worcester-polytechnic-institute,Worcester Polytechnic Institute,act_50,LOW,Median ACT not reported/verified; do not infer from p25/p75,LATEST_CDS_OR_OFFICIAL,BATCH_2_OR_3
worcester-polytechnic-institute,Worcester Polytechnic Institute,international_aid_policy,HIGH,Need-aware/need-blind/no-need-aid policy for international applicants requires official verification,OFFICIAL_INSTITUTION,BATCH_2_DEEP_VERIFICATION
worcester-polytechnic-institute,Worcester Polytechnic Institute,international_need_based_aid,HIGH,International need-based aid availability requires official verification,OFFICIAL_INSTITUTION,BATCH_2_DEEP_VERIFICATION
worcester-polytechnic-institute,Worcester Polytechnic Institute,meets_full_demonstrated_need_international,HIGH,Full-need commitment for international students requires official verification,LATEST_CDS_OR_OFFICIAL,BATCH_2_DEEP_VERIFICATION
drexel-university,Drexel University,official_website,MEDIUM,Official homepage not yet verified in Batch 1,OFFICIAL_INSTITUTION,BATCH_2_OR_3
drexel-university,Drexel University,application_fee_usd,MEDIUM,Current first-year application fee needs direct/current verification,OFFICIAL_INSTITUTION,BATCH_2_OR_3
drexel-university,Drexel University,sat_50,LOW,Median SAT not reported/verified; do not infer from p25/p75,LATEST_CDS_OR_OFFICIAL,BATCH_2_OR_3
drexel-university,Drexel University,act_50,LOW,Median ACT not reported/verified; do not infer from p25/p75,LATEST_CDS_OR_OFFICIAL,BATCH_2_OR_3
drexel-university,Drexel University,international_aid_policy,HIGH,Need-aware/need-blind/no-need-aid policy for international applicants requires official verification,OFFICIAL_INSTITUTION,BATCH_2_DEEP_VERIFICATION
drexel-university,Drexel University,international_need_based_aid,HIGH,International need-based aid availability requires official verification,OFFICIAL_INSTITUTION,BATCH_2_DEEP_VERIFICATION
drexel-university,Drexel University,meets_full_demonstrated_need_international,HIGH,Full-need commitment for international students requires official verification,LATEST_CDS_OR_OFFICIAL,BATCH_2_DEEP_VERIFICATION
rochester-institute-of-technology,Rochester Institute of Technology,official_website,MEDIUM,Official homepage not yet verified in Batch 1,OFFICIAL_INSTITUTION,BATCH_2_OR_3
rochester-institute-of-technology,Rochester Institute of Technology,application_fee_usd,MEDIUM,Current first-year application fee needs direct/current verification,OFFICIAL_INSTITUTION,BATCH_2_OR_3
rochester-institute-of-technology,Rochester Institute of Technology,sat_50,LOW,Median SAT not reported/verified; do not infer from p25/p75,LATEST_CDS_OR_OFFICIAL,BATCH_2_OR_3
rochester-institute-of-technology,Rochester Institute of Technology,act_50,LOW,Median ACT not reported/verified; do not infer from p25/p75,LATEST_CDS_OR_OFFICIAL,BATCH_2_OR_3
rochester-institute-of-technology,Rochester Institute of Technology,international_aid_policy,HIGH,Need-aware/need-blind/no-need-aid policy for international applicants requires official verification,OFFICIAL_INSTITUTION,BATCH_2_DEEP_VERIFICATION
rochester-institute-of-technology,Rochester Institute of Technology,international_need_based_aid,HIGH,International need-based aid availability requires official verification,OFFICIAL_INSTITUTION,BATCH_2_DEEP_VERIFICATION
rochester-institute-of-technology,Rochester Institute of Technology,meets_full_demonstrated_need_international,HIGH,Full-need commitment for international students requires official verification,LATEST_CDS_OR_OFFICIAL,BATCH_2_DEEP_VERIFICATION
stony-brook-university,Stony Brook University,official_website,MEDIUM,Official homepage not yet verified in Batch 1,OFFICIAL_INSTITUTION,BATCH_2_OR_3
stony-brook-university,Stony Brook University,application_fee_usd,MEDIUM,Current first-year application fee needs direct/current verification,OFFICIAL_INSTITUTION,BATCH_2_OR_3
stony-brook-university,Stony Brook University,sat_50,LOW,Median SAT not reported/verified; do not infer from p25/p75,LATEST_CDS_OR_OFFICIAL,BATCH_2_OR_3
stony-brook-university,Stony Brook University,act_50,LOW,Median ACT not reported/verified; do not infer from p25/p75,LATEST_CDS_OR_OFFICIAL,BATCH_2_OR_3
stony-brook-university,Stony Brook University,estimated_cost_of_attendance_usd,HIGH,Current annual international/OOS COA needs verification,OFFICIAL_INSTITUTION,BATCH_2_DEEP_VERIFICATION
stony-brook-university,Stony Brook University,international_aid_policy,HIGH,Need-aware/need-blind/no-need-aid policy for international applicants requires official verification,OFFICIAL_INSTITUTION,BATCH_2_DEEP_VERIFICATION
stony-brook-university,Stony Brook University,international_need_based_aid,HIGH,International need-based aid availability requires official verification,OFFICIAL_INSTITUTION,BATCH_2_DEEP_VERIFICATION
stony-brook-university,Stony Brook University,meets_full_demonstrated_need_international,HIGH,Full-need commitment for international students requires official verification,LATEST_CDS_OR_OFFICIAL,BATCH_2_DEEP_VERIFICATION
binghamton-university,Binghamton University,official_website,MEDIUM,Official homepage not yet verified in Batch 1,OFFICIAL_INSTITUTION,BATCH_2_OR_3
binghamton-university,Binghamton University,application_fee_usd,MEDIUM,Current first-year application fee needs direct/current verification,OFFICIAL_INSTITUTION,BATCH_2_OR_3
binghamton-university,Binghamton University,sat_50,LOW,Median SAT not reported/verified; do not infer from p25/p75,LATEST_CDS_OR_OFFICIAL,BATCH_2_OR_3
binghamton-university,Binghamton University,act_50,LOW,Median ACT not reported/verified; do not infer from p25/p75,LATEST_CDS_OR_OFFICIAL,BATCH_2_OR_3
binghamton-university,Binghamton University,international_aid_policy,HIGH,Need-aware/need-blind/no-need-aid policy for international applicants requires official verification,OFFICIAL_INSTITUTION,BATCH_2_DEEP_VERIFICATION
binghamton-university,Binghamton University,international_need_based_aid,HIGH,International need-based aid availability requires official verification,OFFICIAL_INSTITUTION,BATCH_2_DEEP_VERIFICATION
binghamton-university,Binghamton University,meets_full_demonstrated_need_international,HIGH,Full-need commitment for international students requires official verification,LATEST_CDS_OR_OFFICIAL,BATCH_2_DEEP_VERIFICATION
university-at-buffalo,University at Buffalo,official_website,MEDIUM,Official homepage not yet verified in Batch 1,OFFICIAL_INSTITUTION,BATCH_2_OR_3
university-at-buffalo,University at Buffalo,application_fee_usd,MEDIUM,Current first-year application fee needs direct/current verification,OFFICIAL_INSTITUTION,BATCH_2_OR_3
university-at-buffalo,University at Buffalo,sat_50,LOW,Median SAT not reported/verified; do not infer from p25/p75,LATEST_CDS_OR_OFFICIAL,BATCH_2_OR_3
university-at-buffalo,University at Buffalo,act_50,LOW,Median ACT not reported/verified; do not infer from p25/p75,LATEST_CDS_OR_OFFICIAL,BATCH_2_OR_3
university-at-buffalo,University at Buffalo,estimated_cost_of_attendance_usd,HIGH,Current annual international/OOS COA needs verification,OFFICIAL_INSTITUTION,BATCH_2_DEEP_VERIFICATION
university-at-buffalo,University at Buffalo,international_aid_policy,HIGH,Need-aware/need-blind/no-need-aid policy for international applicants requires official verification,OFFICIAL_INSTITUTION,BATCH_2_DEEP_VERIFICATION
university-at-buffalo,University at Buffalo,international_need_based_aid,HIGH,International need-based aid availability requires official verification,OFFICIAL_INSTITUTION,BATCH_2_DEEP_VERIFICATION
university-at-buffalo,University at Buffalo,meets_full_demonstrated_need_international,HIGH,Full-need commitment for international students requires official verification,LATEST_CDS_OR_OFFICIAL,BATCH_2_DEEP_VERIFICATION
university-of-delaware,University of Delaware,official_website,MEDIUM,Official homepage not yet verified in Batch 1,OFFICIAL_INSTITUTION,BATCH_2_OR_3
university-of-delaware,University of Delaware,application_fee_usd,MEDIUM,Current first-year application fee needs direct/current verification,OFFICIAL_INSTITUTION,BATCH_2_OR_3
university-of-delaware,University of Delaware,sat_50,LOW,Median SAT not reported/verified; do not infer from p25/p75,LATEST_CDS_OR_OFFICIAL,BATCH_2_OR_3
university-of-delaware,University of Delaware,act_50,LOW,Median ACT not reported/verified; do not infer from p25/p75,LATEST_CDS_OR_OFFICIAL,BATCH_2_OR_3
university-of-delaware,University of Delaware,estimated_cost_of_attendance_usd,HIGH,Current annual international/OOS COA needs verification,OFFICIAL_INSTITUTION,BATCH_2_DEEP_VERIFICATION
university-of-delaware,University of Delaware,international_aid_policy,HIGH,Need-aware/need-blind/no-need-aid policy for international applicants requires official verification,OFFICIAL_INSTITUTION,BATCH_2_DEEP_VERIFICATION
university-of-delaware,University of Delaware,international_need_based_aid,HIGH,International need-based aid availability requires official verification,OFFICIAL_INSTITUTION,BATCH_2_DEEP_VERIFICATION
university-of-delaware,University of Delaware,meets_full_demonstrated_need_international,HIGH,Full-need commitment for international students requires official verification,LATEST_CDS_OR_OFFICIAL,BATCH_2_DEEP_VERIFICATION
university-of-massachusetts-amherst,University of Massachusetts-Amherst,official_website,MEDIUM,Official homepage not yet verified in Batch 1,OFFICIAL_INSTITUTION,BATCH_2_OR_3
university-of-massachusetts-amherst,University of Massachusetts-Amherst,application_fee_usd,MEDIUM,Current first-year application fee needs direct/current verification,OFFICIAL_INSTITUTION,BATCH_2_OR_3
university-of-massachusetts-amherst,University of Massachusetts-Amherst,sat_50,LOW,Median SAT not reported/verified; do not infer from p25/p75,LATEST_CDS_OR_OFFICIAL,BATCH_2_OR_3
university-of-massachusetts-amherst,University of Massachusetts-Amherst,act_50,LOW,Median ACT not reported/verified; do not infer from p25/p75,LATEST_CDS_OR_OFFICIAL,BATCH_2_OR_3
university-of-massachusetts-amherst,University of Massachusetts-Amherst,estimated_cost_of_attendance_usd,HIGH,Current annual international/OOS COA needs verification,OFFICIAL_INSTITUTION,BATCH_2_DEEP_VERIFICATION
university-of-massachusetts-amherst,University of Massachusetts-Amherst,international_aid_policy,HIGH,Need-aware/need-blind/no-need-aid policy for international applicants requires official verification,OFFICIAL_INSTITUTION,BATCH_2_DEEP_VERIFICATION
university-of-massachusetts-amherst,University of Massachusetts-Amherst,international_need_based_aid,HIGH,International need-based aid availability requires official verification,OFFICIAL_INSTITUTION,BATCH_2_DEEP_VERIFICATION
university-of-massachusetts-amherst,University of Massachusetts-Amherst,meets_full_demonstrated_need_international,HIGH,Full-need commitment for international students requires official verification,LATEST_CDS_OR_OFFICIAL,BATCH_2_DEEP_VERIFICATION
university-of-iowa,University of Iowa,official_website,MEDIUM,Official homepage not yet verified in Batch 1,OFFICIAL_INSTITUTION,BATCH_2_OR_3
university-of-iowa,University of Iowa,application_fee_usd,MEDIUM,Current first-year application fee needs direct/current verification,OFFICIAL_INSTITUTION,BATCH_2_OR_3
university-of-iowa,University of Iowa,sat_50,LOW,Median SAT not reported/verified; do not infer from p25/p75,LATEST_CDS_OR_OFFICIAL,BATCH_2_OR_3
university-of-iowa,University of Iowa,act_50,LOW,Median ACT not reported/verified; do not infer from p25/p75,LATEST_CDS_OR_OFFICIAL,BATCH_2_OR_3
university-of-iowa,University of Iowa,estimated_cost_of_attendance_usd,HIGH,Current annual international/OOS COA needs verification,OFFICIAL_INSTITUTION,BATCH_2_DEEP_VERIFICATION
university-of-iowa,University of Iowa,international_aid_policy,HIGH,Need-aware/need-blind/no-need-aid policy for international applicants requires official verification,OFFICIAL_INSTITUTION,BATCH_2_DEEP_VERIFICATION
university-of-iowa,University of Iowa,international_need_based_aid,HIGH,International need-based aid availability requires official verification,OFFICIAL_INSTITUTION,BATCH_2_DEEP_VERIFICATION
university-of-iowa,University of Iowa,meets_full_demonstrated_need_international,HIGH,Full-need commitment for international students requires official verification,LATEST_CDS_OR_OFFICIAL,BATCH_2_DEEP_VERIFICATION
university-of-arizona,University of Arizona,official_website,MEDIUM,Official homepage not yet verified in Batch 1,OFFICIAL_INSTITUTION,BATCH_2_OR_3
university-of-arizona,University of Arizona,application_fee_usd,MEDIUM,Current first-year application fee needs direct/current verification,OFFICIAL_INSTITUTION,BATCH_2_OR_3
university-of-arizona,University of Arizona,sat_50,LOW,Median SAT not reported/verified; do not infer from p25/p75,LATEST_CDS_OR_OFFICIAL,BATCH_2_OR_3
university-of-arizona,University of Arizona,act_50,LOW,Median ACT not reported/verified; do not infer from p25/p75,LATEST_CDS_OR_OFFICIAL,BATCH_2_OR_3
university-of-arizona,University of Arizona,estimated_cost_of_attendance_usd,HIGH,Current annual international/OOS COA needs verification,OFFICIAL_INSTITUTION,BATCH_2_DEEP_VERIFICATION
university-of-arizona,University of Arizona,international_aid_policy,HIGH,Need-aware/need-blind/no-need-aid policy for international applicants requires official verification,OFFICIAL_INSTITUTION,BATCH_2_DEEP_VERIFICATION
university-of-arizona,University of Arizona,international_need_based_aid,HIGH,International need-based aid availability requires official verification,OFFICIAL_INSTITUTION,BATCH_2_DEEP_VERIFICATION
university-of-arizona,University of Arizona,meets_full_demonstrated_need_international,HIGH,Full-need commitment for international students requires official verification,LATEST_CDS_OR_OFFICIAL,BATCH_2_DEEP_VERIFICATION
arizona-state-university,Arizona State University,official_website,MEDIUM,Official homepage not yet verified in Batch 1,OFFICIAL_INSTITUTION,BATCH_2_OR_3
arizona-state-university,Arizona State University,application_fee_usd,MEDIUM,Current first-year application fee needs direct/current verification,OFFICIAL_INSTITUTION,BATCH_2_OR_3
arizona-state-university,Arizona State University,sat_50,LOW,Median SAT not reported/verified; do not infer from p25/p75,LATEST_CDS_OR_OFFICIAL,BATCH_2_OR_3
arizona-state-university,Arizona State University,act_50,LOW,Median ACT not reported/verified; do not infer from p25/p75,LATEST_CDS_OR_OFFICIAL,BATCH_2_OR_3
arizona-state-university,Arizona State University,international_aid_policy,HIGH,Need-aware/need-blind/no-need-aid policy for international applicants requires official verification,OFFICIAL_INSTITUTION,BATCH_2_DEEP_VERIFICATION
arizona-state-university,Arizona State University,international_need_based_aid,HIGH,International need-based aid availability requires official verification,OFFICIAL_INSTITUTION,BATCH_2_DEEP_VERIFICATION
arizona-state-university,Arizona State University,meets_full_demonstrated_need_international,HIGH,Full-need commitment for international students requires official verification,LATEST_CDS_OR_OFFICIAL,BATCH_2_DEEP_VERIFICATION
university-of-oregon,University of Oregon,official_website,MEDIUM,Official homepage not yet verified in Batch 1,OFFICIAL_INSTITUTION,BATCH_2_OR_3
university-of-oregon,University of Oregon,application_fee_usd,MEDIUM,Current first-year application fee needs direct/current verification,OFFICIAL_INSTITUTION,BATCH_2_OR_3
university-of-oregon,University of Oregon,sat_50,LOW,Median SAT not reported/verified; do not infer from p25/p75,LATEST_CDS_OR_OFFICIAL,BATCH_2_OR_3
university-of-oregon,University of Oregon,act_50,LOW,Median ACT not reported/verified; do not infer from p25/p75,LATEST_CDS_OR_OFFICIAL,BATCH_2_OR_3
university-of-oregon,University of Oregon,estimated_cost_of_attendance_usd,HIGH,Current annual international/OOS COA needs verification,OFFICIAL_INSTITUTION,BATCH_2_DEEP_VERIFICATION
university-of-oregon,University of Oregon,international_aid_policy,HIGH,Need-aware/need-blind/no-need-aid policy for international applicants requires official verification,OFFICIAL_INSTITUTION,BATCH_2_DEEP_VERIFICATION
university-of-oregon,University of Oregon,international_need_based_aid,HIGH,International need-based aid availability requires official verification,OFFICIAL_INSTITUTION,BATCH_2_DEEP_VERIFICATION
university-of-oregon,University of Oregon,meets_full_demonstrated_need_international,HIGH,Full-need commitment for international students requires official verification,LATEST_CDS_OR_OFFICIAL,BATCH_2_DEEP_VERIFICATION
oregon-state-university,Oregon State University,official_website,MEDIUM,Official homepage not yet verified in Batch 1,OFFICIAL_INSTITUTION,BATCH_2_OR_3
oregon-state-university,Oregon State University,application_fee_usd,MEDIUM,Current first-year application fee needs direct/current verification,OFFICIAL_INSTITUTION,BATCH_2_OR_3
oregon-state-university,Oregon State University,sat_50,LOW,Median SAT not reported/verified; do not infer from p25/p75,LATEST_CDS_OR_OFFICIAL,BATCH_2_OR_3
oregon-state-university,Oregon State University,act_50,LOW,Median ACT not reported/verified; do not infer from p25/p75,LATEST_CDS_OR_OFFICIAL,BATCH_2_OR_3
oregon-state-university,Oregon State University,estimated_cost_of_attendance_usd,HIGH,Current annual international/OOS COA needs verification,OFFICIAL_INSTITUTION,BATCH_2_DEEP_VERIFICATION
oregon-state-university,Oregon State University,international_aid_policy,HIGH,Need-aware/need-blind/no-need-aid policy for international applicants requires official verification,OFFICIAL_INSTITUTION,BATCH_2_DEEP_VERIFICATION
oregon-state-university,Oregon State University,international_need_based_aid,HIGH,International need-based aid availability requires official verification,OFFICIAL_INSTITUTION,BATCH_2_DEEP_VERIFICATION
oregon-state-university,Oregon State University,meets_full_demonstrated_need_international,HIGH,Full-need commitment for international students requires official verification,LATEST_CDS_OR_OFFICIAL,BATCH_2_DEEP_VERIFICATION
university-of-utah,University of Utah,official_website,MEDIUM,Official homepage not yet verified in Batch 1,OFFICIAL_INSTITUTION,BATCH_2_OR_3
university-of-utah,University of Utah,application_fee_usd,MEDIUM,Current first-year application fee needs direct/current verification,OFFICIAL_INSTITUTION,BATCH_2_OR_3
university-of-utah,University of Utah,sat_50,LOW,Median SAT not reported/verified; do not infer from p25/p75,LATEST_CDS_OR_OFFICIAL,BATCH_2_OR_3
university-of-utah,University of Utah,act_50,LOW,Median ACT not reported/verified; do not infer from p25/p75,LATEST_CDS_OR_OFFICIAL,BATCH_2_OR_3
university-of-utah,University of Utah,estimated_cost_of_attendance_usd,HIGH,Current annual international/OOS COA needs verification,OFFICIAL_INSTITUTION,BATCH_2_DEEP_VERIFICATION
university-of-utah,University of Utah,international_aid_policy,HIGH,Need-aware/need-blind/no-need-aid policy for international applicants requires official verification,OFFICIAL_INSTITUTION,BATCH_2_DEEP_VERIFICATION
university-of-utah,University of Utah,international_need_based_aid,HIGH,International need-based aid availability requires official verification,OFFICIAL_INSTITUTION,BATCH_2_DEEP_VERIFICATION
university-of-utah,University of Utah,meets_full_demonstrated_need_international,HIGH,Full-need commitment for international students requires official verification,LATEST_CDS_OR_OFFICIAL,BATCH_2_DEEP_VERIFICATION
brigham-young-university,Brigham Young University,official_website,MEDIUM,Official homepage not yet verified in Batch 1,OFFICIAL_INSTITUTION,BATCH_2_OR_3
brigham-young-university,Brigham Young University,application_fee_usd,MEDIUM,Current first-year application fee needs direct/current verification,OFFICIAL_INSTITUTION,BATCH_2_OR_3
brigham-young-university,Brigham Young University,sat_50,LOW,Median SAT not reported/verified; do not infer from p25/p75,LATEST_CDS_OR_OFFICIAL,BATCH_2_OR_3
brigham-young-university,Brigham Young University,act_50,LOW,Median ACT not reported/verified; do not infer from p25/p75,LATEST_CDS_OR_OFFICIAL,BATCH_2_OR_3
brigham-young-university,Brigham Young University,international_aid_policy,HIGH,Need-aware/need-blind/no-need-aid policy for international applicants requires official verification,OFFICIAL_INSTITUTION,BATCH_2_DEEP_VERIFICATION
brigham-young-university,Brigham Young University,international_need_based_aid,HIGH,International need-based aid availability requires official verification,OFFICIAL_INSTITUTION,BATCH_2_DEEP_VERIFICATION
brigham-young-university,Brigham Young University,meets_full_demonstrated_need_international,HIGH,Full-need commitment for international students requires official verification,LATEST_CDS_OR_OFFICIAL,BATCH_2_DEEP_VERIFICATION
colorado-school-of-mines,Colorado School of Mines,official_website,MEDIUM,Official homepage not yet verified in Batch 1,OFFICIAL_INSTITUTION,BATCH_2_OR_3
colorado-school-of-mines,Colorado School of Mines,application_fee_usd,MEDIUM,Current first-year application fee needs direct/current verification,OFFICIAL_INSTITUTION,BATCH_2_OR_3
colorado-school-of-mines,Colorado School of Mines,sat_50,LOW,Median SAT not reported/verified; do not infer from p25/p75,LATEST_CDS_OR_OFFICIAL,BATCH_2_OR_3
colorado-school-of-mines,Colorado School of Mines,act_50,LOW,Median ACT not reported/verified; do not infer from p25/p75,LATEST_CDS_OR_OFFICIAL,BATCH_2_OR_3
colorado-school-of-mines,Colorado School of Mines,estimated_cost_of_attendance_usd,HIGH,Current annual international/OOS COA needs verification,OFFICIAL_INSTITUTION,BATCH_2_DEEP_VERIFICATION
colorado-school-of-mines,Colorado School of Mines,international_aid_policy,HIGH,Need-aware/need-blind/no-need-aid policy for international applicants requires official verification,OFFICIAL_INSTITUTION,BATCH_2_DEEP_VERIFICATION
colorado-school-of-mines,Colorado School of Mines,international_need_based_aid,HIGH,International need-based aid availability requires official verification,OFFICIAL_INSTITUTION,BATCH_2_DEEP_VERIFICATION
colorado-school-of-mines,Colorado School of Mines,meets_full_demonstrated_need_international,HIGH,Full-need commitment for international students requires official verification,LATEST_CDS_OR_OFFICIAL,BATCH_2_DEEP_VERIFICATION
auburn-university,Auburn University,official_website,MEDIUM,Official homepage not yet verified in Batch 1,OFFICIAL_INSTITUTION,BATCH_2_OR_3
auburn-university,Auburn University,application_fee_usd,MEDIUM,Current first-year application fee needs direct/current verification,OFFICIAL_INSTITUTION,BATCH_2_OR_3
auburn-university,Auburn University,sat_50,LOW,Median SAT not reported/verified; do not infer from p25/p75,LATEST_CDS_OR_OFFICIAL,BATCH_2_OR_3
auburn-university,Auburn University,act_50,LOW,Median ACT not reported/verified; do not infer from p25/p75,LATEST_CDS_OR_OFFICIAL,BATCH_2_OR_3
auburn-university,Auburn University,international_aid_policy,HIGH,Need-aware/need-blind/no-need-aid policy for international applicants requires official verification,OFFICIAL_INSTITUTION,BATCH_2_DEEP_VERIFICATION
auburn-university,Auburn University,international_need_based_aid,HIGH,International need-based aid availability requires official verification,OFFICIAL_INSTITUTION,BATCH_2_DEEP_VERIFICATION
auburn-university,Auburn University,meets_full_demonstrated_need_international,HIGH,Full-need commitment for international students requires official verification,LATEST_CDS_OR_OFFICIAL,BATCH_2_DEEP_VERIFICATION
university-of-tennessee-knoxville,The University of Tennessee-Knoxville,official_website,MEDIUM,Official homepage not yet verified in Batch 1,OFFICIAL_INSTITUTION,BATCH_2_OR_3
university-of-tennessee-knoxville,The University of Tennessee-Knoxville,application_fee_usd,MEDIUM,Current first-year application fee needs direct/current verification,OFFICIAL_INSTITUTION,BATCH_2_OR_3
university-of-tennessee-knoxville,The University of Tennessee-Knoxville,sat_50,LOW,Median SAT not reported/verified; do not infer from p25/p75,LATEST_CDS_OR_OFFICIAL,BATCH_2_OR_3
university-of-tennessee-knoxville,The University of Tennessee-Knoxville,act_50,LOW,Median ACT not reported/verified; do not infer from p25/p75,LATEST_CDS_OR_OFFICIAL,BATCH_2_OR_3
university-of-tennessee-knoxville,The University of Tennessee-Knoxville,international_aid_policy,HIGH,Need-aware/need-blind/no-need-aid policy for international applicants requires official verification,OFFICIAL_INSTITUTION,BATCH_2_DEEP_VERIFICATION
university-of-tennessee-knoxville,The University of Tennessee-Knoxville,international_need_based_aid,HIGH,International need-based aid availability requires official verification,OFFICIAL_INSTITUTION,BATCH_2_DEEP_VERIFICATION
university-of-tennessee-knoxville,The University of Tennessee-Knoxville,meets_full_demonstrated_need_international,HIGH,Full-need commitment for international students requires official verification,LATEST_CDS_OR_OFFICIAL,BATCH_2_DEEP_VERIFICATION
university-of-alabama,The University of Alabama,official_website,MEDIUM,Official homepage not yet verified in Batch 1,OFFICIAL_INSTITUTION,BATCH_2_OR_3
university-of-alabama,The University of Alabama,application_fee_usd,MEDIUM,Current first-year application fee needs direct/current verification,OFFICIAL_INSTITUTION,BATCH_2_OR_3
university-of-alabama,The University of Alabama,sat_50,LOW,Median SAT not reported/verified; do not infer from p25/p75,LATEST_CDS_OR_OFFICIAL,BATCH_2_OR_3
university-of-alabama,The University of Alabama,act_50,LOW,Median ACT not reported/verified; do not infer from p25/p75,LATEST_CDS_OR_OFFICIAL,BATCH_2_OR_3
university-of-alabama,The University of Alabama,estimated_cost_of_attendance_usd,HIGH,Current annual international/OOS COA needs verification,OFFICIAL_INSTITUTION,BATCH_2_DEEP_VERIFICATION
university-of-alabama,The University of Alabama,international_aid_policy,HIGH,Need-aware/need-blind/no-need-aid policy for international applicants requires official verification,OFFICIAL_INSTITUTION,BATCH_2_DEEP_VERIFICATION
university-of-alabama,The University of Alabama,international_need_based_aid,HIGH,International need-based aid availability requires official verification,OFFICIAL_INSTITUTION,BATCH_2_DEEP_VERIFICATION
university-of-alabama,The University of Alabama,meets_full_demonstrated_need_international,HIGH,Full-need commitment for international students requires official verification,LATEST_CDS_OR_OFFICIAL,BATCH_2_DEEP_VERIFICATION
university-of-kentucky,University of Kentucky,official_website,MEDIUM,Official homepage not yet verified in Batch 1,OFFICIAL_INSTITUTION,BATCH_2_OR_3
university-of-kentucky,University of Kentucky,application_fee_usd,MEDIUM,Current first-year application fee needs direct/current verification,OFFICIAL_INSTITUTION,BATCH_2_OR_3
university-of-kentucky,University of Kentucky,sat_50,LOW,Median SAT not reported/verified; do not infer from p25/p75,LATEST_CDS_OR_OFFICIAL,BATCH_2_OR_3
university-of-kentucky,University of Kentucky,act_50,LOW,Median ACT not reported/verified; do not infer from p25/p75,LATEST_CDS_OR_OFFICIAL,BATCH_2_OR_3
university-of-kentucky,University of Kentucky,estimated_cost_of_attendance_usd,HIGH,Current annual international/OOS COA needs verification,OFFICIAL_INSTITUTION,BATCH_2_DEEP_VERIFICATION
university-of-kentucky,University of Kentucky,international_aid_policy,HIGH,Need-aware/need-blind/no-need-aid policy for international applicants requires official verification,OFFICIAL_INSTITUTION,BATCH_2_DEEP_VERIFICATION
university-of-kentucky,University of Kentucky,international_need_based_aid,HIGH,International need-based aid availability requires official verification,OFFICIAL_INSTITUTION,BATCH_2_DEEP_VERIFICATION
university-of-kentucky,University of Kentucky,meets_full_demonstrated_need_international,HIGH,Full-need commitment for international students requires official verification,LATEST_CDS_OR_OFFICIAL,BATCH_2_DEEP_VERIFICATION
university-of-cincinnati,University of Cincinnati-Main Campus,official_website,MEDIUM,Official homepage not yet verified in Batch 1,OFFICIAL_INSTITUTION,BATCH_2_OR_3
university-of-cincinnati,University of Cincinnati-Main Campus,application_fee_usd,MEDIUM,Current first-year application fee needs direct/current verification,OFFICIAL_INSTITUTION,BATCH_2_OR_3
university-of-cincinnati,University of Cincinnati-Main Campus,sat_50,LOW,Median SAT not reported/verified; do not infer from p25/p75,LATEST_CDS_OR_OFFICIAL,BATCH_2_OR_3
university-of-cincinnati,University of Cincinnati-Main Campus,act_50,LOW,Median ACT not reported/verified; do not infer from p25/p75,LATEST_CDS_OR_OFFICIAL,BATCH_2_OR_3
university-of-cincinnati,University of Cincinnati-Main Campus,estimated_cost_of_attendance_usd,HIGH,Current annual international/OOS COA needs verification,OFFICIAL_INSTITUTION,BATCH_2_DEEP_VERIFICATION
university-of-cincinnati,University of Cincinnati-Main Campus,international_aid_policy,HIGH,Need-aware/need-blind/no-need-aid policy for international applicants requires official verification,OFFICIAL_INSTITUTION,BATCH_2_DEEP_VERIFICATION
university-of-cincinnati,University of Cincinnati-Main Campus,international_need_based_aid,HIGH,International need-based aid availability requires official verification,OFFICIAL_INSTITUTION,BATCH_2_DEEP_VERIFICATION
university-of-cincinnati,University of Cincinnati-Main Campus,meets_full_demonstrated_need_international,HIGH,Full-need commitment for international students requires official verification,LATEST_CDS_OR_OFFICIAL,BATCH_2_DEEP_VERIFICATION
university-of-houston,University of Houston,official_website,MEDIUM,Official homepage not yet verified in Batch 1,OFFICIAL_INSTITUTION,BATCH_2_OR_3
university-of-houston,University of Houston,application_fee_usd,MEDIUM,Current first-year application fee needs direct/current verification,OFFICIAL_INSTITUTION,BATCH_2_OR_3
university-of-houston,University of Houston,sat_50,LOW,Median SAT not reported/verified; do not infer from p25/p75,LATEST_CDS_OR_OFFICIAL,BATCH_2_OR_3
university-of-houston,University of Houston,act_50,LOW,Median ACT not reported/verified; do not infer from p25/p75,LATEST_CDS_OR_OFFICIAL,BATCH_2_OR_3
university-of-houston,University of Houston,international_aid_policy,HIGH,Need-aware/need-blind/no-need-aid policy for international applicants requires official verification,OFFICIAL_INSTITUTION,BATCH_2_DEEP_VERIFICATION
university-of-houston,University of Houston,international_need_based_aid,HIGH,International need-based aid availability requires official verification,OFFICIAL_INSTITUTION,BATCH_2_DEEP_VERIFICATION
university-of-houston,University of Houston,meets_full_demonstrated_need_international,HIGH,Full-need commitment for international students requires official verification,LATEST_CDS_OR_OFFICIAL,BATCH_2_DEEP_VERIFICATION
university-of-south-florida,University of South Florida,official_website,MEDIUM,Official homepage not yet verified in Batch 1,OFFICIAL_INSTITUTION,BATCH_2_OR_3
university-of-south-florida,University of South Florida,application_fee_usd,MEDIUM,Current first-year application fee needs direct/current verification,OFFICIAL_INSTITUTION,BATCH_2_OR_3
university-of-south-florida,University of South Florida,sat_50,LOW,Median SAT not reported/verified; do not infer from p25/p75,LATEST_CDS_OR_OFFICIAL,BATCH_2_OR_3
university-of-south-florida,University of South Florida,act_50,LOW,Median ACT not reported/verified; do not infer from p25/p75,LATEST_CDS_OR_OFFICIAL,BATCH_2_OR_3
university-of-south-florida,University of South Florida,international_aid_policy,HIGH,Need-aware/need-blind/no-need-aid policy for international applicants requires official verification,OFFICIAL_INSTITUTION,BATCH_2_DEEP_VERIFICATION
university-of-south-florida,University of South Florida,international_need_based_aid,HIGH,International need-based aid availability requires official verification,OFFICIAL_INSTITUTION,BATCH_2_DEEP_VERIFICATION
university-of-south-florida,University of South Florida,meets_full_demonstrated_need_international,HIGH,Full-need commitment for international students requires official verification,LATEST_CDS_OR_OFFICIAL,BATCH_2_DEEP_VERIFICATION
university-of-central-florida,University of Central Florida,official_website,MEDIUM,Official homepage not yet verified in Batch 1,OFFICIAL_INSTITUTION,BATCH_2_OR_3
university-of-central-florida,University of Central Florida,application_fee_usd,MEDIUM,Current first-year application fee needs direct/current verification,OFFICIAL_INSTITUTION,BATCH_2_OR_3
university-of-central-florida,University of Central Florida,sat_50,LOW,Median SAT not reported/verified; do not infer from p25/p75,LATEST_CDS_OR_OFFICIAL,BATCH_2_OR_3
university-of-central-florida,University of Central Florida,act_50,LOW,Median ACT not reported/verified; do not infer from p25/p75,LATEST_CDS_OR_OFFICIAL,BATCH_2_OR_3
university-of-central-florida,University of Central Florida,international_aid_policy,HIGH,Need-aware/need-blind/no-need-aid policy for international applicants requires official verification,OFFICIAL_INSTITUTION,BATCH_2_DEEP_VERIFICATION
university-of-central-florida,University of Central Florida,international_need_based_aid,HIGH,International need-based aid availability requires official verification,OFFICIAL_INSTITUTION,BATCH_2_DEEP_VERIFICATION
university-of-central-florida,University of Central Florida,meets_full_demonstrated_need_international,HIGH,Full-need commitment for international students requires official verification,LATEST_CDS_OR_OFFICIAL,BATCH_2_DEEP_VERIFICATION
florida-international-university,Florida International University,official_website,MEDIUM,Official homepage not yet verified in Batch 1,OFFICIAL_INSTITUTION,BATCH_2_OR_3
florida-international-university,Florida International University,application_fee_usd,MEDIUM,Current first-year application fee needs direct/current verification,OFFICIAL_INSTITUTION,BATCH_2_OR_3
florida-international-university,Florida International University,sat_50,LOW,Median SAT not reported/verified; do not infer from p25/p75,LATEST_CDS_OR_OFFICIAL,BATCH_2_OR_3
florida-international-university,Florida International University,act_50,LOW,Median ACT not reported/verified; do not infer from p25/p75,LATEST_CDS_OR_OFFICIAL,BATCH_2_OR_3
florida-international-university,Florida International University,international_aid_policy,HIGH,Need-aware/need-blind/no-need-aid policy for international applicants requires official verification,OFFICIAL_INSTITUTION,BATCH_2_DEEP_VERIFICATION
florida-international-university,Florida International University,international_need_based_aid,HIGH,International need-based aid availability requires official verification,OFFICIAL_INSTITUTION,BATCH_2_DEEP_VERIFICATION
florida-international-university,Florida International University,meets_full_demonstrated_need_international,HIGH,Full-need commitment for international students requires official verification,LATEST_CDS_OR_OFFICIAL,BATCH_2_DEEP_VERIFICATION
florida-atlantic-university,Florida Atlantic University,official_website,MEDIUM,Official homepage not yet verified in Batch 1,OFFICIAL_INSTITUTION,BATCH_2_OR_3
florida-atlantic-university,Florida Atlantic University,application_fee_usd,MEDIUM,Current first-year application fee needs direct/current verification,OFFICIAL_INSTITUTION,BATCH_2_OR_3
florida-atlantic-university,Florida Atlantic University,sat_50,LOW,Median SAT not reported/verified; do not infer from p25/p75,LATEST_CDS_OR_OFFICIAL,BATCH_2_OR_3
florida-atlantic-university,Florida Atlantic University,act_50,LOW,Median ACT not reported/verified; do not infer from p25/p75,LATEST_CDS_OR_OFFICIAL,BATCH_2_OR_3
florida-atlantic-university,Florida Atlantic University,international_aid_policy,HIGH,Need-aware/need-blind/no-need-aid policy for international applicants requires official verification,OFFICIAL_INSTITUTION,BATCH_2_DEEP_VERIFICATION
florida-atlantic-university,Florida Atlantic University,international_need_based_aid,HIGH,International need-based aid availability requires official verification,OFFICIAL_INSTITUTION,BATCH_2_DEEP_VERIFICATION
florida-atlantic-university,Florida Atlantic University,meets_full_demonstrated_need_international,HIGH,Full-need commitment for international students requires official verification,LATEST_CDS_OR_OFFICIAL,BATCH_2_DEEP_VERIFICATION
george-mason-university,George Mason University,official_website,MEDIUM,Official homepage not yet verified in Batch 1,OFFICIAL_INSTITUTION,BATCH_2_OR_3
george-mason-university,George Mason University,application_fee_usd,MEDIUM,Current first-year application fee needs direct/current verification,OFFICIAL_INSTITUTION,BATCH_2_OR_3
george-mason-university,George Mason University,sat_50,LOW,Median SAT not reported/verified; do not infer from p25/p75,LATEST_CDS_OR_OFFICIAL,BATCH_2_OR_3
george-mason-university,George Mason University,act_50,LOW,Median ACT not reported/verified; do not infer from p25/p75,LATEST_CDS_OR_OFFICIAL,BATCH_2_OR_3
george-mason-university,George Mason University,estimated_cost_of_attendance_usd,HIGH,Current annual international/OOS COA needs verification,OFFICIAL_INSTITUTION,BATCH_2_DEEP_VERIFICATION
george-mason-university,George Mason University,international_aid_policy,HIGH,Need-aware/need-blind/no-need-aid policy for international applicants requires official verification,OFFICIAL_INSTITUTION,BATCH_2_DEEP_VERIFICATION
george-mason-university,George Mason University,international_need_based_aid,HIGH,International need-based aid availability requires official verification,OFFICIAL_INSTITUTION,BATCH_2_DEEP_VERIFICATION
george-mason-university,George Mason University,meets_full_demonstrated_need_international,HIGH,Full-need commitment for international students requires official verification,LATEST_CDS_OR_OFFICIAL,BATCH_2_DEEP_VERIFICATION
virginia-commonwealth-university,Virginia Commonwealth University,official_website,MEDIUM,Official homepage not yet verified in Batch 1,OFFICIAL_INSTITUTION,BATCH_2_OR_3
virginia-commonwealth-university,Virginia Commonwealth University,application_fee_usd,MEDIUM,Current first-year application fee needs direct/current verification,OFFICIAL_INSTITUTION,BATCH_2_OR_3
virginia-commonwealth-university,Virginia Commonwealth University,sat_50,LOW,Median SAT not reported/verified; do not infer from p25/p75,LATEST_CDS_OR_OFFICIAL,BATCH_2_OR_3
virginia-commonwealth-university,Virginia Commonwealth University,act_50,LOW,Median ACT not reported/verified; do not infer from p25/p75,LATEST_CDS_OR_OFFICIAL,BATCH_2_OR_3
virginia-commonwealth-university,Virginia Commonwealth University,estimated_cost_of_attendance_usd,HIGH,Current annual international/OOS COA needs verification,OFFICIAL_INSTITUTION,BATCH_2_DEEP_VERIFICATION
virginia-commonwealth-university,Virginia Commonwealth University,international_aid_policy,HIGH,Need-aware/need-blind/no-need-aid policy for international applicants requires official verification,OFFICIAL_INSTITUTION,BATCH_2_DEEP_VERIFICATION
virginia-commonwealth-university,Virginia Commonwealth University,international_need_based_aid,HIGH,International need-based aid availability requires official verification,OFFICIAL_INSTITUTION,BATCH_2_DEEP_VERIFICATION
virginia-commonwealth-university,Virginia Commonwealth University,meets_full_demonstrated_need_international,HIGH,Full-need commitment for international students requires official verification,LATEST_CDS_OR_OFFICIAL,BATCH_2_DEEP_VERIFICATION
james-madison-university,James Madison University,official_website,MEDIUM,Official homepage not yet verified in Batch 1,OFFICIAL_INSTITUTION,BATCH_2_OR_3
james-madison-university,James Madison University,application_fee_usd,MEDIUM,Current first-year application fee needs direct/current verification,OFFICIAL_INSTITUTION,BATCH_2_OR_3
james-madison-university,James Madison University,sat_50,LOW,Median SAT not reported/verified; do not infer from p25/p75,LATEST_CDS_OR_OFFICIAL,BATCH_2_OR_3
james-madison-university,James Madison University,act_50,LOW,Median ACT not reported/verified; do not infer from p25/p75,LATEST_CDS_OR_OFFICIAL,BATCH_2_OR_3
james-madison-university,James Madison University,estimated_cost_of_attendance_usd,HIGH,Current annual international/OOS COA needs verification,OFFICIAL_INSTITUTION,BATCH_2_DEEP_VERIFICATION
james-madison-university,James Madison University,international_aid_policy,HIGH,Need-aware/need-blind/no-need-aid policy for international applicants requires official verification,OFFICIAL_INSTITUTION,BATCH_2_DEEP_VERIFICATION
james-madison-university,James Madison University,international_need_based_aid,HIGH,International need-based aid availability requires official verification,OFFICIAL_INSTITUTION,BATCH_2_DEEP_VERIFICATION
james-madison-university,James Madison University,meets_full_demonstrated_need_international,HIGH,Full-need commitment for international students requires official verification,LATEST_CDS_OR_OFFICIAL,BATCH_2_DEEP_VERIFICATION
university-of-north-carolina-at-charlotte,University of North Carolina at Charlotte,official_website,MEDIUM,Official homepage not yet verified in Batch 1,OFFICIAL_INSTITUTION,BATCH_2_OR_3
university-of-north-carolina-at-charlotte,University of North Carolina at Charlotte,application_fee_usd,MEDIUM,Current first-year application fee needs direct/current verification,OFFICIAL_INSTITUTION,BATCH_2_OR_3
university-of-north-carolina-at-charlotte,University of North Carolina at Charlotte,sat_50,LOW,Median SAT not reported/verified; do not infer from p25/p75,LATEST_CDS_OR_OFFICIAL,BATCH_2_OR_3
university-of-north-carolina-at-charlotte,University of North Carolina at Charlotte,act_50,LOW,Median ACT not reported/verified; do not infer from p25/p75,LATEST_CDS_OR_OFFICIAL,BATCH_2_OR_3
university-of-north-carolina-at-charlotte,University of North Carolina at Charlotte,international_aid_policy,HIGH,Need-aware/need-blind/no-need-aid policy for international applicants requires official verification,OFFICIAL_INSTITUTION,BATCH_2_DEEP_VERIFICATION
university-of-north-carolina-at-charlotte,University of North Carolina at Charlotte,international_need_based_aid,HIGH,International need-based aid availability requires official verification,OFFICIAL_INSTITUTION,BATCH_2_DEEP_VERIFICATION
university-of-north-carolina-at-charlotte,University of North Carolina at Charlotte,meets_full_demonstrated_need_international,HIGH,Full-need commitment for international students requires official verification,LATEST_CDS_OR_OFFICIAL,BATCH_2_DEEP_VERIFICATION
university-of-north-carolina-wilmington,University of North Carolina Wilmington,official_website,MEDIUM,Official homepage not yet verified in Batch 1,OFFICIAL_INSTITUTION,BATCH_2_OR_3
university-of-north-carolina-wilmington,University of North Carolina Wilmington,application_fee_usd,MEDIUM,Current first-year application fee needs direct/current verification,OFFICIAL_INSTITUTION,BATCH_2_OR_3
university-of-north-carolina-wilmington,University of North Carolina Wilmington,sat_50,LOW,Median SAT not reported/verified; do not infer from p25/p75,LATEST_CDS_OR_OFFICIAL,BATCH_2_OR_3
university-of-north-carolina-wilmington,University of North Carolina Wilmington,act_50,LOW,Median ACT not reported/verified; do not infer from p25/p75,LATEST_CDS_OR_OFFICIAL,BATCH_2_OR_3
university-of-north-carolina-wilmington,University of North Carolina Wilmington,international_aid_policy,HIGH,Need-aware/need-blind/no-need-aid policy for international applicants requires official verification,OFFICIAL_INSTITUTION,BATCH_2_DEEP_VERIFICATION
university-of-north-carolina-wilmington,University of North Carolina Wilmington,international_need_based_aid,HIGH,International need-based aid availability requires official verification,OFFICIAL_INSTITUTION,BATCH_2_DEEP_VERIFICATION
university-of-north-carolina-wilmington,University of North Carolina Wilmington,meets_full_demonstrated_need_international,HIGH,Full-need commitment for international students requires official verification,LATEST_CDS_OR_OFFICIAL,BATCH_2_DEEP_VERIFICATION
san-diego-state-university,San Diego State University,official_website,MEDIUM,Official homepage not yet verified in Batch 1,OFFICIAL_INSTITUTION,BATCH_2_OR_3
san-diego-state-university,San Diego State University,application_fee_usd,MEDIUM,Current first-year application fee needs direct/current verification,OFFICIAL_INSTITUTION,BATCH_2_OR_3
san-diego-state-university,San Diego State University,sat_50,LOW,Median SAT not reported/verified; do not infer from p25/p75,LATEST_CDS_OR_OFFICIAL,BATCH_2_OR_3
san-diego-state-university,San Diego State University,act_50,LOW,Median ACT not reported/verified; do not infer from p25/p75,LATEST_CDS_OR_OFFICIAL,BATCH_2_OR_3
san-diego-state-university,San Diego State University,international_aid_policy,HIGH,Need-aware/need-blind/no-need-aid policy for international applicants requires official verification,OFFICIAL_INSTITUTION,BATCH_2_DEEP_VERIFICATION
san-diego-state-university,San Diego State University,international_need_based_aid,HIGH,International need-based aid availability requires official verification,OFFICIAL_INSTITUTION,BATCH_2_DEEP_VERIFICATION
san-diego-state-university,San Diego State University,meets_full_demonstrated_need_international,HIGH,Full-need commitment for international students requires official verification,LATEST_CDS_OR_OFFICIAL,BATCH_2_DEEP_VERIFICATION
california-polytechnic-state-university-san-luis-obispo,California Polytechnic State University-San Luis Obispo,official_website,MEDIUM,Official homepage not yet verified in Batch 1,OFFICIAL_INSTITUTION,BATCH_2_OR_3
california-polytechnic-state-university-san-luis-obispo,California Polytechnic State University-San Luis Obispo,application_fee_usd,MEDIUM,Current first-year application fee needs direct/current verification,OFFICIAL_INSTITUTION,BATCH_2_OR_3
california-polytechnic-state-university-san-luis-obispo,California Polytechnic State University-San Luis Obispo,sat_50,LOW,Median SAT not reported/verified; do not infer from p25/p75,LATEST_CDS_OR_OFFICIAL,BATCH_2_OR_3
california-polytechnic-state-university-san-luis-obispo,California Polytechnic State University-San Luis Obispo,act_50,LOW,Median ACT not reported/verified; do not infer from p25/p75,LATEST_CDS_OR_OFFICIAL,BATCH_2_OR_3
california-polytechnic-state-university-san-luis-obispo,California Polytechnic State University-San Luis Obispo,estimated_cost_of_attendance_usd,HIGH,Current annual international/OOS COA needs verification,OFFICIAL_INSTITUTION,BATCH_2_DEEP_VERIFICATION
california-polytechnic-state-university-san-luis-obispo,California Polytechnic State University-San Luis Obispo,international_aid_policy,HIGH,Need-aware/need-blind/no-need-aid policy for international applicants requires official verification,OFFICIAL_INSTITUTION,BATCH_2_DEEP_VERIFICATION
california-polytechnic-state-university-san-luis-obispo,California Polytechnic State University-San Luis Obispo,international_need_based_aid,HIGH,International need-based aid availability requires official verification,OFFICIAL_INSTITUTION,BATCH_2_DEEP_VERIFICATION
california-polytechnic-state-university-san-luis-obispo,California Polytechnic State University-San Luis Obispo,meets_full_demonstrated_need_international,HIGH,Full-need commitment for international students requires official verification,LATEST_CDS_OR_OFFICIAL,BATCH_2_DEEP_VERIFICATION
san-jose-state-university,San Jose State University,official_website,MEDIUM,Official homepage not yet verified in Batch 1,OFFICIAL_INSTITUTION,BATCH_2_OR_3
san-jose-state-university,San Jose State University,application_fee_usd,MEDIUM,Current first-year application fee needs direct/current verification,OFFICIAL_INSTITUTION,BATCH_2_OR_3
san-jose-state-university,San Jose State University,sat_50,LOW,Median SAT not reported/verified; do not infer from p25/p75,LATEST_CDS_OR_OFFICIAL,BATCH_2_OR_3
san-jose-state-university,San Jose State University,act_50,LOW,Median ACT not reported/verified; do not infer from p25/p75,LATEST_CDS_OR_OFFICIAL,BATCH_2_OR_3
san-jose-state-university,San Jose State University,international_aid_policy,HIGH,Need-aware/need-blind/no-need-aid policy for international applicants requires official verification,OFFICIAL_INSTITUTION,BATCH_2_DEEP_VERIFICATION
san-jose-state-university,San Jose State University,international_need_based_aid,HIGH,International need-based aid availability requires official verification,OFFICIAL_INSTITUTION,BATCH_2_DEEP_VERIFICATION
san-jose-state-university,San Jose State University,meets_full_demonstrated_need_international,HIGH,Full-need commitment for international students requires official verification,LATEST_CDS_OR_OFFICIAL,BATCH_2_DEEP_VERIFICATION
california-state-university-long-beach,California State University-Long Beach,official_website,MEDIUM,Official homepage not yet verified in Batch 1,OFFICIAL_INSTITUTION,BATCH_2_OR_3
california-state-university-long-beach,California State University-Long Beach,application_fee_usd,MEDIUM,Current first-year application fee needs direct/current verification,OFFICIAL_INSTITUTION,BATCH_2_OR_3
california-state-university-long-beach,California State University-Long Beach,sat_50,LOW,Median SAT not reported/verified; do not infer from p25/p75,LATEST_CDS_OR_OFFICIAL,BATCH_2_OR_3
california-state-university-long-beach,California State University-Long Beach,act_50,LOW,Median ACT not reported/verified; do not infer from p25/p75,LATEST_CDS_OR_OFFICIAL,BATCH_2_OR_3
california-state-university-long-beach,California State University-Long Beach,international_aid_policy,HIGH,Need-aware/need-blind/no-need-aid policy for international applicants requires official verification,OFFICIAL_INSTITUTION,BATCH_2_DEEP_VERIFICATION
california-state-university-long-beach,California State University-Long Beach,international_need_based_aid,HIGH,International need-based aid availability requires official verification,OFFICIAL_INSTITUTION,BATCH_2_DEEP_VERIFICATION
california-state-university-long-beach,California State University-Long Beach,meets_full_demonstrated_need_international,HIGH,Full-need commitment for international students requires official verification,LATEST_CDS_OR_OFFICIAL,BATCH_2_DEEP_VERIFICATION
california-state-university-fullerton,California State University-Fullerton,official_website,MEDIUM,Official homepage not yet verified in Batch 1,OFFICIAL_INSTITUTION,BATCH_2_OR_3
california-state-university-fullerton,California State University-Fullerton,application_fee_usd,MEDIUM,Current first-year application fee needs direct/current verification,OFFICIAL_INSTITUTION,BATCH_2_OR_3
california-state-university-fullerton,California State University-Fullerton,sat_50,LOW,Median SAT not reported/verified; do not infer from p25/p75,LATEST_CDS_OR_OFFICIAL,BATCH_2_OR_3
california-state-university-fullerton,California State University-Fullerton,act_50,LOW,Median ACT not reported/verified; do not infer from p25/p75,LATEST_CDS_OR_OFFICIAL,BATCH_2_OR_3
california-state-university-fullerton,California State University-Fullerton,estimated_cost_of_attendance_usd,HIGH,Current annual international/OOS COA needs verification,OFFICIAL_INSTITUTION,BATCH_2_DEEP_VERIFICATION
california-state-university-fullerton,California State University-Fullerton,international_aid_policy,HIGH,Need-aware/need-blind/no-need-aid policy for international applicants requires official verification,OFFICIAL_INSTITUTION,BATCH_2_DEEP_VERIFICATION
california-state-university-fullerton,California State University-Fullerton,international_need_based_aid,HIGH,International need-based aid availability requires official verification,OFFICIAL_INSTITUTION,BATCH_2_DEEP_VERIFICATION
california-state-university-fullerton,California State University-Fullerton,meets_full_demonstrated_need_international,HIGH,Full-need commitment for international students requires official verification,LATEST_CDS_OR_OFFICIAL,BATCH_2_DEEP_VERIFICATION
university-of-california-merced,University of California-Merced,official_website,MEDIUM,Official homepage not yet verified in Batch 1,OFFICIAL_INSTITUTION,BATCH_2_OR_3
university-of-california-merced,University of California-Merced,application_fee_usd,MEDIUM,Current first-year application fee needs direct/current verification,OFFICIAL_INSTITUTION,BATCH_2_OR_3
university-of-california-merced,University of California-Merced,sat_50,LOW,Median SAT not reported/verified; do not infer from p25/p75,LATEST_CDS_OR_OFFICIAL,BATCH_2_OR_3
university-of-california-merced,University of California-Merced,act_50,LOW,Median ACT not reported/verified; do not infer from p25/p75,LATEST_CDS_OR_OFFICIAL,BATCH_2_OR_3
university-of-california-merced,University of California-Merced,estimated_cost_of_attendance_usd,HIGH,Current annual international/OOS COA needs verification,OFFICIAL_INSTITUTION,BATCH_2_DEEP_VERIFICATION
university-of-california-merced,University of California-Merced,international_aid_policy,HIGH,Need-aware/need-blind/no-need-aid policy for international applicants requires official verification,OFFICIAL_INSTITUTION,BATCH_2_DEEP_VERIFICATION
university-of-california-merced,University of California-Merced,international_need_based_aid,HIGH,International need-based aid availability requires official verification,OFFICIAL_INSTITUTION,BATCH_2_DEEP_VERIFICATION
university-of-california-merced,University of California-Merced,meets_full_demonstrated_need_international,HIGH,Full-need commitment for international students requires official verification,LATEST_CDS_OR_OFFICIAL,BATCH_2_DEEP_VERIFICATION
loyola-marymount-university,Loyola Marymount University,official_website,MEDIUM,Official homepage not yet verified in Batch 1,OFFICIAL_INSTITUTION,BATCH_2_OR_3
loyola-marymount-university,Loyola Marymount University,application_fee_usd,MEDIUM,Current first-year application fee needs direct/current verification,OFFICIAL_INSTITUTION,BATCH_2_OR_3
loyola-marymount-university,Loyola Marymount University,sat_50,LOW,Median SAT not reported/verified; do not infer from p25/p75,LATEST_CDS_OR_OFFICIAL,BATCH_2_OR_3
loyola-marymount-university,Loyola Marymount University,act_50,LOW,Median ACT not reported/verified; do not infer from p25/p75,LATEST_CDS_OR_OFFICIAL,BATCH_2_OR_3
loyola-marymount-university,Loyola Marymount University,international_aid_policy,HIGH,Need-aware/need-blind/no-need-aid policy for international applicants requires official verification,OFFICIAL_INSTITUTION,BATCH_2_DEEP_VERIFICATION
loyola-marymount-university,Loyola Marymount University,international_need_based_aid,HIGH,International need-based aid availability requires official verification,OFFICIAL_INSTITUTION,BATCH_2_DEEP_VERIFICATION
loyola-marymount-university,Loyola Marymount University,meets_full_demonstrated_need_international,HIGH,Full-need commitment for international students requires official verification,LATEST_CDS_OR_OFFICIAL,BATCH_2_DEEP_VERIFICATION
university-of-san-francisco,University of San Francisco,official_website,MEDIUM,Official homepage not yet verified in Batch 1,OFFICIAL_INSTITUTION,BATCH_2_OR_3
university-of-san-francisco,University of San Francisco,application_fee_usd,MEDIUM,Current first-year application fee needs direct/current verification,OFFICIAL_INSTITUTION,BATCH_2_OR_3
university-of-san-francisco,University of San Francisco,sat_50,LOW,Median SAT not reported/verified; do not infer from p25/p75,LATEST_CDS_OR_OFFICIAL,BATCH_2_OR_3
university-of-san-francisco,University of San Francisco,act_50,LOW,Median ACT not reported/verified; do not infer from p25/p75,LATEST_CDS_OR_OFFICIAL,BATCH_2_OR_3
university-of-san-francisco,University of San Francisco,international_aid_policy,HIGH,Need-aware/need-blind/no-need-aid policy for international applicants requires official verification,OFFICIAL_INSTITUTION,BATCH_2_DEEP_VERIFICATION
university-of-san-francisco,University of San Francisco,international_need_based_aid,HIGH,International need-based aid availability requires official verification,OFFICIAL_INSTITUTION,BATCH_2_DEEP_VERIFICATION
university-of-san-francisco,University of San Francisco,meets_full_demonstrated_need_international,HIGH,Full-need commitment for international students requires official verification,LATEST_CDS_OR_OFFICIAL,BATCH_2_DEEP_VERIFICATION
chapman-university,Chapman University,official_website,MEDIUM,Official homepage not yet verified in Batch 1,OFFICIAL_INSTITUTION,BATCH_2_OR_3
chapman-university,Chapman University,application_fee_usd,MEDIUM,Current first-year application fee needs direct/current verification,OFFICIAL_INSTITUTION,BATCH_2_OR_3
chapman-university,Chapman University,sat_50,LOW,Median SAT not reported/verified; do not infer from p25/p75,LATEST_CDS_OR_OFFICIAL,BATCH_2_OR_3
chapman-university,Chapman University,act_50,LOW,Median ACT not reported/verified; do not infer from p25/p75,LATEST_CDS_OR_OFFICIAL,BATCH_2_OR_3
chapman-university,Chapman University,international_aid_policy,HIGH,Need-aware/need-blind/no-need-aid policy for international applicants requires official verification,OFFICIAL_INSTITUTION,BATCH_2_DEEP_VERIFICATION
chapman-university,Chapman University,international_need_based_aid,HIGH,International need-based aid availability requires official verification,OFFICIAL_INSTITUTION,BATCH_2_DEEP_VERIFICATION
chapman-university,Chapman University,meets_full_demonstrated_need_international,HIGH,Full-need commitment for international students requires official verification,LATEST_CDS_OR_OFFICIAL,BATCH_2_DEEP_VERIFICATION
university-of-denver,University of Denver,official_website,MEDIUM,Official homepage not yet verified in Batch 1,OFFICIAL_INSTITUTION,BATCH_2_OR_3
university-of-denver,University of Denver,application_fee_usd,MEDIUM,Current first-year application fee needs direct/current verification,OFFICIAL_INSTITUTION,BATCH_2_OR_3
university-of-denver,University of Denver,sat_50,LOW,Median SAT not reported/verified; do not infer from p25/p75,LATEST_CDS_OR_OFFICIAL,BATCH_2_OR_3
university-of-denver,University of Denver,act_50,LOW,Median ACT not reported/verified; do not infer from p25/p75,LATEST_CDS_OR_OFFICIAL,BATCH_2_OR_3
university-of-denver,University of Denver,international_aid_policy,HIGH,Need-aware/need-blind/no-need-aid policy for international applicants requires official verification,OFFICIAL_INSTITUTION,BATCH_2_DEEP_VERIFICATION
university-of-denver,University of Denver,international_need_based_aid,HIGH,International need-based aid availability requires official verification,OFFICIAL_INSTITUTION,BATCH_2_DEEP_VERIFICATION
university-of-denver,University of Denver,meets_full_demonstrated_need_international,HIGH,Full-need commitment for international students requires official verification,LATEST_CDS_OR_OFFICIAL,BATCH_2_DEEP_VERIFICATION
gonzaga-university,Gonzaga University,official_website,MEDIUM,Official homepage not yet verified in Batch 1,OFFICIAL_INSTITUTION,BATCH_2_OR_3
gonzaga-university,Gonzaga University,application_fee_usd,MEDIUM,Current first-year application fee needs direct/current verification,OFFICIAL_INSTITUTION,BATCH_2_OR_3
gonzaga-university,Gonzaga University,sat_50,LOW,Median SAT not reported/verified; do not infer from p25/p75,LATEST_CDS_OR_OFFICIAL,BATCH_2_OR_3
gonzaga-university,Gonzaga University,act_50,LOW,Median ACT not reported/verified; do not infer from p25/p75,LATEST_CDS_OR_OFFICIAL,BATCH_2_OR_3
gonzaga-university,Gonzaga University,international_aid_policy,HIGH,Need-aware/need-blind/no-need-aid policy for international applicants requires official verification,OFFICIAL_INSTITUTION,BATCH_2_DEEP_VERIFICATION
gonzaga-university,Gonzaga University,international_need_based_aid,HIGH,International need-based aid availability requires official verification,OFFICIAL_INSTITUTION,BATCH_2_DEEP_VERIFICATION
gonzaga-university,Gonzaga University,meets_full_demonstrated_need_international,HIGH,Full-need commitment for international students requires official verification,LATEST_CDS_OR_OFFICIAL,BATCH_2_DEEP_VERIFICATION
seattle-university,Seattle University,official_website,MEDIUM,Official homepage not yet verified in Batch 1,OFFICIAL_INSTITUTION,BATCH_2_OR_3
seattle-university,Seattle University,application_fee_usd,MEDIUM,Current first-year application fee needs direct/current verification,OFFICIAL_INSTITUTION,BATCH_2_OR_3
seattle-university,Seattle University,sat_50,LOW,Median SAT not reported/verified; do not infer from p25/p75,LATEST_CDS_OR_OFFICIAL,BATCH_2_OR_3
seattle-university,Seattle University,act_50,LOW,Median ACT not reported/verified; do not infer from p25/p75,LATEST_CDS_OR_OFFICIAL,BATCH_2_OR_3
seattle-university,Seattle University,international_aid_policy,HIGH,Need-aware/need-blind/no-need-aid policy for international applicants requires official verification,OFFICIAL_INSTITUTION,BATCH_2_DEEP_VERIFICATION
seattle-university,Seattle University,international_need_based_aid,HIGH,International need-based aid availability requires official verification,OFFICIAL_INSTITUTION,BATCH_2_DEEP_VERIFICATION
seattle-university,Seattle University,meets_full_demonstrated_need_international,HIGH,Full-need commitment for international students requires official verification,LATEST_CDS_OR_OFFICIAL,BATCH_2_DEEP_VERIFICATION
university-of-portland,University of Portland,official_website,MEDIUM,Official homepage not yet verified in Batch 1,OFFICIAL_INSTITUTION,BATCH_2_OR_3
university-of-portland,University of Portland,application_fee_usd,MEDIUM,Current first-year application fee needs direct/current verification,OFFICIAL_INSTITUTION,BATCH_2_OR_3
university-of-portland,University of Portland,sat_50,LOW,Median SAT not reported/verified; do not infer from p25/p75,LATEST_CDS_OR_OFFICIAL,BATCH_2_OR_3
university-of-portland,University of Portland,act_50,LOW,Median ACT not reported/verified; do not infer from p25/p75,LATEST_CDS_OR_OFFICIAL,BATCH_2_OR_3
university-of-portland,University of Portland,international_aid_policy,HIGH,Need-aware/need-blind/no-need-aid policy for international applicants requires official verification,OFFICIAL_INSTITUTION,BATCH_2_DEEP_VERIFICATION
university-of-portland,University of Portland,international_need_based_aid,HIGH,International need-based aid availability requires official verification,OFFICIAL_INSTITUTION,BATCH_2_DEEP_VERIFICATION
university-of-portland,University of Portland,meets_full_demonstrated_need_international,HIGH,Full-need commitment for international students requires official verification,LATEST_CDS_OR_OFFICIAL,BATCH_2_DEEP_VERIFICATION
williams-college,Williams College,official_website,MEDIUM,Official homepage not yet verified in Batch 1,OFFICIAL_INSTITUTION,BATCH_2_OR_3
williams-college,Williams College,application_fee_usd,MEDIUM,Current first-year application fee needs direct/current verification,OFFICIAL_INSTITUTION,BATCH_2_OR_3
williams-college,Williams College,sat_50,LOW,Median SAT not reported/verified; do not infer from p25/p75,LATEST_CDS_OR_OFFICIAL,BATCH_2_OR_3
williams-college,Williams College,act_50,LOW,Median ACT not reported/verified; do not infer from p25/p75,LATEST_CDS_OR_OFFICIAL,BATCH_2_OR_3
williams-college,Williams College,international_aid_policy,HIGH,Need-aware/need-blind/no-need-aid policy for international applicants requires official verification,OFFICIAL_INSTITUTION,BATCH_2_DEEP_VERIFICATION
williams-college,Williams College,international_need_based_aid,HIGH,International need-based aid availability requires official verification,OFFICIAL_INSTITUTION,BATCH_2_DEEP_VERIFICATION
williams-college,Williams College,meets_full_demonstrated_need_international,HIGH,Full-need commitment for international students requires official verification,LATEST_CDS_OR_OFFICIAL,BATCH_2_DEEP_VERIFICATION
amherst-college,Amherst College,official_website,MEDIUM,Official homepage not yet verified in Batch 1,OFFICIAL_INSTITUTION,BATCH_2_OR_3
amherst-college,Amherst College,application_fee_usd,MEDIUM,Current first-year application fee needs direct/current verification,OFFICIAL_INSTITUTION,BATCH_2_OR_3
amherst-college,Amherst College,sat_50,LOW,Median SAT not reported/verified; do not infer from p25/p75,LATEST_CDS_OR_OFFICIAL,BATCH_2_OR_3
amherst-college,Amherst College,act_50,LOW,Median ACT not reported/verified; do not infer from p25/p75,LATEST_CDS_OR_OFFICIAL,BATCH_2_OR_3
swarthmore-college,Swarthmore College,official_website,MEDIUM,Official homepage not yet verified in Batch 1,OFFICIAL_INSTITUTION,BATCH_2_OR_3
swarthmore-college,Swarthmore College,application_fee_usd,MEDIUM,Current first-year application fee needs direct/current verification,OFFICIAL_INSTITUTION,BATCH_2_OR_3
swarthmore-college,Swarthmore College,sat_50,LOW,Median SAT not reported/verified; do not infer from p25/p75,LATEST_CDS_OR_OFFICIAL,BATCH_2_OR_3
swarthmore-college,Swarthmore College,act_50,LOW,Median ACT not reported/verified; do not infer from p25/p75,LATEST_CDS_OR_OFFICIAL,BATCH_2_OR_3
swarthmore-college,Swarthmore College,international_aid_policy,HIGH,Need-aware/need-blind/no-need-aid policy for international applicants requires official verification,OFFICIAL_INSTITUTION,BATCH_2_DEEP_VERIFICATION
swarthmore-college,Swarthmore College,international_need_based_aid,HIGH,International need-based aid availability requires official verification,OFFICIAL_INSTITUTION,BATCH_2_DEEP_VERIFICATION
swarthmore-college,Swarthmore College,meets_full_demonstrated_need_international,HIGH,Full-need commitment for international students requires official verification,LATEST_CDS_OR_OFFICIAL,BATCH_2_DEEP_VERIFICATION
pomona-college,Pomona College,official_website,MEDIUM,Official homepage not yet verified in Batch 1,OFFICIAL_INSTITUTION,BATCH_2_OR_3
pomona-college,Pomona College,application_fee_usd,MEDIUM,Current first-year application fee needs direct/current verification,OFFICIAL_INSTITUTION,BATCH_2_OR_3
pomona-college,Pomona College,sat_50,LOW,Median SAT not reported/verified; do not infer from p25/p75,LATEST_CDS_OR_OFFICIAL,BATCH_2_OR_3
pomona-college,Pomona College,act_50,LOW,Median ACT not reported/verified; do not infer from p25/p75,LATEST_CDS_OR_OFFICIAL,BATCH_2_OR_3
pomona-college,Pomona College,international_aid_policy,HIGH,Need-aware/need-blind/no-need-aid policy for international applicants requires official verification,OFFICIAL_INSTITUTION,BATCH_2_DEEP_VERIFICATION
pomona-college,Pomona College,international_need_based_aid,HIGH,International need-based aid availability requires official verification,OFFICIAL_INSTITUTION,BATCH_2_DEEP_VERIFICATION
pomona-college,Pomona College,meets_full_demonstrated_need_international,HIGH,Full-need commitment for international students requires official verification,LATEST_CDS_OR_OFFICIAL,BATCH_2_DEEP_VERIFICATION
wellesley-college,Wellesley College,official_website,MEDIUM,Official homepage not yet verified in Batch 1,OFFICIAL_INSTITUTION,BATCH_2_OR_3
wellesley-college,Wellesley College,application_fee_usd,MEDIUM,Current first-year application fee needs direct/current verification,OFFICIAL_INSTITUTION,BATCH_2_OR_3
wellesley-college,Wellesley College,sat_50,LOW,Median SAT not reported/verified; do not infer from p25/p75,LATEST_CDS_OR_OFFICIAL,BATCH_2_OR_3
wellesley-college,Wellesley College,act_50,LOW,Median ACT not reported/verified; do not infer from p25/p75,LATEST_CDS_OR_OFFICIAL,BATCH_2_OR_3
wellesley-college,Wellesley College,international_aid_policy,HIGH,Need-aware/need-blind/no-need-aid policy for international applicants requires official verification,OFFICIAL_INSTITUTION,BATCH_2_DEEP_VERIFICATION
wellesley-college,Wellesley College,international_need_based_aid,HIGH,International need-based aid availability requires official verification,OFFICIAL_INSTITUTION,BATCH_2_DEEP_VERIFICATION
wellesley-college,Wellesley College,meets_full_demonstrated_need_international,HIGH,Full-need commitment for international students requires official verification,LATEST_CDS_OR_OFFICIAL,BATCH_2_DEEP_VERIFICATION
bowdoin-college,Bowdoin College,official_website,MEDIUM,Official homepage not yet verified in Batch 1,OFFICIAL_INSTITUTION,BATCH_2_OR_3
bowdoin-college,Bowdoin College,application_fee_usd,MEDIUM,Current first-year application fee needs direct/current verification,OFFICIAL_INSTITUTION,BATCH_2_OR_3
bowdoin-college,Bowdoin College,sat_50,LOW,Median SAT not reported/verified; do not infer from p25/p75,LATEST_CDS_OR_OFFICIAL,BATCH_2_OR_3
bowdoin-college,Bowdoin College,act_50,LOW,Median ACT not reported/verified; do not infer from p25/p75,LATEST_CDS_OR_OFFICIAL,BATCH_2_OR_3
claremont-mckenna-college,Claremont McKenna College,official_website,MEDIUM,Official homepage not yet verified in Batch 1,OFFICIAL_INSTITUTION,BATCH_2_OR_3
claremont-mckenna-college,Claremont McKenna College,application_fee_usd,MEDIUM,Current first-year application fee needs direct/current verification,OFFICIAL_INSTITUTION,BATCH_2_OR_3
claremont-mckenna-college,Claremont McKenna College,sat_50,LOW,Median SAT not reported/verified; do not infer from p25/p75,LATEST_CDS_OR_OFFICIAL,BATCH_2_OR_3
claremont-mckenna-college,Claremont McKenna College,act_50,LOW,Median ACT not reported/verified; do not infer from p25/p75,LATEST_CDS_OR_OFFICIAL,BATCH_2_OR_3
claremont-mckenna-college,Claremont McKenna College,international_aid_policy,HIGH,Need-aware/need-blind/no-need-aid policy for international applicants requires official verification,OFFICIAL_INSTITUTION,BATCH_2_DEEP_VERIFICATION
claremont-mckenna-college,Claremont McKenna College,international_need_based_aid,HIGH,International need-based aid availability requires official verification,OFFICIAL_INSTITUTION,BATCH_2_DEEP_VERIFICATION
claremont-mckenna-college,Claremont McKenna College,meets_full_demonstrated_need_international,HIGH,Full-need commitment for international students requires official verification,LATEST_CDS_OR_OFFICIAL,BATCH_2_DEEP_VERIFICATION
carleton-college,Carleton College,official_website,MEDIUM,Official homepage not yet verified in Batch 1,OFFICIAL_INSTITUTION,BATCH_2_OR_3
carleton-college,Carleton College,application_fee_usd,MEDIUM,Current first-year application fee needs direct/current verification,OFFICIAL_INSTITUTION,BATCH_2_OR_3
carleton-college,Carleton College,sat_50,LOW,Median SAT not reported/verified; do not infer from p25/p75,LATEST_CDS_OR_OFFICIAL,BATCH_2_OR_3
carleton-college,Carleton College,act_50,LOW,Median ACT not reported/verified; do not infer from p25/p75,LATEST_CDS_OR_OFFICIAL,BATCH_2_OR_3
carleton-college,Carleton College,international_aid_policy,HIGH,Need-aware/need-blind/no-need-aid policy for international applicants requires official verification,OFFICIAL_INSTITUTION,BATCH_2_DEEP_VERIFICATION
carleton-college,Carleton College,international_need_based_aid,HIGH,International need-based aid availability requires official verification,OFFICIAL_INSTITUTION,BATCH_2_DEEP_VERIFICATION
carleton-college,Carleton College,meets_full_demonstrated_need_international,HIGH,Full-need commitment for international students requires official verification,LATEST_CDS_OR_OFFICIAL,BATCH_2_DEEP_VERIFICATION
middlebury-college,Middlebury College,official_website,MEDIUM,Official homepage not yet verified in Batch 1,OFFICIAL_INSTITUTION,BATCH_2_OR_3
middlebury-college,Middlebury College,application_fee_usd,MEDIUM,Current first-year application fee needs direct/current verification,OFFICIAL_INSTITUTION,BATCH_2_OR_3
middlebury-college,Middlebury College,sat_50,LOW,Median SAT not reported/verified; do not infer from p25/p75,LATEST_CDS_OR_OFFICIAL,BATCH_2_OR_3
middlebury-college,Middlebury College,act_50,LOW,Median ACT not reported/verified; do not infer from p25/p75,LATEST_CDS_OR_OFFICIAL,BATCH_2_OR_3
middlebury-college,Middlebury College,international_aid_policy,HIGH,Need-aware/need-blind/no-need-aid policy for international applicants requires official verification,OFFICIAL_INSTITUTION,BATCH_2_DEEP_VERIFICATION
middlebury-college,Middlebury College,international_need_based_aid,HIGH,International need-based aid availability requires official verification,OFFICIAL_INSTITUTION,BATCH_2_DEEP_VERIFICATION
middlebury-college,Middlebury College,meets_full_demonstrated_need_international,HIGH,Full-need commitment for international students requires official verification,LATEST_CDS_OR_OFFICIAL,BATCH_2_DEEP_VERIFICATION
barnard-college,Barnard College,official_website,MEDIUM,Official homepage not yet verified in Batch 1,OFFICIAL_INSTITUTION,BATCH_2_OR_3
barnard-college,Barnard College,application_fee_usd,MEDIUM,Current first-year application fee needs direct/current verification,OFFICIAL_INSTITUTION,BATCH_2_OR_3
barnard-college,Barnard College,sat_50,LOW,Median SAT not reported/verified; do not infer from p25/p75,LATEST_CDS_OR_OFFICIAL,BATCH_2_OR_3
barnard-college,Barnard College,act_50,LOW,Median ACT not reported/verified; do not infer from p25/p75,LATEST_CDS_OR_OFFICIAL,BATCH_2_OR_3
barnard-college,Barnard College,international_aid_policy,HIGH,Need-aware/need-blind/no-need-aid policy for international applicants requires official verification,OFFICIAL_INSTITUTION,BATCH_2_DEEP_VERIFICATION
barnard-college,Barnard College,international_need_based_aid,HIGH,International need-based aid availability requires official verification,OFFICIAL_INSTITUTION,BATCH_2_DEEP_VERIFICATION
barnard-college,Barnard College,meets_full_demonstrated_need_international,HIGH,Full-need commitment for international students requires official verification,LATEST_CDS_OR_OFFICIAL,BATCH_2_DEEP_VERIFICATION
harvey-mudd-college,Harvey Mudd College,official_website,MEDIUM,Official homepage not yet verified in Batch 1,OFFICIAL_INSTITUTION,BATCH_2_OR_3
harvey-mudd-college,Harvey Mudd College,application_fee_usd,MEDIUM,Current first-year application fee needs direct/current verification,OFFICIAL_INSTITUTION,BATCH_2_OR_3
harvey-mudd-college,Harvey Mudd College,sat_50,LOW,Median SAT not reported/verified; do not infer from p25/p75,LATEST_CDS_OR_OFFICIAL,BATCH_2_OR_3
harvey-mudd-college,Harvey Mudd College,act_50,LOW,Median ACT not reported/verified; do not infer from p25/p75,LATEST_CDS_OR_OFFICIAL,BATCH_2_OR_3
harvey-mudd-college,Harvey Mudd College,international_aid_policy,HIGH,Need-aware/need-blind/no-need-aid policy for international applicants requires official verification,OFFICIAL_INSTITUTION,BATCH_2_DEEP_VERIFICATION
harvey-mudd-college,Harvey Mudd College,international_need_based_aid,HIGH,International need-based aid availability requires official verification,OFFICIAL_INSTITUTION,BATCH_2_DEEP_VERIFICATION
harvey-mudd-college,Harvey Mudd College,meets_full_demonstrated_need_international,HIGH,Full-need commitment for international students requires official verification,LATEST_CDS_OR_OFFICIAL,BATCH_2_DEEP_VERIFICATION
wesleyan-university,Wesleyan University,official_website,MEDIUM,Official homepage not yet verified in Batch 1,OFFICIAL_INSTITUTION,BATCH_2_OR_3
wesleyan-university,Wesleyan University,application_fee_usd,MEDIUM,Current first-year application fee needs direct/current verification,OFFICIAL_INSTITUTION,BATCH_2_OR_3
wesleyan-university,Wesleyan University,sat_50,LOW,Median SAT not reported/verified; do not infer from p25/p75,LATEST_CDS_OR_OFFICIAL,BATCH_2_OR_3
wesleyan-university,Wesleyan University,act_50,LOW,Median ACT not reported/verified; do not infer from p25/p75,LATEST_CDS_OR_OFFICIAL,BATCH_2_OR_3
wesleyan-university,Wesleyan University,international_aid_policy,HIGH,Need-aware/need-blind/no-need-aid policy for international applicants requires official verification,OFFICIAL_INSTITUTION,BATCH_2_DEEP_VERIFICATION
wesleyan-university,Wesleyan University,international_need_based_aid,HIGH,International need-based aid availability requires official verification,OFFICIAL_INSTITUTION,BATCH_2_DEEP_VERIFICATION
wesleyan-university,Wesleyan University,meets_full_demonstrated_need_international,HIGH,Full-need commitment for international students requires official verification,LATEST_CDS_OR_OFFICIAL,BATCH_2_DEEP_VERIFICATION
grinnell-college,Grinnell College,official_website,MEDIUM,Official homepage not yet verified in Batch 1,OFFICIAL_INSTITUTION,BATCH_2_OR_3
grinnell-college,Grinnell College,application_fee_usd,MEDIUM,Current first-year application fee needs direct/current verification,OFFICIAL_INSTITUTION,BATCH_2_OR_3
grinnell-college,Grinnell College,sat_50,LOW,Median SAT not reported/verified; do not infer from p25/p75,LATEST_CDS_OR_OFFICIAL,BATCH_2_OR_3
grinnell-college,Grinnell College,act_50,LOW,Median ACT not reported/verified; do not infer from p25/p75,LATEST_CDS_OR_OFFICIAL,BATCH_2_OR_3
grinnell-college,Grinnell College,international_aid_policy,HIGH,Need-aware/need-blind/no-need-aid policy for international applicants requires official verification,OFFICIAL_INSTITUTION,BATCH_2_DEEP_VERIFICATION
grinnell-college,Grinnell College,international_need_based_aid,HIGH,International need-based aid availability requires official verification,OFFICIAL_INSTITUTION,BATCH_2_DEEP_VERIFICATION
grinnell-college,Grinnell College,meets_full_demonstrated_need_international,HIGH,Full-need commitment for international students requires official verification,LATEST_CDS_OR_OFFICIAL,BATCH_2_DEEP_VERIFICATION
hamilton-college,Hamilton College,official_website,MEDIUM,Official homepage not yet verified in Batch 1,OFFICIAL_INSTITUTION,BATCH_2_OR_3
hamilton-college,Hamilton College,application_fee_usd,MEDIUM,Current first-year application fee needs direct/current verification,OFFICIAL_INSTITUTION,BATCH_2_OR_3
hamilton-college,Hamilton College,sat_50,LOW,Median SAT not reported/verified; do not infer from p25/p75,LATEST_CDS_OR_OFFICIAL,BATCH_2_OR_3
hamilton-college,Hamilton College,act_50,LOW,Median ACT not reported/verified; do not infer from p25/p75,LATEST_CDS_OR_OFFICIAL,BATCH_2_OR_3
hamilton-college,Hamilton College,international_aid_policy,HIGH,Need-aware/need-blind/no-need-aid policy for international applicants requires official verification,OFFICIAL_INSTITUTION,BATCH_2_DEEP_VERIFICATION
hamilton-college,Hamilton College,international_need_based_aid,HIGH,International need-based aid availability requires official verification,OFFICIAL_INSTITUTION,BATCH_2_DEEP_VERIFICATION
hamilton-college,Hamilton College,meets_full_demonstrated_need_international,HIGH,Full-need commitment for international students requires official verification,LATEST_CDS_OR_OFFICIAL,BATCH_2_DEEP_VERIFICATION
haverford-college,Haverford College,official_website,MEDIUM,Official homepage not yet verified in Batch 1,OFFICIAL_INSTITUTION,BATCH_2_OR_3
haverford-college,Haverford College,application_fee_usd,MEDIUM,Current first-year application fee needs direct/current verification,OFFICIAL_INSTITUTION,BATCH_2_OR_3
haverford-college,Haverford College,sat_50,LOW,Median SAT not reported/verified; do not infer from p25/p75,LATEST_CDS_OR_OFFICIAL,BATCH_2_OR_3
haverford-college,Haverford College,act_50,LOW,Median ACT not reported/verified; do not infer from p25/p75,LATEST_CDS_OR_OFFICIAL,BATCH_2_OR_3
haverford-college,Haverford College,international_aid_policy,HIGH,Need-aware/need-blind/no-need-aid policy for international applicants requires official verification,OFFICIAL_INSTITUTION,BATCH_2_DEEP_VERIFICATION
haverford-college,Haverford College,international_need_based_aid,HIGH,International need-based aid availability requires official verification,OFFICIAL_INSTITUTION,BATCH_2_DEEP_VERIFICATION
haverford-college,Haverford College,meets_full_demonstrated_need_international,HIGH,Full-need commitment for international students requires official verification,LATEST_CDS_OR_OFFICIAL,BATCH_2_DEEP_VERIFICATION
smith-college,Smith College,official_website,MEDIUM,Official homepage not yet verified in Batch 1,OFFICIAL_INSTITUTION,BATCH_2_OR_3
smith-college,Smith College,application_fee_usd,MEDIUM,Current first-year application fee needs direct/current verification,OFFICIAL_INSTITUTION,BATCH_2_OR_3
smith-college,Smith College,sat_50,LOW,Median SAT not reported/verified; do not infer from p25/p75,LATEST_CDS_OR_OFFICIAL,BATCH_2_OR_3
smith-college,Smith College,act_50,LOW,Median ACT not reported/verified; do not infer from p25/p75,LATEST_CDS_OR_OFFICIAL,BATCH_2_OR_3
smith-college,Smith College,international_aid_policy,HIGH,Need-aware/need-blind/no-need-aid policy for international applicants requires official verification,OFFICIAL_INSTITUTION,BATCH_2_DEEP_VERIFICATION
smith-college,Smith College,international_need_based_aid,HIGH,International need-based aid availability requires official verification,OFFICIAL_INSTITUTION,BATCH_2_DEEP_VERIFICATION
smith-college,Smith College,meets_full_demonstrated_need_international,HIGH,Full-need commitment for international students requires official verification,LATEST_CDS_OR_OFFICIAL,BATCH_2_DEEP_VERIFICATION
vassar-college,Vassar College,official_website,MEDIUM,Official homepage not yet verified in Batch 1,OFFICIAL_INSTITUTION,BATCH_2_OR_3
vassar-college,Vassar College,application_fee_usd,MEDIUM,Current first-year application fee needs direct/current verification,OFFICIAL_INSTITUTION,BATCH_2_OR_3
vassar-college,Vassar College,sat_50,LOW,Median SAT not reported/verified; do not infer from p25/p75,LATEST_CDS_OR_OFFICIAL,BATCH_2_OR_3
vassar-college,Vassar College,act_50,LOW,Median ACT not reported/verified; do not infer from p25/p75,LATEST_CDS_OR_OFFICIAL,BATCH_2_OR_3
vassar-college,Vassar College,international_aid_policy,HIGH,Need-aware/need-blind/no-need-aid policy for international applicants requires official verification,OFFICIAL_INSTITUTION,BATCH_2_DEEP_VERIFICATION
vassar-college,Vassar College,international_need_based_aid,HIGH,International need-based aid availability requires official verification,OFFICIAL_INSTITUTION,BATCH_2_DEEP_VERIFICATION
vassar-college,Vassar College,meets_full_demonstrated_need_international,HIGH,Full-need commitment for international students requires official verification,LATEST_CDS_OR_OFFICIAL,BATCH_2_DEEP_VERIFICATION
colgate-university,Colgate University,official_website,MEDIUM,Official homepage not yet verified in Batch 1,OFFICIAL_INSTITUTION,BATCH_2_OR_3
colgate-university,Colgate University,application_fee_usd,MEDIUM,Current first-year application fee needs direct/current verification,OFFICIAL_INSTITUTION,BATCH_2_OR_3
colgate-university,Colgate University,sat_50,LOW,Median SAT not reported/verified; do not infer from p25/p75,LATEST_CDS_OR_OFFICIAL,BATCH_2_OR_3
colgate-university,Colgate University,act_50,LOW,Median ACT not reported/verified; do not infer from p25/p75,LATEST_CDS_OR_OFFICIAL,BATCH_2_OR_3
colgate-university,Colgate University,international_aid_policy,HIGH,Need-aware/need-blind/no-need-aid policy for international applicants requires official verification,OFFICIAL_INSTITUTION,BATCH_2_DEEP_VERIFICATION
colgate-university,Colgate University,international_need_based_aid,HIGH,International need-based aid availability requires official verification,OFFICIAL_INSTITUTION,BATCH_2_DEEP_VERIFICATION
colgate-university,Colgate University,meets_full_demonstrated_need_international,HIGH,Full-need commitment for international students requires official verification,LATEST_CDS_OR_OFFICIAL,BATCH_2_DEEP_VERIFICATION
davidson-college,Davidson College,official_website,MEDIUM,Official homepage not yet verified in Batch 1,OFFICIAL_INSTITUTION,BATCH_2_OR_3
davidson-college,Davidson College,application_fee_usd,MEDIUM,Current first-year application fee needs direct/current verification,OFFICIAL_INSTITUTION,BATCH_2_OR_3
davidson-college,Davidson College,sat_50,LOW,Median SAT not reported/verified; do not infer from p25/p75,LATEST_CDS_OR_OFFICIAL,BATCH_2_OR_3
davidson-college,Davidson College,act_50,LOW,Median ACT not reported/verified; do not infer from p25/p75,LATEST_CDS_OR_OFFICIAL,BATCH_2_OR_3
davidson-college,Davidson College,international_aid_policy,HIGH,Need-aware/need-blind/no-need-aid policy for international applicants requires official verification,OFFICIAL_INSTITUTION,BATCH_2_DEEP_VERIFICATION
davidson-college,Davidson College,international_need_based_aid,HIGH,International need-based aid availability requires official verification,OFFICIAL_INSTITUTION,BATCH_2_DEEP_VERIFICATION
davidson-college,Davidson College,meets_full_demonstrated_need_international,HIGH,Full-need commitment for international students requires official verification,LATEST_CDS_OR_OFFICIAL,BATCH_2_DEEP_VERIFICATION
washington-and-lee-university,Washington and Lee University,official_website,MEDIUM,Official homepage not yet verified in Batch 1,OFFICIAL_INSTITUTION,BATCH_2_OR_3
washington-and-lee-university,Washington and Lee University,application_fee_usd,MEDIUM,Current first-year application fee needs direct/current verification,OFFICIAL_INSTITUTION,BATCH_2_OR_3
washington-and-lee-university,Washington and Lee University,sat_50,LOW,Median SAT not reported/verified; do not infer from p25/p75,LATEST_CDS_OR_OFFICIAL,BATCH_2_OR_3
washington-and-lee-university,Washington and Lee University,act_50,LOW,Median ACT not reported/verified; do not infer from p25/p75,LATEST_CDS_OR_OFFICIAL,BATCH_2_OR_3
washington-and-lee-university,Washington and Lee University,international_aid_policy,HIGH,Need-aware/need-blind/no-need-aid policy for international applicants requires official verification,OFFICIAL_INSTITUTION,BATCH_2_DEEP_VERIFICATION
washington-and-lee-university,Washington and Lee University,international_need_based_aid,HIGH,International need-based aid availability requires official verification,OFFICIAL_INSTITUTION,BATCH_2_DEEP_VERIFICATION
washington-and-lee-university,Washington and Lee University,meets_full_demonstrated_need_international,HIGH,Full-need commitment for international students requires official verification,LATEST_CDS_OR_OFFICIAL,BATCH_2_DEEP_VERIFICATION
colby-college,Colby College,official_website,MEDIUM,Official homepage not yet verified in Batch 1,OFFICIAL_INSTITUTION,BATCH_2_OR_3
colby-college,Colby College,application_fee_usd,MEDIUM,Current first-year application fee needs direct/current verification,OFFICIAL_INSTITUTION,BATCH_2_OR_3
colby-college,Colby College,sat_50,LOW,Median SAT not reported/verified; do not infer from p25/p75,LATEST_CDS_OR_OFFICIAL,BATCH_2_OR_3
colby-college,Colby College,act_50,LOW,Median ACT not reported/verified; do not infer from p25/p75,LATEST_CDS_OR_OFFICIAL,BATCH_2_OR_3
colby-college,Colby College,international_aid_policy,HIGH,Need-aware/need-blind/no-need-aid policy for international applicants requires official verification,OFFICIAL_INSTITUTION,BATCH_2_DEEP_VERIFICATION
colby-college,Colby College,international_need_based_aid,HIGH,International need-based aid availability requires official verification,OFFICIAL_INSTITUTION,BATCH_2_DEEP_VERIFICATION
colby-college,Colby College,meets_full_demonstrated_need_international,HIGH,Full-need commitment for international students requires official verification,LATEST_CDS_OR_OFFICIAL,BATCH_2_DEEP_VERIFICATION
bates-college,Bates College,official_website,MEDIUM,Official homepage not yet verified in Batch 1,OFFICIAL_INSTITUTION,BATCH_2_OR_3
bates-college,Bates College,application_fee_usd,MEDIUM,Current first-year application fee needs direct/current verification,OFFICIAL_INSTITUTION,BATCH_2_OR_3
bates-college,Bates College,sat_50,LOW,Median SAT not reported/verified; do not infer from p25/p75,LATEST_CDS_OR_OFFICIAL,BATCH_2_OR_3
bates-college,Bates College,act_50,LOW,Median ACT not reported/verified; do not infer from p25/p75,LATEST_CDS_OR_OFFICIAL,BATCH_2_OR_3
bates-college,Bates College,international_aid_policy,HIGH,Need-aware/need-blind/no-need-aid policy for international applicants requires official verification,OFFICIAL_INSTITUTION,BATCH_2_DEEP_VERIFICATION
bates-college,Bates College,international_need_based_aid,HIGH,International need-based aid availability requires official verification,OFFICIAL_INSTITUTION,BATCH_2_DEEP_VERIFICATION
bates-college,Bates College,meets_full_demonstrated_need_international,HIGH,Full-need commitment for international students requires official verification,LATEST_CDS_OR_OFFICIAL,BATCH_2_DEEP_VERIFICATION
macalester-college,Macalester College,official_website,MEDIUM,Official homepage not yet verified in Batch 1,OFFICIAL_INSTITUTION,BATCH_2_OR_3
macalester-college,Macalester College,application_fee_usd,MEDIUM,Current first-year application fee needs direct/current verification,OFFICIAL_INSTITUTION,BATCH_2_OR_3
macalester-college,Macalester College,sat_50,LOW,Median SAT not reported/verified; do not infer from p25/p75,LATEST_CDS_OR_OFFICIAL,BATCH_2_OR_3
macalester-college,Macalester College,act_50,LOW,Median ACT not reported/verified; do not infer from p25/p75,LATEST_CDS_OR_OFFICIAL,BATCH_2_OR_3
macalester-college,Macalester College,international_aid_policy,HIGH,Need-aware/need-blind/no-need-aid policy for international applicants requires official verification,OFFICIAL_INSTITUTION,BATCH_2_DEEP_VERIFICATION
macalester-college,Macalester College,international_need_based_aid,HIGH,International need-based aid availability requires official verification,OFFICIAL_INSTITUTION,BATCH_2_DEEP_VERIFICATION
macalester-college,Macalester College,meets_full_demonstrated_need_international,HIGH,Full-need commitment for international students requires official verification,LATEST_CDS_OR_OFFICIAL,BATCH_2_DEEP_VERIFICATION
scripps-college,Scripps College,official_website,MEDIUM,Official homepage not yet verified in Batch 1,OFFICIAL_INSTITUTION,BATCH_2_OR_3
scripps-college,Scripps College,application_fee_usd,MEDIUM,Current first-year application fee needs direct/current verification,OFFICIAL_INSTITUTION,BATCH_2_OR_3
scripps-college,Scripps College,sat_50,LOW,Median SAT not reported/verified; do not infer from p25/p75,LATEST_CDS_OR_OFFICIAL,BATCH_2_OR_3
scripps-college,Scripps College,act_50,LOW,Median ACT not reported/verified; do not infer from p25/p75,LATEST_CDS_OR_OFFICIAL,BATCH_2_OR_3
scripps-college,Scripps College,international_aid_policy,HIGH,Need-aware/need-blind/no-need-aid policy for international applicants requires official verification,OFFICIAL_INSTITUTION,BATCH_2_DEEP_VERIFICATION
scripps-college,Scripps College,international_need_based_aid,HIGH,International need-based aid availability requires official verification,OFFICIAL_INSTITUTION,BATCH_2_DEEP_VERIFICATION
scripps-college,Scripps College,meets_full_demonstrated_need_international,HIGH,Full-need commitment for international students requires official verification,LATEST_CDS_OR_OFFICIAL,BATCH_2_DEEP_VERIFICATION
bryn-mawr-college,Bryn Mawr College,official_website,MEDIUM,Official homepage not yet verified in Batch 1,OFFICIAL_INSTITUTION,BATCH_2_OR_3
bryn-mawr-college,Bryn Mawr College,application_fee_usd,MEDIUM,Current first-year application fee needs direct/current verification,OFFICIAL_INSTITUTION,BATCH_2_OR_3
bryn-mawr-college,Bryn Mawr College,sat_50,LOW,Median SAT not reported/verified; do not infer from p25/p75,LATEST_CDS_OR_OFFICIAL,BATCH_2_OR_3
bryn-mawr-college,Bryn Mawr College,act_50,LOW,Median ACT not reported/verified; do not infer from p25/p75,LATEST_CDS_OR_OFFICIAL,BATCH_2_OR_3
bryn-mawr-college,Bryn Mawr College,international_aid_policy,HIGH,Need-aware/need-blind/no-need-aid policy for international applicants requires official verification,OFFICIAL_INSTITUTION,BATCH_2_DEEP_VERIFICATION
bryn-mawr-college,Bryn Mawr College,international_need_based_aid,HIGH,International need-based aid availability requires official verification,OFFICIAL_INSTITUTION,BATCH_2_DEEP_VERIFICATION
bryn-mawr-college,Bryn Mawr College,meets_full_demonstrated_need_international,HIGH,Full-need commitment for international students requires official verification,LATEST_CDS_OR_OFFICIAL,BATCH_2_DEEP_VERIFICATION
bucknell-university,Bucknell University,official_website,MEDIUM,Official homepage not yet verified in Batch 1,OFFICIAL_INSTITUTION,BATCH_2_OR_3
bucknell-university,Bucknell University,application_fee_usd,MEDIUM,Current first-year application fee needs direct/current verification,OFFICIAL_INSTITUTION,BATCH_2_OR_3
bucknell-university,Bucknell University,sat_50,LOW,Median SAT not reported/verified; do not infer from p25/p75,LATEST_CDS_OR_OFFICIAL,BATCH_2_OR_3
bucknell-university,Bucknell University,act_50,LOW,Median ACT not reported/verified; do not infer from p25/p75,LATEST_CDS_OR_OFFICIAL,BATCH_2_OR_3
bucknell-university,Bucknell University,international_aid_policy,HIGH,Need-aware/need-blind/no-need-aid policy for international applicants requires official verification,OFFICIAL_INSTITUTION,BATCH_2_DEEP_VERIFICATION
bucknell-university,Bucknell University,international_need_based_aid,HIGH,International need-based aid availability requires official verification,OFFICIAL_INSTITUTION,BATCH_2_DEEP_VERIFICATION
bucknell-university,Bucknell University,meets_full_demonstrated_need_international,HIGH,Full-need commitment for international students requires official verification,LATEST_CDS_OR_OFFICIAL,BATCH_2_DEEP_VERIFICATION
lafayette-college,Lafayette College,official_website,MEDIUM,Official homepage not yet verified in Batch 1,OFFICIAL_INSTITUTION,BATCH_2_OR_3
lafayette-college,Lafayette College,application_fee_usd,MEDIUM,Current first-year application fee needs direct/current verification,OFFICIAL_INSTITUTION,BATCH_2_OR_3
lafayette-college,Lafayette College,sat_50,LOW,Median SAT not reported/verified; do not infer from p25/p75,LATEST_CDS_OR_OFFICIAL,BATCH_2_OR_3
lafayette-college,Lafayette College,act_50,LOW,Median ACT not reported/verified; do not infer from p25/p75,LATEST_CDS_OR_OFFICIAL,BATCH_2_OR_3
lafayette-college,Lafayette College,international_aid_policy,HIGH,Need-aware/need-blind/no-need-aid policy for international applicants requires official verification,OFFICIAL_INSTITUTION,BATCH_2_DEEP_VERIFICATION
lafayette-college,Lafayette College,international_need_based_aid,HIGH,International need-based aid availability requires official verification,OFFICIAL_INSTITUTION,BATCH_2_DEEP_VERIFICATION
lafayette-college,Lafayette College,meets_full_demonstrated_need_international,HIGH,Full-need commitment for international students requires official verification,LATEST_CDS_OR_OFFICIAL,BATCH_2_DEEP_VERIFICATION
college-of-the-holy-cross,College of the Holy Cross,official_website,MEDIUM,Official homepage not yet verified in Batch 1,OFFICIAL_INSTITUTION,BATCH_2_OR_3
college-of-the-holy-cross,College of the Holy Cross,application_fee_usd,MEDIUM,Current first-year application fee needs direct/current verification,OFFICIAL_INSTITUTION,BATCH_2_OR_3
college-of-the-holy-cross,College of the Holy Cross,sat_50,LOW,Median SAT not reported/verified; do not infer from p25/p75,LATEST_CDS_OR_OFFICIAL,BATCH_2_OR_3
college-of-the-holy-cross,College of the Holy Cross,act_50,LOW,Median ACT not reported/verified; do not infer from p25/p75,LATEST_CDS_OR_OFFICIAL,BATCH_2_OR_3
college-of-the-holy-cross,College of the Holy Cross,international_aid_policy,HIGH,Need-aware/need-blind/no-need-aid policy for international applicants requires official verification,OFFICIAL_INSTITUTION,BATCH_2_DEEP_VERIFICATION
college-of-the-holy-cross,College of the Holy Cross,international_need_based_aid,HIGH,International need-based aid availability requires official verification,OFFICIAL_INSTITUTION,BATCH_2_DEEP_VERIFICATION
college-of-the-holy-cross,College of the Holy Cross,meets_full_demonstrated_need_international,HIGH,Full-need commitment for international students requires official verification,LATEST_CDS_OR_OFFICIAL,BATCH_2_DEEP_VERIFICATION
university-of-richmond,University of Richmond,official_website,MEDIUM,Official homepage not yet verified in Batch 1,OFFICIAL_INSTITUTION,BATCH_2_OR_3
university-of-richmond,University of Richmond,application_fee_usd,MEDIUM,Current first-year application fee needs direct/current verification,OFFICIAL_INSTITUTION,BATCH_2_OR_3
university-of-richmond,University of Richmond,sat_50,LOW,Median SAT not reported/verified; do not infer from p25/p75,LATEST_CDS_OR_OFFICIAL,BATCH_2_OR_3
university-of-richmond,University of Richmond,act_50,LOW,Median ACT not reported/verified; do not infer from p25/p75,LATEST_CDS_OR_OFFICIAL,BATCH_2_OR_3
university-of-richmond,University of Richmond,international_aid_policy,HIGH,Need-aware/need-blind/no-need-aid policy for international applicants requires official verification,OFFICIAL_INSTITUTION,BATCH_2_DEEP_VERIFICATION
university-of-richmond,University of Richmond,international_need_based_aid,HIGH,International need-based aid availability requires official verification,OFFICIAL_INSTITUTION,BATCH_2_DEEP_VERIFICATION
university-of-richmond,University of Richmond,meets_full_demonstrated_need_international,HIGH,Full-need commitment for international students requires official verification,LATEST_CDS_OR_OFFICIAL,BATCH_2_DEEP_VERIFICATION
denison-university,Denison University,official_website,MEDIUM,Official homepage not yet verified in Batch 1,OFFICIAL_INSTITUTION,BATCH_2_OR_3
denison-university,Denison University,application_fee_usd,MEDIUM,Current first-year application fee needs direct/current verification,OFFICIAL_INSTITUTION,BATCH_2_OR_3
denison-university,Denison University,sat_50,LOW,Median SAT not reported/verified; do not infer from p25/p75,LATEST_CDS_OR_OFFICIAL,BATCH_2_OR_3
denison-university,Denison University,act_50,LOW,Median ACT not reported/verified; do not infer from p25/p75,LATEST_CDS_OR_OFFICIAL,BATCH_2_OR_3
denison-university,Denison University,international_aid_policy,HIGH,Need-aware/need-blind/no-need-aid policy for international applicants requires official verification,OFFICIAL_INSTITUTION,BATCH_2_DEEP_VERIFICATION
denison-university,Denison University,international_need_based_aid,HIGH,International need-based aid availability requires official verification,OFFICIAL_INSTITUTION,BATCH_2_DEEP_VERIFICATION
denison-university,Denison University,meets_full_demonstrated_need_international,HIGH,Full-need commitment for international students requires official verification,LATEST_CDS_OR_OFFICIAL,BATCH_2_DEEP_VERIFICATION
kenyon-college,Kenyon College,official_website,MEDIUM,Official homepage not yet verified in Batch 1,OFFICIAL_INSTITUTION,BATCH_2_OR_3
kenyon-college,Kenyon College,application_fee_usd,MEDIUM,Current first-year application fee needs direct/current verification,OFFICIAL_INSTITUTION,BATCH_2_OR_3
kenyon-college,Kenyon College,sat_50,LOW,Median SAT not reported/verified; do not infer from p25/p75,LATEST_CDS_OR_OFFICIAL,BATCH_2_OR_3
kenyon-college,Kenyon College,act_50,LOW,Median ACT not reported/verified; do not infer from p25/p75,LATEST_CDS_OR_OFFICIAL,BATCH_2_OR_3
kenyon-college,Kenyon College,international_aid_policy,HIGH,Need-aware/need-blind/no-need-aid policy for international applicants requires official verification,OFFICIAL_INSTITUTION,BATCH_2_DEEP_VERIFICATION
kenyon-college,Kenyon College,international_need_based_aid,HIGH,International need-based aid availability requires official verification,OFFICIAL_INSTITUTION,BATCH_2_DEEP_VERIFICATION
kenyon-college,Kenyon College,meets_full_demonstrated_need_international,HIGH,Full-need commitment for international students requires official verification,LATEST_CDS_OR_OFFICIAL,BATCH_2_DEEP_VERIFICATION
occidental-college,Occidental College,official_website,MEDIUM,Official homepage not yet verified in Batch 1,OFFICIAL_INSTITUTION,BATCH_2_OR_3
occidental-college,Occidental College,application_fee_usd,MEDIUM,Current first-year application fee needs direct/current verification,OFFICIAL_INSTITUTION,BATCH_2_OR_3
occidental-college,Occidental College,sat_50,LOW,Median SAT not reported/verified; do not infer from p25/p75,LATEST_CDS_OR_OFFICIAL,BATCH_2_OR_3
occidental-college,Occidental College,act_50,LOW,Median ACT not reported/verified; do not infer from p25/p75,LATEST_CDS_OR_OFFICIAL,BATCH_2_OR_3
occidental-college,Occidental College,international_aid_policy,HIGH,Need-aware/need-blind/no-need-aid policy for international applicants requires official verification,OFFICIAL_INSTITUTION,BATCH_2_DEEP_VERIFICATION
occidental-college,Occidental College,international_need_based_aid,HIGH,International need-based aid availability requires official verification,OFFICIAL_INSTITUTION,BATCH_2_DEEP_VERIFICATION
occidental-college,Occidental College,meets_full_demonstrated_need_international,HIGH,Full-need commitment for international students requires official verification,LATEST_CDS_OR_OFFICIAL,BATCH_2_DEEP_VERIFICATION
skidmore-college,Skidmore College,official_website,MEDIUM,Official homepage not yet verified in Batch 1,OFFICIAL_INSTITUTION,BATCH_2_OR_3
skidmore-college,Skidmore College,application_fee_usd,MEDIUM,Current first-year application fee needs direct/current verification,OFFICIAL_INSTITUTION,BATCH_2_OR_3
skidmore-college,Skidmore College,sat_50,LOW,Median SAT not reported/verified; do not infer from p25/p75,LATEST_CDS_OR_OFFICIAL,BATCH_2_OR_3
skidmore-college,Skidmore College,act_50,LOW,Median ACT not reported/verified; do not infer from p25/p75,LATEST_CDS_OR_OFFICIAL,BATCH_2_OR_3
skidmore-college,Skidmore College,international_aid_policy,HIGH,Need-aware/need-blind/no-need-aid policy for international applicants requires official verification,OFFICIAL_INSTITUTION,BATCH_2_DEEP_VERIFICATION
skidmore-college,Skidmore College,international_need_based_aid,HIGH,International need-based aid availability requires official verification,OFFICIAL_INSTITUTION,BATCH_2_DEEP_VERIFICATION
skidmore-college,Skidmore College,meets_full_demonstrated_need_international,HIGH,Full-need commitment for international students requires official verification,LATEST_CDS_OR_OFFICIAL,BATCH_2_DEEP_VERIFICATION
trinity-college,Trinity College,official_website,MEDIUM,Official homepage not yet verified in Batch 1,OFFICIAL_INSTITUTION,BATCH_2_OR_3
trinity-college,Trinity College,application_fee_usd,MEDIUM,Current first-year application fee needs direct/current verification,OFFICIAL_INSTITUTION,BATCH_2_OR_3
trinity-college,Trinity College,sat_50,LOW,Median SAT not reported/verified; do not infer from p25/p75,LATEST_CDS_OR_OFFICIAL,BATCH_2_OR_3
trinity-college,Trinity College,act_50,LOW,Median ACT not reported/verified; do not infer from p25/p75,LATEST_CDS_OR_OFFICIAL,BATCH_2_OR_3
trinity-college,Trinity College,international_aid_policy,HIGH,Need-aware/need-blind/no-need-aid policy for international applicants requires official verification,OFFICIAL_INSTITUTION,BATCH_2_DEEP_VERIFICATION
trinity-college,Trinity College,international_need_based_aid,HIGH,International need-based aid availability requires official verification,OFFICIAL_INSTITUTION,BATCH_2_DEEP_VERIFICATION
trinity-college,Trinity College,meets_full_demonstrated_need_international,HIGH,Full-need commitment for international students requires official verification,LATEST_CDS_OR_OFFICIAL,BATCH_2_DEEP_VERIFICATION
connecticut-college,Connecticut College,official_website,MEDIUM,Official homepage not yet verified in Batch 1,OFFICIAL_INSTITUTION,BATCH_2_OR_3
connecticut-college,Connecticut College,application_fee_usd,MEDIUM,Current first-year application fee needs direct/current verification,OFFICIAL_INSTITUTION,BATCH_2_OR_3
connecticut-college,Connecticut College,sat_50,LOW,Median SAT not reported/verified; do not infer from p25/p75,LATEST_CDS_OR_OFFICIAL,BATCH_2_OR_3
connecticut-college,Connecticut College,act_50,LOW,Median ACT not reported/verified; do not infer from p25/p75,LATEST_CDS_OR_OFFICIAL,BATCH_2_OR_3
connecticut-college,Connecticut College,international_aid_policy,HIGH,Need-aware/need-blind/no-need-aid policy for international applicants requires official verification,OFFICIAL_INSTITUTION,BATCH_2_DEEP_VERIFICATION
connecticut-college,Connecticut College,international_need_based_aid,HIGH,International need-based aid availability requires official verification,OFFICIAL_INSTITUTION,BATCH_2_DEEP_VERIFICATION
connecticut-college,Connecticut College,meets_full_demonstrated_need_international,HIGH,Full-need commitment for international students requires official verification,LATEST_CDS_OR_OFFICIAL,BATCH_2_DEEP_VERIFICATION
oberlin-college,Oberlin College,official_website,MEDIUM,Official homepage not yet verified in Batch 1,OFFICIAL_INSTITUTION,BATCH_2_OR_3
oberlin-college,Oberlin College,application_fee_usd,MEDIUM,Current first-year application fee needs direct/current verification,OFFICIAL_INSTITUTION,BATCH_2_OR_3
oberlin-college,Oberlin College,sat_50,LOW,Median SAT not reported/verified; do not infer from p25/p75,LATEST_CDS_OR_OFFICIAL,BATCH_2_OR_3
oberlin-college,Oberlin College,act_50,LOW,Median ACT not reported/verified; do not infer from p25/p75,LATEST_CDS_OR_OFFICIAL,BATCH_2_OR_3
oberlin-college,Oberlin College,international_aid_policy,HIGH,Need-aware/need-blind/no-need-aid policy for international applicants requires official verification,OFFICIAL_INSTITUTION,BATCH_2_DEEP_VERIFICATION
oberlin-college,Oberlin College,international_need_based_aid,HIGH,International need-based aid availability requires official verification,OFFICIAL_INSTITUTION,BATCH_2_DEEP_VERIFICATION
oberlin-college,Oberlin College,meets_full_demonstrated_need_international,HIGH,Full-need commitment for international students requires official verification,LATEST_CDS_OR_OFFICIAL,BATCH_2_DEEP_VERIFICATION
pitzer-college,Pitzer College,official_website,MEDIUM,Official homepage not yet verified in Batch 1,OFFICIAL_INSTITUTION,BATCH_2_OR_3
pitzer-college,Pitzer College,application_fee_usd,MEDIUM,Current first-year application fee needs direct/current verification,OFFICIAL_INSTITUTION,BATCH_2_OR_3
pitzer-college,Pitzer College,sat_50,LOW,Median SAT not reported/verified; do not infer from p25/p75,LATEST_CDS_OR_OFFICIAL,BATCH_2_OR_3
pitzer-college,Pitzer College,act_50,LOW,Median ACT not reported/verified; do not infer from p25/p75,LATEST_CDS_OR_OFFICIAL,BATCH_2_OR_3
pitzer-college,Pitzer College,international_aid_policy,HIGH,Need-aware/need-blind/no-need-aid policy for international applicants requires official verification,OFFICIAL_INSTITUTION,BATCH_2_DEEP_VERIFICATION
pitzer-college,Pitzer College,international_need_based_aid,HIGH,International need-based aid availability requires official verification,OFFICIAL_INSTITUTION,BATCH_2_DEEP_VERIFICATION
pitzer-college,Pitzer College,meets_full_demonstrated_need_international,HIGH,Full-need commitment for international students requires official verification,LATEST_CDS_OR_OFFICIAL,BATCH_2_DEEP_VERIFICATION
colorado-college,Colorado College,official_website,MEDIUM,Official homepage not yet verified in Batch 1,OFFICIAL_INSTITUTION,BATCH_2_OR_3
colorado-college,Colorado College,application_fee_usd,MEDIUM,Current first-year application fee needs direct/current verification,OFFICIAL_INSTITUTION,BATCH_2_OR_3
colorado-college,Colorado College,sat_50,LOW,Median SAT not reported/verified; do not infer from p25/p75,LATEST_CDS_OR_OFFICIAL,BATCH_2_OR_3
colorado-college,Colorado College,act_50,LOW,Median ACT not reported/verified; do not infer from p25/p75,LATEST_CDS_OR_OFFICIAL,BATCH_2_OR_3
colorado-college,Colorado College,international_aid_policy,HIGH,Need-aware/need-blind/no-need-aid policy for international applicants requires official verification,OFFICIAL_INSTITUTION,BATCH_2_DEEP_VERIFICATION
colorado-college,Colorado College,international_need_based_aid,HIGH,International need-based aid availability requires official verification,OFFICIAL_INSTITUTION,BATCH_2_DEEP_VERIFICATION
colorado-college,Colorado College,meets_full_demonstrated_need_international,HIGH,Full-need commitment for international students requires official verification,LATEST_CDS_OR_OFFICIAL,BATCH_2_DEEP_VERIFICATION
rhodes-college,Rhodes College,official_website,MEDIUM,Official homepage not yet verified in Batch 1,OFFICIAL_INSTITUTION,BATCH_2_OR_3
rhodes-college,Rhodes College,application_fee_usd,MEDIUM,Current first-year application fee needs direct/current verification,OFFICIAL_INSTITUTION,BATCH_2_OR_3
rhodes-college,Rhodes College,sat_50,LOW,Median SAT not reported/verified; do not infer from p25/p75,LATEST_CDS_OR_OFFICIAL,BATCH_2_OR_3
rhodes-college,Rhodes College,act_50,LOW,Median ACT not reported/verified; do not infer from p25/p75,LATEST_CDS_OR_OFFICIAL,BATCH_2_OR_3
rhodes-college,Rhodes College,international_aid_policy,HIGH,Need-aware/need-blind/no-need-aid policy for international applicants requires official verification,OFFICIAL_INSTITUTION,BATCH_2_DEEP_VERIFICATION
rhodes-college,Rhodes College,international_need_based_aid,HIGH,International need-based aid availability requires official verification,OFFICIAL_INSTITUTION,BATCH_2_DEEP_VERIFICATION
rhodes-college,Rhodes College,meets_full_demonstrated_need_international,HIGH,Full-need commitment for international students requires official verification,LATEST_CDS_OR_OFFICIAL,BATCH_2_DEEP_VERIFICATION
sewanee-the-university-of-the-south,The University of the South,official_website,MEDIUM,Official homepage not yet verified in Batch 1,OFFICIAL_INSTITUTION,BATCH_2_OR_3
sewanee-the-university-of-the-south,The University of the South,application_fee_usd,MEDIUM,Current first-year application fee needs direct/current verification,OFFICIAL_INSTITUTION,BATCH_2_OR_3
sewanee-the-university-of-the-south,The University of the South,sat_50,LOW,Median SAT not reported/verified; do not infer from p25/p75,LATEST_CDS_OR_OFFICIAL,BATCH_2_OR_3
sewanee-the-university-of-the-south,The University of the South,act_50,LOW,Median ACT not reported/verified; do not infer from p25/p75,LATEST_CDS_OR_OFFICIAL,BATCH_2_OR_3
sewanee-the-university-of-the-south,The University of the South,international_aid_policy,HIGH,Need-aware/need-blind/no-need-aid policy for international applicants requires official verification,OFFICIAL_INSTITUTION,BATCH_2_DEEP_VERIFICATION
sewanee-the-university-of-the-south,The University of the South,international_need_based_aid,HIGH,International need-based aid availability requires official verification,OFFICIAL_INSTITUTION,BATCH_2_DEEP_VERIFICATION
sewanee-the-university-of-the-south,The University of the South,meets_full_demonstrated_need_international,HIGH,Full-need commitment for international students requires official verification,LATEST_CDS_OR_OFFICIAL,BATCH_2_DEEP_VERIFICATION
furman-university,Furman University,official_website,MEDIUM,Official homepage not yet verified in Batch 1,OFFICIAL_INSTITUTION,BATCH_2_OR_3
furman-university,Furman University,application_fee_usd,MEDIUM,Current first-year application fee needs direct/current verification,OFFICIAL_INSTITUTION,BATCH_2_OR_3
furman-university,Furman University,sat_50,LOW,Median SAT not reported/verified; do not infer from p25/p75,LATEST_CDS_OR_OFFICIAL,BATCH_2_OR_3
furman-university,Furman University,act_50,LOW,Median ACT not reported/verified; do not infer from p25/p75,LATEST_CDS_OR_OFFICIAL,BATCH_2_OR_3
furman-university,Furman University,international_aid_policy,HIGH,Need-aware/need-blind/no-need-aid policy for international applicants requires official verification,OFFICIAL_INSTITUTION,BATCH_2_DEEP_VERIFICATION
furman-university,Furman University,international_need_based_aid,HIGH,International need-based aid availability requires official verification,OFFICIAL_INSTITUTION,BATCH_2_DEEP_VERIFICATION
furman-university,Furman University,meets_full_demonstrated_need_international,HIGH,Full-need commitment for international students requires official verification,LATEST_CDS_OR_OFFICIAL,BATCH_2_DEEP_VERIFICATION
whitman-college,Whitman College,official_website,MEDIUM,Official homepage not yet verified in Batch 1,OFFICIAL_INSTITUTION,BATCH_2_OR_3
whitman-college,Whitman College,application_fee_usd,MEDIUM,Current first-year application fee needs direct/current verification,OFFICIAL_INSTITUTION,BATCH_2_OR_3
whitman-college,Whitman College,sat_50,LOW,Median SAT not reported/verified; do not infer from p25/p75,LATEST_CDS_OR_OFFICIAL,BATCH_2_OR_3
whitman-college,Whitman College,act_50,LOW,Median ACT not reported/verified; do not infer from p25/p75,LATEST_CDS_OR_OFFICIAL,BATCH_2_OR_3
whitman-college,Whitman College,international_aid_policy,HIGH,Need-aware/need-blind/no-need-aid policy for international applicants requires official verification,OFFICIAL_INSTITUTION,BATCH_2_DEEP_VERIFICATION
whitman-college,Whitman College,international_need_based_aid,HIGH,International need-based aid availability requires official verification,OFFICIAL_INSTITUTION,BATCH_2_DEEP_VERIFICATION
whitman-college,Whitman College,meets_full_demonstrated_need_international,HIGH,Full-need commitment for international students requires official verification,LATEST_CDS_OR_OFFICIAL,BATCH_2_DEEP_VERIFICATION
franklin-and-marshall-college,Franklin and Marshall College,official_website,MEDIUM,Official homepage not yet verified in Batch 1,OFFICIAL_INSTITUTION,BATCH_2_OR_3
franklin-and-marshall-college,Franklin and Marshall College,application_fee_usd,MEDIUM,Current first-year application fee needs direct/current verification,OFFICIAL_INSTITUTION,BATCH_2_OR_3
franklin-and-marshall-college,Franklin and Marshall College,sat_50,LOW,Median SAT not reported/verified; do not infer from p25/p75,LATEST_CDS_OR_OFFICIAL,BATCH_2_OR_3
franklin-and-marshall-college,Franklin and Marshall College,act_50,LOW,Median ACT not reported/verified; do not infer from p25/p75,LATEST_CDS_OR_OFFICIAL,BATCH_2_OR_3
franklin-and-marshall-college,Franklin and Marshall College,international_aid_policy,HIGH,Need-aware/need-blind/no-need-aid policy for international applicants requires official verification,OFFICIAL_INSTITUTION,BATCH_2_DEEP_VERIFICATION
franklin-and-marshall-college,Franklin and Marshall College,international_need_based_aid,HIGH,International need-based aid availability requires official verification,OFFICIAL_INSTITUTION,BATCH_2_DEEP_VERIFICATION
franklin-and-marshall-college,Franklin and Marshall College,meets_full_demonstrated_need_international,HIGH,Full-need commitment for international students requires official verification,LATEST_CDS_OR_OFFICIAL,BATCH_2_DEEP_VERIFICATION
gettysburg-college,Gettysburg College,official_website,MEDIUM,Official homepage not yet verified in Batch 1,OFFICIAL_INSTITUTION,BATCH_2_OR_3
gettysburg-college,Gettysburg College,application_fee_usd,MEDIUM,Current first-year application fee needs direct/current verification,OFFICIAL_INSTITUTION,BATCH_2_OR_3
gettysburg-college,Gettysburg College,sat_50,LOW,Median SAT not reported/verified; do not infer from p25/p75,LATEST_CDS_OR_OFFICIAL,BATCH_2_OR_3
gettysburg-college,Gettysburg College,act_50,LOW,Median ACT not reported/verified; do not infer from p25/p75,LATEST_CDS_OR_OFFICIAL,BATCH_2_OR_3
gettysburg-college,Gettysburg College,international_aid_policy,HIGH,Need-aware/need-blind/no-need-aid policy for international applicants requires official verification,OFFICIAL_INSTITUTION,BATCH_2_DEEP_VERIFICATION
gettysburg-college,Gettysburg College,international_need_based_aid,HIGH,International need-based aid availability requires official verification,OFFICIAL_INSTITUTION,BATCH_2_DEEP_VERIFICATION
gettysburg-college,Gettysburg College,meets_full_demonstrated_need_international,HIGH,Full-need commitment for international students requires official verification,LATEST_CDS_OR_OFFICIAL,BATCH_2_DEEP_VERIFICATION
dickinson-college,Dickinson College,official_website,MEDIUM,Official homepage not yet verified in Batch 1,OFFICIAL_INSTITUTION,BATCH_2_OR_3
dickinson-college,Dickinson College,application_fee_usd,MEDIUM,Current first-year application fee needs direct/current verification,OFFICIAL_INSTITUTION,BATCH_2_OR_3
dickinson-college,Dickinson College,sat_50,LOW,Median SAT not reported/verified; do not infer from p25/p75,LATEST_CDS_OR_OFFICIAL,BATCH_2_OR_3
dickinson-college,Dickinson College,act_50,LOW,Median ACT not reported/verified; do not infer from p25/p75,LATEST_CDS_OR_OFFICIAL,BATCH_2_OR_3
dickinson-college,Dickinson College,international_aid_policy,HIGH,Need-aware/need-blind/no-need-aid policy for international applicants requires official verification,OFFICIAL_INSTITUTION,BATCH_2_DEEP_VERIFICATION
dickinson-college,Dickinson College,international_need_based_aid,HIGH,International need-based aid availability requires official verification,OFFICIAL_INSTITUTION,BATCH_2_DEEP_VERIFICATION
dickinson-college,Dickinson College,meets_full_demonstrated_need_international,HIGH,Full-need commitment for international students requires official verification,LATEST_CDS_OR_OFFICIAL,BATCH_2_DEEP_VERIFICATION
depauw-university,DePauw University,official_website,MEDIUM,Official homepage not yet verified in Batch 1,OFFICIAL_INSTITUTION,BATCH_2_OR_3
depauw-university,DePauw University,application_fee_usd,MEDIUM,Current first-year application fee needs direct/current verification,OFFICIAL_INSTITUTION,BATCH_2_OR_3
depauw-university,DePauw University,sat_50,LOW,Median SAT not reported/verified; do not infer from p25/p75,LATEST_CDS_OR_OFFICIAL,BATCH_2_OR_3
depauw-university,DePauw University,act_50,LOW,Median ACT not reported/verified; do not infer from p25/p75,LATEST_CDS_OR_OFFICIAL,BATCH_2_OR_3
depauw-university,DePauw University,international_aid_policy,HIGH,Need-aware/need-blind/no-need-aid policy for international applicants requires official verification,OFFICIAL_INSTITUTION,BATCH_2_DEEP_VERIFICATION
depauw-university,DePauw University,international_need_based_aid,HIGH,International need-based aid availability requires official verification,OFFICIAL_INSTITUTION,BATCH_2_DEEP_VERIFICATION
depauw-university,DePauw University,meets_full_demonstrated_need_international,HIGH,Full-need commitment for international students requires official verification,LATEST_CDS_OR_OFFICIAL,BATCH_2_DEEP_VERIFICATION
college-of-wooster,The College of Wooster,official_website,MEDIUM,Official homepage not yet verified in Batch 1,OFFICIAL_INSTITUTION,BATCH_2_OR_3
college-of-wooster,The College of Wooster,application_fee_usd,MEDIUM,Current first-year application fee needs direct/current verification,OFFICIAL_INSTITUTION,BATCH_2_OR_3
college-of-wooster,The College of Wooster,sat_50,LOW,Median SAT not reported/verified; do not infer from p25/p75,LATEST_CDS_OR_OFFICIAL,BATCH_2_OR_3
college-of-wooster,The College of Wooster,act_50,LOW,Median ACT not reported/verified; do not infer from p25/p75,LATEST_CDS_OR_OFFICIAL,BATCH_2_OR_3
college-of-wooster,The College of Wooster,international_aid_policy,HIGH,Need-aware/need-blind/no-need-aid policy for international applicants requires official verification,OFFICIAL_INSTITUTION,BATCH_2_DEEP_VERIFICATION
college-of-wooster,The College of Wooster,international_need_based_aid,HIGH,International need-based aid availability requires official verification,OFFICIAL_INSTITUTION,BATCH_2_DEEP_VERIFICATION
college-of-wooster,The College of Wooster,meets_full_demonstrated_need_international,HIGH,Full-need commitment for international students requires official verification,LATEST_CDS_OR_OFFICIAL,BATCH_2_DEEP_VERIFICATION
lawrence-university,Lawrence University,official_website,MEDIUM,Official homepage not yet verified in Batch 1,OFFICIAL_INSTITUTION,BATCH_2_OR_3
lawrence-university,Lawrence University,application_fee_usd,MEDIUM,Current first-year application fee needs direct/current verification,OFFICIAL_INSTITUTION,BATCH_2_OR_3
lawrence-university,Lawrence University,sat_50,LOW,Median SAT not reported/verified; do not infer from p25/p75,LATEST_CDS_OR_OFFICIAL,BATCH_2_OR_3
lawrence-university,Lawrence University,act_50,LOW,Median ACT not reported/verified; do not infer from p25/p75,LATEST_CDS_OR_OFFICIAL,BATCH_2_OR_3
lawrence-university,Lawrence University,international_aid_policy,HIGH,Need-aware/need-blind/no-need-aid policy for international applicants requires official verification,OFFICIAL_INSTITUTION,BATCH_2_DEEP_VERIFICATION
lawrence-university,Lawrence University,international_need_based_aid,HIGH,International need-based aid availability requires official verification,OFFICIAL_INSTITUTION,BATCH_2_DEEP_VERIFICATION
lawrence-university,Lawrence University,meets_full_demonstrated_need_international,HIGH,Full-need commitment for international students requires official verification,LATEST_CDS_OR_OFFICIAL,BATCH_2_DEEP_VERIFICATION
kalamazoo-college,Kalamazoo College,official_website,MEDIUM,Official homepage not yet verified in Batch 1,OFFICIAL_INSTITUTION,BATCH_2_OR_3
kalamazoo-college,Kalamazoo College,application_fee_usd,MEDIUM,Current first-year application fee needs direct/current verification,OFFICIAL_INSTITUTION,BATCH_2_OR_3
kalamazoo-college,Kalamazoo College,sat_50,LOW,Median SAT not reported/verified; do not infer from p25/p75,LATEST_CDS_OR_OFFICIAL,BATCH_2_OR_3
kalamazoo-college,Kalamazoo College,act_50,LOW,Median ACT not reported/verified; do not infer from p25/p75,LATEST_CDS_OR_OFFICIAL,BATCH_2_OR_3
kalamazoo-college,Kalamazoo College,international_aid_policy,HIGH,Need-aware/need-blind/no-need-aid policy for international applicants requires official verification,OFFICIAL_INSTITUTION,BATCH_2_DEEP_VERIFICATION
kalamazoo-college,Kalamazoo College,international_need_based_aid,HIGH,International need-based aid availability requires official verification,OFFICIAL_INSTITUTION,BATCH_2_DEEP_VERIFICATION
kalamazoo-college,Kalamazoo College,meets_full_demonstrated_need_international,HIGH,Full-need commitment for international students requires official verification,LATEST_CDS_OR_OFFICIAL,BATCH_2_DEEP_VERIFICATION
st-olaf-college,St Olaf College,official_website,MEDIUM,Official homepage not yet verified in Batch 1,OFFICIAL_INSTITUTION,BATCH_2_OR_3
st-olaf-college,St Olaf College,application_fee_usd,MEDIUM,Current first-year application fee needs direct/current verification,OFFICIAL_INSTITUTION,BATCH_2_OR_3
st-olaf-college,St Olaf College,sat_50,LOW,Median SAT not reported/verified; do not infer from p25/p75,LATEST_CDS_OR_OFFICIAL,BATCH_2_OR_3
st-olaf-college,St Olaf College,act_50,LOW,Median ACT not reported/verified; do not infer from p25/p75,LATEST_CDS_OR_OFFICIAL,BATCH_2_OR_3
st-olaf-college,St Olaf College,international_aid_policy,HIGH,Need-aware/need-blind/no-need-aid policy for international applicants requires official verification,OFFICIAL_INSTITUTION,BATCH_2_DEEP_VERIFICATION
st-olaf-college,St Olaf College,international_need_based_aid,HIGH,International need-based aid availability requires official verification,OFFICIAL_INSTITUTION,BATCH_2_DEEP_VERIFICATION
st-olaf-college,St Olaf College,meets_full_demonstrated_need_international,HIGH,Full-need commitment for international students requires official verification,LATEST_CDS_OR_OFFICIAL,BATCH_2_DEEP_VERIFICATION
gustavus-adolphus-college,Gustavus Adolphus College,official_website,MEDIUM,Official homepage not yet verified in Batch 1,OFFICIAL_INSTITUTION,BATCH_2_OR_3
gustavus-adolphus-college,Gustavus Adolphus College,application_fee_usd,MEDIUM,Current first-year application fee needs direct/current verification,OFFICIAL_INSTITUTION,BATCH_2_OR_3
gustavus-adolphus-college,Gustavus Adolphus College,sat_50,LOW,Median SAT not reported/verified; do not infer from p25/p75,LATEST_CDS_OR_OFFICIAL,BATCH_2_OR_3
gustavus-adolphus-college,Gustavus Adolphus College,act_50,LOW,Median ACT not reported/verified; do not infer from p25/p75,LATEST_CDS_OR_OFFICIAL,BATCH_2_OR_3
gustavus-adolphus-college,Gustavus Adolphus College,international_aid_policy,HIGH,Need-aware/need-blind/no-need-aid policy for international applicants requires official verification,OFFICIAL_INSTITUTION,BATCH_2_DEEP_VERIFICATION
gustavus-adolphus-college,Gustavus Adolphus College,international_need_based_aid,HIGH,International need-based aid availability requires official verification,OFFICIAL_INSTITUTION,BATCH_2_DEEP_VERIFICATION
gustavus-adolphus-college,Gustavus Adolphus College,meets_full_demonstrated_need_international,HIGH,Full-need commitment for international students requires official verification,LATEST_CDS_OR_OFFICIAL,BATCH_2_DEEP_VERIFICATION
union-college,Union College,official_website,MEDIUM,Official homepage not yet verified in Batch 1,OFFICIAL_INSTITUTION,BATCH_2_OR_3
union-college,Union College,application_fee_usd,MEDIUM,Current first-year application fee needs direct/current verification,OFFICIAL_INSTITUTION,BATCH_2_OR_3
union-college,Union College,sat_50,LOW,Median SAT not reported/verified; do not infer from p25/p75,LATEST_CDS_OR_OFFICIAL,BATCH_2_OR_3
union-college,Union College,act_50,LOW,Median ACT not reported/verified; do not infer from p25/p75,LATEST_CDS_OR_OFFICIAL,BATCH_2_OR_3
union-college,Union College,international_aid_policy,HIGH,Need-aware/need-blind/no-need-aid policy for international applicants requires official verification,OFFICIAL_INSTITUTION,BATCH_2_DEEP_VERIFICATION
union-college,Union College,international_need_based_aid,HIGH,International need-based aid availability requires official verification,OFFICIAL_INSTITUTION,BATCH_2_DEEP_VERIFICATION
union-college,Union College,meets_full_demonstrated_need_international,HIGH,Full-need commitment for international students requires official verification,LATEST_CDS_OR_OFFICIAL,BATCH_2_DEEP_VERIFICATION
reed-college,Reed College,official_website,MEDIUM,Official homepage not yet verified in Batch 1,OFFICIAL_INSTITUTION,BATCH_2_OR_3
reed-college,Reed College,application_fee_usd,MEDIUM,Current first-year application fee needs direct/current verification,OFFICIAL_INSTITUTION,BATCH_2_OR_3
reed-college,Reed College,sat_50,LOW,Median SAT not reported/verified; do not infer from p25/p75,LATEST_CDS_OR_OFFICIAL,BATCH_2_OR_3
reed-college,Reed College,act_50,LOW,Median ACT not reported/verified; do not infer from p25/p75,LATEST_CDS_OR_OFFICIAL,BATCH_2_OR_3
reed-college,Reed College,international_aid_policy,HIGH,Need-aware/need-blind/no-need-aid policy for international applicants requires official verification,OFFICIAL_INSTITUTION,BATCH_2_DEEP_VERIFICATION
reed-college,Reed College,international_need_based_aid,HIGH,International need-based aid availability requires official verification,OFFICIAL_INSTITUTION,BATCH_2_DEEP_VERIFICATION
reed-college,Reed College,meets_full_demonstrated_need_international,HIGH,Full-need commitment for international students requires official verification,LATEST_CDS_OR_OFFICIAL,BATCH_2_DEEP_VERIFICATION
mount-holyoke-college,Mount Holyoke College,official_website,MEDIUM,Official homepage not yet verified in Batch 1,OFFICIAL_INSTITUTION,BATCH_2_OR_3
mount-holyoke-college,Mount Holyoke College,application_fee_usd,MEDIUM,Current first-year application fee needs direct/current verification,OFFICIAL_INSTITUTION,BATCH_2_OR_3
mount-holyoke-college,Mount Holyoke College,sat_50,LOW,Median SAT not reported/verified; do not infer from p25/p75,LATEST_CDS_OR_OFFICIAL,BATCH_2_OR_3
mount-holyoke-college,Mount Holyoke College,act_50,LOW,Median ACT not reported/verified; do not infer from p25/p75,LATEST_CDS_OR_OFFICIAL,BATCH_2_OR_3
mount-holyoke-college,Mount Holyoke College,international_aid_policy,HIGH,Need-aware/need-blind/no-need-aid policy for international applicants requires official verification,OFFICIAL_INSTITUTION,BATCH_2_DEEP_VERIFICATION
mount-holyoke-college,Mount Holyoke College,international_need_based_aid,HIGH,International need-based aid availability requires official verification,OFFICIAL_INSTITUTION,BATCH_2_DEEP_VERIFICATION
mount-holyoke-college,Mount Holyoke College,meets_full_demonstrated_need_international,HIGH,Full-need commitment for international students requires official verification,LATEST_CDS_OR_OFFICIAL,BATCH_2_DEEP_VERIFICATION
spelman-college,Spelman College,official_website,MEDIUM,Official homepage not yet verified in Batch 1,OFFICIAL_INSTITUTION,BATCH_2_OR_3
spelman-college,Spelman College,application_fee_usd,MEDIUM,Current first-year application fee needs direct/current verification,OFFICIAL_INSTITUTION,BATCH_2_OR_3
spelman-college,Spelman College,sat_50,LOW,Median SAT not reported/verified; do not infer from p25/p75,LATEST_CDS_OR_OFFICIAL,BATCH_2_OR_3
spelman-college,Spelman College,act_50,LOW,Median ACT not reported/verified; do not infer from p25/p75,LATEST_CDS_OR_OFFICIAL,BATCH_2_OR_3
spelman-college,Spelman College,international_aid_policy,HIGH,Need-aware/need-blind/no-need-aid policy for international applicants requires official verification,OFFICIAL_INSTITUTION,BATCH_2_DEEP_VERIFICATION
spelman-college,Spelman College,international_need_based_aid,HIGH,International need-based aid availability requires official verification,OFFICIAL_INSTITUTION,BATCH_2_DEEP_VERIFICATION
spelman-college,Spelman College,meets_full_demonstrated_need_international,HIGH,Full-need commitment for international students requires official verification,LATEST_CDS_OR_OFFICIAL,BATCH_2_DEEP_VERIFICATION
morehouse-college,Morehouse College,official_website,MEDIUM,Official homepage not yet verified in Batch 1,OFFICIAL_INSTITUTION,BATCH_2_OR_3
morehouse-college,Morehouse College,application_fee_usd,MEDIUM,Current first-year application fee needs direct/current verification,OFFICIAL_INSTITUTION,BATCH_2_OR_3
morehouse-college,Morehouse College,sat_50,LOW,Median SAT not reported/verified; do not infer from p25/p75,LATEST_CDS_OR_OFFICIAL,BATCH_2_OR_3
morehouse-college,Morehouse College,act_50,LOW,Median ACT not reported/verified; do not infer from p25/p75,LATEST_CDS_OR_OFFICIAL,BATCH_2_OR_3
morehouse-college,Morehouse College,international_aid_policy,HIGH,Need-aware/need-blind/no-need-aid policy for international applicants requires official verification,OFFICIAL_INSTITUTION,BATCH_2_DEEP_VERIFICATION
morehouse-college,Morehouse College,international_need_based_aid,HIGH,International need-based aid availability requires official verification,OFFICIAL_INSTITUTION,BATCH_2_DEEP_VERIFICATION
morehouse-college,Morehouse College,meets_full_demonstrated_need_international,HIGH,Full-need commitment for international students requires official verification,LATEST_CDS_OR_OFFICIAL,BATCH_2_DEEP_VERIFICATION
sarah-lawrence-college,Sarah Lawrence College,official_website,MEDIUM,Official homepage not yet verified in Batch 1,OFFICIAL_INSTITUTION,BATCH_2_OR_3
sarah-lawrence-college,Sarah Lawrence College,application_fee_usd,MEDIUM,Current first-year application fee needs direct/current verification,OFFICIAL_INSTITUTION,BATCH_2_OR_3
sarah-lawrence-college,Sarah Lawrence College,sat_50,LOW,Median SAT not reported/verified; do not infer from p25/p75,LATEST_CDS_OR_OFFICIAL,BATCH_2_OR_3
sarah-lawrence-college,Sarah Lawrence College,act_50,LOW,Median ACT not reported/verified; do not infer from p25/p75,LATEST_CDS_OR_OFFICIAL,BATCH_2_OR_3
sarah-lawrence-college,Sarah Lawrence College,international_aid_policy,HIGH,Need-aware/need-blind/no-need-aid policy for international applicants requires official verification,OFFICIAL_INSTITUTION,BATCH_2_DEEP_VERIFICATION
sarah-lawrence-college,Sarah Lawrence College,international_need_based_aid,HIGH,International need-based aid availability requires official verification,OFFICIAL_INSTITUTION,BATCH_2_DEEP_VERIFICATION
sarah-lawrence-college,Sarah Lawrence College,meets_full_demonstrated_need_international,HIGH,Full-need commitment for international students requires official verification,LATEST_CDS_OR_OFFICIAL,BATCH_2_DEEP_VERIFICATION
bard-college,Bard College,official_website,MEDIUM,Official homepage not yet verified in Batch 1,OFFICIAL_INSTITUTION,BATCH_2_OR_3
bard-college,Bard College,application_fee_usd,MEDIUM,Current first-year application fee needs direct/current verification,OFFICIAL_INSTITUTION,BATCH_2_OR_3
bard-college,Bard College,sat_50,LOW,Median SAT not reported/verified; do not infer from p25/p75,LATEST_CDS_OR_OFFICIAL,BATCH_2_OR_3
bard-college,Bard College,act_50,LOW,Median ACT not reported/verified; do not infer from p25/p75,LATEST_CDS_OR_OFFICIAL,BATCH_2_OR_3
bard-college,Bard College,international_aid_policy,HIGH,Need-aware/need-blind/no-need-aid policy for international applicants requires official verification,OFFICIAL_INSTITUTION,BATCH_2_DEEP_VERIFICATION
bard-college,Bard College,international_need_based_aid,HIGH,International need-based aid availability requires official verification,OFFICIAL_INSTITUTION,BATCH_2_DEEP_VERIFICATION
bard-college,Bard College,meets_full_demonstrated_need_international,HIGH,Full-need commitment for international students requires official verification,LATEST_CDS_OR_OFFICIAL,BATCH_2_DEEP_VERIFICATION
centre-college,Centre College,official_website,MEDIUM,Official homepage not yet verified in Batch 1,OFFICIAL_INSTITUTION,BATCH_2_OR_3
centre-college,Centre College,application_fee_usd,MEDIUM,Current first-year application fee needs direct/current verification,OFFICIAL_INSTITUTION,BATCH_2_OR_3
centre-college,Centre College,sat_50,LOW,Median SAT not reported/verified; do not infer from p25/p75,LATEST_CDS_OR_OFFICIAL,BATCH_2_OR_3
centre-college,Centre College,act_50,LOW,Median ACT not reported/verified; do not infer from p25/p75,LATEST_CDS_OR_OFFICIAL,BATCH_2_OR_3
centre-college,Centre College,international_aid_policy,HIGH,Need-aware/need-blind/no-need-aid policy for international applicants requires official verification,OFFICIAL_INSTITUTION,BATCH_2_DEEP_VERIFICATION
centre-college,Centre College,international_need_based_aid,HIGH,International need-based aid availability requires official verification,OFFICIAL_INSTITUTION,BATCH_2_DEEP_VERIFICATION
centre-college,Centre College,meets_full_demonstrated_need_international,HIGH,Full-need commitment for international students requires official verification,LATEST_CDS_OR_OFFICIAL,BATCH_2_DEEP_VERIFICATION
berea-college,Berea College,official_website,MEDIUM,Official homepage not yet verified in Batch 1,OFFICIAL_INSTITUTION,BATCH_2_OR_3
berea-college,Berea College,application_fee_usd,MEDIUM,Current first-year application fee needs direct/current verification,OFFICIAL_INSTITUTION,BATCH_2_OR_3
berea-college,Berea College,sat_50,LOW,Median SAT not reported/verified; do not infer from p25/p75,LATEST_CDS_OR_OFFICIAL,BATCH_2_OR_3
berea-college,Berea College,act_50,LOW,Median ACT not reported/verified; do not infer from p25/p75,LATEST_CDS_OR_OFFICIAL,BATCH_2_OR_3
berea-college,Berea College,international_aid_policy,HIGH,Need-aware/need-blind/no-need-aid policy for international applicants requires official verification,OFFICIAL_INSTITUTION,BATCH_2_DEEP_VERIFICATION
berea-college,Berea College,international_need_based_aid,HIGH,International need-based aid availability requires official verification,OFFICIAL_INSTITUTION,BATCH_2_DEEP_VERIFICATION
berea-college,Berea College,meets_full_demonstrated_need_international,HIGH,Full-need commitment for international students requires official verification,LATEST_CDS_OR_OFFICIAL,BATCH_2_DEEP_VERIFICATION
trinity-university,Trinity University,official_website,MEDIUM,Official homepage not yet verified in Batch 1,OFFICIAL_INSTITUTION,BATCH_2_OR_3
trinity-university,Trinity University,application_fee_usd,MEDIUM,Current first-year application fee needs direct/current verification,OFFICIAL_INSTITUTION,BATCH_2_OR_3
trinity-university,Trinity University,sat_50,LOW,Median SAT not reported/verified; do not infer from p25/p75,LATEST_CDS_OR_OFFICIAL,BATCH_2_OR_3
trinity-university,Trinity University,act_50,LOW,Median ACT not reported/verified; do not infer from p25/p75,LATEST_CDS_OR_OFFICIAL,BATCH_2_OR_3
trinity-university,Trinity University,international_aid_policy,HIGH,Need-aware/need-blind/no-need-aid policy for international applicants requires official verification,OFFICIAL_INSTITUTION,BATCH_2_DEEP_VERIFICATION
trinity-university,Trinity University,international_need_based_aid,HIGH,International need-based aid availability requires official verification,OFFICIAL_INSTITUTION,BATCH_2_DEEP_VERIFICATION
trinity-university,Trinity University,meets_full_demonstrated_need_international,HIGH,Full-need commitment for international students requires official verification,LATEST_CDS_OR_OFFICIAL,BATCH_2_DEEP_VERIFICATION
babson-college,Babson College,official_website,MEDIUM,Official homepage not yet verified in Batch 1,OFFICIAL_INSTITUTION,BATCH_2_OR_3
babson-college,Babson College,application_fee_usd,MEDIUM,Current first-year application fee needs direct/current verification,OFFICIAL_INSTITUTION,BATCH_2_OR_3
babson-college,Babson College,sat_50,LOW,Median SAT not reported/verified; do not infer from p25/p75,LATEST_CDS_OR_OFFICIAL,BATCH_2_OR_3
babson-college,Babson College,act_50,LOW,Median ACT not reported/verified; do not infer from p25/p75,LATEST_CDS_OR_OFFICIAL,BATCH_2_OR_3
babson-college,Babson College,international_aid_policy,HIGH,Need-aware/need-blind/no-need-aid policy for international applicants requires official verification,OFFICIAL_INSTITUTION,BATCH_2_DEEP_VERIFICATION
babson-college,Babson College,international_need_based_aid,HIGH,International need-based aid availability requires official verification,OFFICIAL_INSTITUTION,BATCH_2_DEEP_VERIFICATION
babson-college,Babson College,meets_full_demonstrated_need_international,HIGH,Full-need commitment for international students requires official verification,LATEST_CDS_OR_OFFICIAL,BATCH_2_DEEP_VERIFICATION
bentley-university,Bentley University,official_website,MEDIUM,Official homepage not yet verified in Batch 1,OFFICIAL_INSTITUTION,BATCH_2_OR_3
bentley-university,Bentley University,application_fee_usd,MEDIUM,Current first-year application fee needs direct/current verification,OFFICIAL_INSTITUTION,BATCH_2_OR_3
bentley-university,Bentley University,sat_50,LOW,Median SAT not reported/verified; do not infer from p25/p75,LATEST_CDS_OR_OFFICIAL,BATCH_2_OR_3
bentley-university,Bentley University,act_50,LOW,Median ACT not reported/verified; do not infer from p25/p75,LATEST_CDS_OR_OFFICIAL,BATCH_2_OR_3
bentley-university,Bentley University,international_aid_policy,HIGH,Need-aware/need-blind/no-need-aid policy for international applicants requires official verification,OFFICIAL_INSTITUTION,BATCH_2_DEEP_VERIFICATION
bentley-university,Bentley University,international_need_based_aid,HIGH,International need-based aid availability requires official verification,OFFICIAL_INSTITUTION,BATCH_2_DEEP_VERIFICATION
bentley-university,Bentley University,meets_full_demonstrated_need_international,HIGH,Full-need commitment for international students requires official verification,LATEST_CDS_OR_OFFICIAL,BATCH_2_DEEP_VERIFICATION
franklin-w-olin-college-of-engineering,Franklin W Olin College of Engineering,official_website,MEDIUM,Official homepage not yet verified in Batch 1,OFFICIAL_INSTITUTION,BATCH_2_OR_3
franklin-w-olin-college-of-engineering,Franklin W Olin College of Engineering,application_fee_usd,MEDIUM,Current first-year application fee needs direct/current verification,OFFICIAL_INSTITUTION,BATCH_2_OR_3
franklin-w-olin-college-of-engineering,Franklin W Olin College of Engineering,sat_50,LOW,Median SAT not reported/verified; do not infer from p25/p75,LATEST_CDS_OR_OFFICIAL,BATCH_2_OR_3
franklin-w-olin-college-of-engineering,Franklin W Olin College of Engineering,act_50,LOW,Median ACT not reported/verified; do not infer from p25/p75,LATEST_CDS_OR_OFFICIAL,BATCH_2_OR_3
franklin-w-olin-college-of-engineering,Franklin W Olin College of Engineering,international_aid_policy,HIGH,Need-aware/need-blind/no-need-aid policy for international applicants requires official verification,OFFICIAL_INSTITUTION,BATCH_2_DEEP_VERIFICATION
franklin-w-olin-college-of-engineering,Franklin W Olin College of Engineering,international_need_based_aid,HIGH,International need-based aid availability requires official verification,OFFICIAL_INSTITUTION,BATCH_2_DEEP_VERIFICATION
franklin-w-olin-college-of-engineering,Franklin W Olin College of Engineering,meets_full_demonstrated_need_international,HIGH,Full-need commitment for international students requires official verification,LATEST_CDS_OR_OFFICIAL,BATCH_2_DEEP_VERIFICATION
the-cooper-union,The Cooper Union for the Advancement of Science and Art,official_website,MEDIUM,Official homepage not yet verified in Batch 1,OFFICIAL_INSTITUTION,BATCH_2_OR_3
the-cooper-union,The Cooper Union for the Advancement of Science and Art,application_fee_usd,MEDIUM,Current first-year application fee needs direct/current verification,OFFICIAL_INSTITUTION,BATCH_2_OR_3
the-cooper-union,The Cooper Union for the Advancement of Science and Art,sat_50,LOW,Median SAT not reported/verified; do not infer from p25/p75,LATEST_CDS_OR_OFFICIAL,BATCH_2_OR_3
the-cooper-union,The Cooper Union for the Advancement of Science and Art,act_50,LOW,Median ACT not reported/verified; do not infer from p25/p75,LATEST_CDS_OR_OFFICIAL,BATCH_2_OR_3
the-cooper-union,The Cooper Union for the Advancement of Science and Art,international_aid_policy,HIGH,Need-aware/need-blind/no-need-aid policy for international applicants requires official verification,OFFICIAL_INSTITUTION,BATCH_2_DEEP_VERIFICATION
the-cooper-union,The Cooper Union for the Advancement of Science and Art,international_need_based_aid,HIGH,International need-based aid availability requires official verification,OFFICIAL_INSTITUTION,BATCH_2_DEEP_VERIFICATION
the-cooper-union,The Cooper Union for the Advancement of Science and Art,meets_full_demonstrated_need_international,HIGH,Full-need commitment for international students requires official verification,LATEST_CDS_OR_OFFICIAL,BATCH_2_DEEP_VERIFICATION
rose-hulman-institute-of-technology,Rose-Hulman Institute of Technology,official_website,MEDIUM,Official homepage not yet verified in Batch 1,OFFICIAL_INSTITUTION,BATCH_2_OR_3
rose-hulman-institute-of-technology,Rose-Hulman Institute of Technology,application_fee_usd,MEDIUM,Current first-year application fee needs direct/current verification,OFFICIAL_INSTITUTION,BATCH_2_OR_3
rose-hulman-institute-of-technology,Rose-Hulman Institute of Technology,sat_50,LOW,Median SAT not reported/verified; do not infer from p25/p75,LATEST_CDS_OR_OFFICIAL,BATCH_2_OR_3
rose-hulman-institute-of-technology,Rose-Hulman Institute of Technology,act_50,LOW,Median ACT not reported/verified; do not infer from p25/p75,LATEST_CDS_OR_OFFICIAL,BATCH_2_OR_3
rose-hulman-institute-of-technology,Rose-Hulman Institute of Technology,international_aid_policy,HIGH,Need-aware/need-blind/no-need-aid policy for international applicants requires official verification,OFFICIAL_INSTITUTION,BATCH_2_DEEP_VERIFICATION
rose-hulman-institute-of-technology,Rose-Hulman Institute of Technology,international_need_based_aid,HIGH,International need-based aid availability requires official verification,OFFICIAL_INSTITUTION,BATCH_2_DEEP_VERIFICATION
rose-hulman-institute-of-technology,Rose-Hulman Institute of Technology,meets_full_demonstrated_need_international,HIGH,Full-need commitment for international students requires official verification,LATEST_CDS_OR_OFFICIAL,BATCH_2_DEEP_VERIFICATION
rhode-island-school-of-design,Rhode Island School of Design,official_website,MEDIUM,Official homepage not yet verified in Batch 1,OFFICIAL_INSTITUTION,BATCH_2_OR_3
rhode-island-school-of-design,Rhode Island School of Design,application_fee_usd,MEDIUM,Current first-year application fee needs direct/current verification,OFFICIAL_INSTITUTION,BATCH_2_OR_3
rhode-island-school-of-design,Rhode Island School of Design,sat_50,LOW,Median SAT not reported/verified; do not infer from p25/p75,LATEST_CDS_OR_OFFICIAL,BATCH_2_OR_3
rhode-island-school-of-design,Rhode Island School of Design,act_50,LOW,Median ACT not reported/verified; do not infer from p25/p75,LATEST_CDS_OR_OFFICIAL,BATCH_2_OR_3
rhode-island-school-of-design,Rhode Island School of Design,international_aid_policy,HIGH,Need-aware/need-blind/no-need-aid policy for international applicants requires official verification,OFFICIAL_INSTITUTION,BATCH_2_DEEP_VERIFICATION
rhode-island-school-of-design,Rhode Island School of Design,international_need_based_aid,HIGH,International need-based aid availability requires official verification,OFFICIAL_INSTITUTION,BATCH_2_DEEP_VERIFICATION
rhode-island-school-of-design,Rhode Island School of Design,meets_full_demonstrated_need_international,HIGH,Full-need commitment for international students requires official verification,LATEST_CDS_OR_OFFICIAL,BATCH_2_DEEP_VERIFICATION
berklee-college-of-music,Berklee College of Music,official_website,MEDIUM,Official homepage not yet verified in Batch 1,OFFICIAL_INSTITUTION,BATCH_2_OR_3
berklee-college-of-music,Berklee College of Music,application_fee_usd,MEDIUM,Current first-year application fee needs direct/current verification,OFFICIAL_INSTITUTION,BATCH_2_OR_3
berklee-college-of-music,Berklee College of Music,sat_50,LOW,Median SAT not reported/verified; do not infer from p25/p75,LATEST_CDS_OR_OFFICIAL,BATCH_2_OR_3
berklee-college-of-music,Berklee College of Music,act_50,LOW,Median ACT not reported/verified; do not infer from p25/p75,LATEST_CDS_OR_OFFICIAL,BATCH_2_OR_3
berklee-college-of-music,Berklee College of Music,international_aid_policy,HIGH,Need-aware/need-blind/no-need-aid policy for international applicants requires official verification,OFFICIAL_INSTITUTION,BATCH_2_DEEP_VERIFICATION
berklee-college-of-music,Berklee College of Music,international_need_based_aid,HIGH,International need-based aid availability requires official verification,OFFICIAL_INSTITUTION,BATCH_2_DEEP_VERIFICATION
berklee-college-of-music,Berklee College of Music,meets_full_demonstrated_need_international,HIGH,Full-need commitment for international students requires official verification,LATEST_CDS_OR_OFFICIAL,BATCH_2_DEEP_VERIFICATION
the-juilliard-school,The Juilliard School,official_website,MEDIUM,Official homepage not yet verified in Batch 1,OFFICIAL_INSTITUTION,BATCH_2_OR_3
the-juilliard-school,The Juilliard School,application_fee_usd,MEDIUM,Current first-year application fee needs direct/current verification,OFFICIAL_INSTITUTION,BATCH_2_OR_3
the-juilliard-school,The Juilliard School,sat_50,LOW,Median SAT not reported/verified; do not infer from p25/p75,LATEST_CDS_OR_OFFICIAL,BATCH_2_OR_3
the-juilliard-school,The Juilliard School,act_50,LOW,Median ACT not reported/verified; do not infer from p25/p75,LATEST_CDS_OR_OFFICIAL,BATCH_2_OR_3
the-juilliard-school,The Juilliard School,international_aid_policy,HIGH,Need-aware/need-blind/no-need-aid policy for international applicants requires official verification,OFFICIAL_INSTITUTION,BATCH_2_DEEP_VERIFICATION
the-juilliard-school,The Juilliard School,international_need_based_aid,HIGH,International need-based aid availability requires official verification,OFFICIAL_INSTITUTION,BATCH_2_DEEP_VERIFICATION
the-juilliard-school,The Juilliard School,meets_full_demonstrated_need_international,HIGH,Full-need commitment for international students requires official verification,LATEST_CDS_OR_OFFICIAL,BATCH_2_DEEP_VERIFICATION
school-of-the-art-institute-of-chicago,School of the Art Institute of Chicago,official_website,MEDIUM,Official homepage not yet verified in Batch 1,OFFICIAL_INSTITUTION,BATCH_2_OR_3
school-of-the-art-institute-of-chicago,School of the Art Institute of Chicago,application_fee_usd,MEDIUM,Current first-year application fee needs direct/current verification,OFFICIAL_INSTITUTION,BATCH_2_OR_3
school-of-the-art-institute-of-chicago,School of the Art Institute of Chicago,sat_50,LOW,Median SAT not reported/verified; do not infer from p25/p75,LATEST_CDS_OR_OFFICIAL,BATCH_2_OR_3
school-of-the-art-institute-of-chicago,School of the Art Institute of Chicago,act_50,LOW,Median ACT not reported/verified; do not infer from p25/p75,LATEST_CDS_OR_OFFICIAL,BATCH_2_OR_3
school-of-the-art-institute-of-chicago,School of the Art Institute of Chicago,international_aid_policy,HIGH,Need-aware/need-blind/no-need-aid policy for international applicants requires official verification,OFFICIAL_INSTITUTION,BATCH_2_DEEP_VERIFICATION
school-of-the-art-institute-of-chicago,School of the Art Institute of Chicago,international_need_based_aid,HIGH,International need-based aid availability requires official verification,OFFICIAL_INSTITUTION,BATCH_2_DEEP_VERIFICATION
school-of-the-art-institute-of-chicago,School of the Art Institute of Chicago,meets_full_demonstrated_need_international,HIGH,Full-need commitment for international students requires official verification,LATEST_CDS_OR_OFFICIAL,BATCH_2_DEEP_VERIFICATION
howard-university,Howard University,official_website,MEDIUM,Official homepage not yet verified in Batch 1,OFFICIAL_INSTITUTION,BATCH_2_OR_3
howard-university,Howard University,application_fee_usd,MEDIUM,Current first-year application fee needs direct/current verification,OFFICIAL_INSTITUTION,BATCH_2_OR_3
howard-university,Howard University,sat_50,LOW,Median SAT not reported/verified; do not infer from p25/p75,LATEST_CDS_OR_OFFICIAL,BATCH_2_OR_3
howard-university,Howard University,act_50,LOW,Median ACT not reported/verified; do not infer from p25/p75,LATEST_CDS_OR_OFFICIAL,BATCH_2_OR_3
howard-university,Howard University,international_aid_policy,HIGH,Need-aware/need-blind/no-need-aid policy for international applicants requires official verification,OFFICIAL_INSTITUTION,BATCH_2_DEEP_VERIFICATION
howard-university,Howard University,international_need_based_aid,HIGH,International need-based aid availability requires official verification,OFFICIAL_INSTITUTION,BATCH_2_DEEP_VERIFICATION
howard-university,Howard University,meets_full_demonstrated_need_international,HIGH,Full-need commitment for international students requires official verification,LATEST_CDS_OR_OFFICIAL,BATCH_2_DEEP_VERIFICATION
loyola-university-chicago,Loyola University Chicago,official_website,MEDIUM,Official homepage not yet verified in Batch 1,OFFICIAL_INSTITUTION,BATCH_2_OR_3
loyola-university-chicago,Loyola University Chicago,application_fee_usd,MEDIUM,Current first-year application fee needs direct/current verification,OFFICIAL_INSTITUTION,BATCH_2_OR_3
loyola-university-chicago,Loyola University Chicago,sat_50,LOW,Median SAT not reported/verified; do not infer from p25/p75,LATEST_CDS_OR_OFFICIAL,BATCH_2_OR_3
loyola-university-chicago,Loyola University Chicago,act_50,LOW,Median ACT not reported/verified; do not infer from p25/p75,LATEST_CDS_OR_OFFICIAL,BATCH_2_OR_3
loyola-university-chicago,Loyola University Chicago,international_aid_policy,HIGH,Need-aware/need-blind/no-need-aid policy for international applicants requires official verification,OFFICIAL_INSTITUTION,BATCH_2_DEEP_VERIFICATION
loyola-university-chicago,Loyola University Chicago,international_need_based_aid,HIGH,International need-based aid availability requires official verification,OFFICIAL_INSTITUTION,BATCH_2_DEEP_VERIFICATION
loyola-university-chicago,Loyola University Chicago,meets_full_demonstrated_need_international,HIGH,Full-need commitment for international students requires official verification,LATEST_CDS_OR_OFFICIAL,BATCH_2_DEEP_VERIFICATION
marquette-university,Marquette University,official_website,MEDIUM,Official homepage not yet verified in Batch 1,OFFICIAL_INSTITUTION,BATCH_2_OR_3
marquette-university,Marquette University,application_fee_usd,MEDIUM,Current first-year application fee needs direct/current verification,OFFICIAL_INSTITUTION,BATCH_2_OR_3
marquette-university,Marquette University,sat_50,LOW,Median SAT not reported/verified; do not infer from p25/p75,LATEST_CDS_OR_OFFICIAL,BATCH_2_OR_3
marquette-university,Marquette University,act_50,LOW,Median ACT not reported/verified; do not infer from p25/p75,LATEST_CDS_OR_OFFICIAL,BATCH_2_OR_3
marquette-university,Marquette University,international_aid_policy,HIGH,Need-aware/need-blind/no-need-aid policy for international applicants requires official verification,OFFICIAL_INSTITUTION,BATCH_2_DEEP_VERIFICATION
marquette-university,Marquette University,international_need_based_aid,HIGH,International need-based aid availability requires official verification,OFFICIAL_INSTITUTION,BATCH_2_DEEP_VERIFICATION
marquette-university,Marquette University,meets_full_demonstrated_need_international,HIGH,Full-need commitment for international students requires official verification,LATEST_CDS_OR_OFFICIAL,BATCH_2_DEEP_VERIFICATION
samford-university,Samford University,official_website,MEDIUM,Official homepage not yet verified in Batch 1,OFFICIAL_INSTITUTION,BATCH_2_OR_3
samford-university,Samford University,application_fee_usd,MEDIUM,Current first-year application fee needs direct/current verification,OFFICIAL_INSTITUTION,BATCH_2_OR_3
samford-university,Samford University,sat_50,LOW,Median SAT not reported/verified; do not infer from p25/p75,LATEST_CDS_OR_OFFICIAL,BATCH_2_OR_3
samford-university,Samford University,act_50,LOW,Median ACT not reported/verified; do not infer from p25/p75,LATEST_CDS_OR_OFFICIAL,BATCH_2_OR_3
samford-university,Samford University,international_aid_policy,HIGH,Need-aware/need-blind/no-need-aid policy for international applicants requires official verification,OFFICIAL_INSTITUTION,BATCH_2_DEEP_VERIFICATION
samford-university,Samford University,international_need_based_aid,HIGH,International need-based aid availability requires official verification,OFFICIAL_INSTITUTION,BATCH_2_DEEP_VERIFICATION
samford-university,Samford University,meets_full_demonstrated_need_international,HIGH,Full-need commitment for international students requires official verification,LATEST_CDS_OR_OFFICIAL,BATCH_2_DEEP_VERIFICATION
