slug,field_group,field_name,source_type,source_url,source_cycle,retrieved_at,verified_at,freshness,confidence,notes
harvard-university,ADMISSIONS,test_policy,OFFICIAL,https://college.harvard.edu/admissions/apply/application-requirements,2025-26,2026-09-13T00:00:00Z,,REVIEW_SOON,MEDIUM,Cycle-sensitive; verify before applying.
harvard-university,FINANCIAL_AID,need_policy,OFFICIAL,https://college.harvard.edu/financial-aid/apply-financial-aid/international-students,2025-26,2026-09-13T00:00:00Z,,REVIEW_SOON,MEDIUM,Cycle-sensitive; verify before applying.
yale-university,ADMISSIONS,test_policy,OFFICIAL,https://admissions.yale.edu/standardized-testing,2025-26,2026-09-13T00:00:00Z,,REVIEW_SOON,MEDIUM,Cycle-sensitive; verify before applying.
yale-university,FINANCIAL_AID,need_policy,OFFICIAL,https://admissions.yale.edu/financial-aid-international-applicants,2025-26,2026-09-13T00:00:00Z,,REVIEW_SOON,MEDIUM,Cycle-sensitive; verify before applying.
princeton-university,ADMISSIONS,test_policy,OFFICIAL,https://admission.princeton.edu/apply/standardized-testing,2025-26,2026-09-13T00:00:00Z,,REVIEW_SOON,MEDIUM,Cycle-sensitive; verify before applying.
princeton-university,FINANCIAL_AID,need_policy,OFFICIAL,https://admission.princeton.edu/cost-aid/how-princetons-aid-program-works,2025-26,2026-09-13T00:00:00Z,,REVIEW_SOON,MEDIUM,Cycle-sensitive; verify before applying.
massachusetts-institute-of-technology,ADMISSIONS,test_policy,OFFICIAL,https://mitadmissions.org/apply/firstyear/tests-scores/,2025-26,2026-09-13T00:00:00Z,,REVIEW_SOON,MEDIUM,Cycle-sensitive; verify before applying.
massachusetts-institute-of-technology,FINANCIAL_AID,need_policy,OFFICIAL,https://sfs.mit.edu/undergraduate-students/apply-for-aid/international/,2025-26,2026-09-13T00:00:00Z,,REVIEW_SOON,MEDIUM,Cycle-sensitive; verify before applying.
stanford-university,ADMISSIONS,test_policy,OFFICIAL,https://admission.stanford.edu/apply/first-year/testing.html,2025-26,2026-09-13T00:00:00Z,,REVIEW_SOON,MEDIUM,Cycle-sensitive; verify before applying.
stanford-university,FINANCIAL_AID,need_policy,OFFICIAL,https://financialaid.stanford.edu/undergrad/how/international.html,2025-26,2026-09-13T00:00:00Z,,REVIEW_SOON,MEDIUM,Cycle-sensitive; verify before applying.
california-institute-of-technology,ADMISSIONS,test_policy,OFFICIAL,https://www.admissions.caltech.edu/apply/first-year-applicants/standardized-tests,2025-26,2026-09-13T00:00:00Z,,REVIEW_SOON,MEDIUM,Cycle-sensitive; verify before applying.
california-institute-of-technology,FINANCIAL_AID,need_policy,OFFICIAL,https://www.finaid.caltech.edu/Applying/international-students,2025-26,2026-09-13T00:00:00Z,,REVIEW_SOON,MEDIUM,Cycle-sensitive; verify before applying.
brown-university,ADMISSIONS,test_policy,OFFICIAL,https://admission.brown.edu/first-year/standardized-tests,2025-26,2026-09-13T00:00:00Z,,REVIEW_SOON,MEDIUM,Cycle-sensitive; verify before applying.
brown-university,FINANCIAL_AID,need_policy,OFFICIAL,https://finaid.brown.edu/basics/financial-need-eligibility/international-aid,2025-26,2026-09-13T00:00:00Z,,REVIEW_SOON,MEDIUM,Cycle-sensitive; verify before applying.
dartmouth-college,ADMISSIONS,test_policy,OFFICIAL,https://admissions.dartmouth.edu/apply/testing-policy,2025-26,2026-09-13T00:00:00Z,,REVIEW_SOON,MEDIUM,Cycle-sensitive; verify before applying.
dartmouth-college,FINANCIAL_AID,need_policy,OFFICIAL,https://financialaid.dartmouth.edu/apply-aid/international-students,2025-26,2026-09-13T00:00:00Z,,REVIEW_SOON,MEDIUM,Cycle-sensitive; verify before applying.
columbia-university,ADMISSIONS,test_policy,OFFICIAL,https://undergrad.admissions.columbia.edu/apply/process/testing,2025-26,2026-09-13T00:00:00Z,,REVIEW_SOON,MEDIUM,Cycle-sensitive; verify before applying.
columbia-university,FINANCIAL_AID,need_policy,OFFICIAL,https://undergrad.admissions.columbia.edu/affordability/aid/international,2025-26,2026-09-13T00:00:00Z,,REVIEW_SOON,MEDIUM,Cycle-sensitive; verify before applying.
university-of-pennsylvania,ADMISSIONS,test_policy,OFFICIAL,https://admissions.upenn.edu/how-to-apply/first-year-applicants,2025-26,2026-09-13T00:00:00Z,,REVIEW_SOON,MEDIUM,Cycle-sensitive; verify before applying.
university-of-pennsylvania,FINANCIAL_AID,need_policy,OFFICIAL,https://srfs.upenn.edu/financial-aid/international,2025-26,2026-09-13T00:00:00Z,,REVIEW_SOON,MEDIUM,Cycle-sensitive; verify before applying.
duke-university,ADMISSIONS,test_policy,OFFICIAL,https://admissions.duke.edu/apply/,2025-26,2026-09-13T00:00:00Z,,REVIEW_SOON,MEDIUM,Cycle-sensitive; verify before applying.
duke-university,FINANCIAL_AID,need_policy,OFFICIAL,https://financialaid.duke.edu/apply-aid/international-students/,2025-26,2026-09-13T00:00:00Z,,REVIEW_SOON,MEDIUM,Cycle-sensitive; verify before applying.
northwestern-university,ADMISSIONS,test_policy,OFFICIAL,https://admissions.northwestern.edu/faqs/standardized-testing-policy.html,2025-26,2026-09-13T00:00:00Z,,REVIEW_SOON,MEDIUM,Cycle-sensitive; verify before applying.
northwestern-university,FINANCIAL_AID,need_policy,OFFICIAL,https://undergradaid.northwestern.edu/apply-for-aid/international-students.html,2025-26,2026-09-13T00:00:00Z,,REVIEW_SOON,MEDIUM,Cycle-sensitive; verify before applying.
princeton-university,IDENTITY,institution_identity,FEDERAL_BASELINE_OR_COLLEGEDATA,https://collegescorecard.ed.gov/school/?186131,LATEST_FEDERAL_AVAILABLE_AS_OF_2026-09-13,2026-09-14,,CURRENT_OR_LATEST_AVAILABLE,HIGH,Batch 1 provenance. Preserve source cycle separately; do not imply all values are from the same academic year.
princeton-university,ADMISSIONS,core_metrics,FEDERAL_BASELINE_OR_CDS,https://collegescorecard.ed.gov/school/?186131,LATEST_FEDERAL_AVAILABLE_AS_OF_2026-09-13,2026-09-14,,CURRENT_OR_LATEST_AVAILABLE,MEDIUM,Batch 1 provenance. Preserve source cycle separately; do not imply all values are from the same academic year.
princeton-university,ADMISSIONS,test_policy_2026_27,FAIRTEST_OR_OFFICIAL,https://admission.princeton.edu/apply/standardized-testing,2026-27,2026-09-14,2026-09-14,CURRENT_OR_LATEST_AVAILABLE,HIGH,Batch 1 provenance. Preserve source cycle separately; do not imply all values are from the same academic year.
princeton-university,FINANCIAL_AID,international_aid_policy,OFFICIAL,https://admission.princeton.edu/apply/international-students,CURRENT,2026-09-14,2026-09-14,CURRENT_OR_LATEST_AVAILABLE,HIGH,Batch 1 provenance. Preserve source cycle separately; do not imply all values are from the same academic year.
massachusetts-institute-of-technology,IDENTITY,institution_identity,FEDERAL_BASELINE_OR_COLLEGEDATA,https://collegescorecard.ed.gov/school/?166683,LATEST_FEDERAL_AVAILABLE_AS_OF_2026-09-13,2026-09-14,,CURRENT_OR_LATEST_AVAILABLE,HIGH,Batch 1 provenance. Preserve source cycle separately; do not imply all values are from the same academic year.
massachusetts-institute-of-technology,ADMISSIONS,core_metrics,FEDERAL_BASELINE_OR_CDS,https://collegescorecard.ed.gov/school/?166683,LATEST_FEDERAL_AVAILABLE_AS_OF_2026-09-13,2026-09-14,,CURRENT_OR_LATEST_AVAILABLE,MEDIUM,Batch 1 provenance. Preserve source cycle separately; do not imply all values are from the same academic year.
massachusetts-institute-of-technology,ADMISSIONS,test_policy_2026_27,FAIRTEST_OR_OFFICIAL,https://mitadmissions.org/blogs/entry/we-are-suspending-our-sat-act-requirement-for-the-2020-2021-application-cycle/,2026-27,2026-09-14,2026-09-14,CURRENT_OR_LATEST_AVAILABLE,HIGH,Batch 1 provenance. Preserve source cycle separately; do not imply all values are from the same academic year.
massachusetts-institute-of-technology,FINANCIAL_AID,international_aid_policy,OFFICIAL,https://sfs.mit.edu/undergraduate-students/apply-for-aid/international/,CURRENT,2026-09-14,2026-09-14,CURRENT_OR_LATEST_AVAILABLE,HIGH,Batch 1 provenance. Preserve source cycle separately; do not imply all values are from the same academic year.
harvard-university,IDENTITY,institution_identity,FEDERAL_BASELINE_OR_COLLEGEDATA,https://collegescorecard.ed.gov/school/?166027,LATEST_FEDERAL_AVAILABLE_AS_OF_2026-09-13,2026-09-14,,CURRENT_OR_LATEST_AVAILABLE,HIGH,Batch 1 provenance. Preserve source cycle separately; do not imply all values are from the same academic year.
harvard-university,ADMISSIONS,core_metrics,FEDERAL_BASELINE_OR_CDS,https://collegescorecard.ed.gov/school/?166027,LATEST_FEDERAL_AVAILABLE_AS_OF_2026-09-13,2026-09-14,,CURRENT_OR_LATEST_AVAILABLE,MEDIUM,Batch 1 provenance. Preserve source cycle separately; do not imply all values are from the same academic year.
harvard-university,ADMISSIONS,test_policy_2026_27,FAIRTEST_OR_OFFICIAL,https://college.harvard.edu/admissions/apply/application-requirements,2026-27,2026-09-14,2026-09-14,CURRENT_OR_LATEST_AVAILABLE,HIGH,Batch 1 provenance. Preserve source cycle separately; do not imply all values are from the same academic year.
harvard-university,FINANCIAL_AID,international_aid_policy,OFFICIAL,https://college.harvard.edu/financial-aid/how-aid-works,CURRENT,2026-09-14,2026-09-14,CURRENT_OR_LATEST_AVAILABLE,HIGH,Batch 1 provenance. Preserve source cycle separately; do not imply all values are from the same academic year.
stanford-university,IDENTITY,institution_identity,FEDERAL_BASELINE_OR_COLLEGEDATA,https://collegescorecard.ed.gov/school/?243744,LATEST_FEDERAL_AVAILABLE_AS_OF_2026-09-13,2026-09-14,,CURRENT_OR_LATEST_AVAILABLE,HIGH,Batch 1 provenance. Preserve source cycle separately; do not imply all values are from the same academic year.
stanford-university,ADMISSIONS,core_metrics,FEDERAL_BASELINE_OR_CDS,https://collegescorecard.ed.gov/school/?243744,LATEST_FEDERAL_AVAILABLE_AS_OF_2026-09-13,2026-09-14,,CURRENT_OR_LATEST_AVAILABLE,MEDIUM,Batch 1 provenance. Preserve source cycle separately; do not imply all values are from the same academic year.
stanford-university,ADMISSIONS,test_policy_2026_27,FAIRTEST_OR_OFFICIAL,https://admission.stanford.edu/apply/first-year/testing.html,2026-27,2026-09-14,2026-09-14,CURRENT_OR_LATEST_AVAILABLE,HIGH,Batch 1 provenance. Preserve source cycle separately; do not imply all values are from the same academic year.
yale-university,IDENTITY,institution_identity,FEDERAL_BASELINE_OR_COLLEGEDATA,https://collegescorecard.ed.gov/school/?130794,LATEST_FEDERAL_AVAILABLE_AS_OF_2026-09-13,2026-09-14,,CURRENT_OR_LATEST_AVAILABLE,HIGH,Batch 1 provenance. Preserve source cycle separately; do not imply all values are from the same academic year.
yale-university,ADMISSIONS,core_metrics,FEDERAL_BASELINE_OR_CDS,https://collegescorecard.ed.gov/school/?130794,LATEST_FEDERAL_AVAILABLE_AS_OF_2026-09-13,2026-09-14,,CURRENT_OR_LATEST_AVAILABLE,MEDIUM,Batch 1 provenance. Preserve source cycle separately; do not imply all values are from the same academic year.
yale-university,ADMISSIONS,test_policy_2026_27,FAIRTEST_OR_OFFICIAL,https://admissions.yale.edu/test-flexible,2026-27,2026-09-14,2026-09-14,CURRENT_OR_LATEST_AVAILABLE,HIGH,Batch 1 provenance. Preserve source cycle separately; do not imply all values are from the same academic year.
yale-university,FINANCIAL_AID,international_aid_policy,OFFICIAL,https://admissions.yale.edu/international,CURRENT,2026-09-14,2026-09-14,CURRENT_OR_LATEST_AVAILABLE,HIGH,Batch 1 provenance. Preserve source cycle separately; do not imply all values are from the same academic year.
university-of-pennsylvania,IDENTITY,institution_identity,FEDERAL_BASELINE_OR_COLLEGEDATA,https://collegescorecard.ed.gov/school/?215062,LATEST_FEDERAL_AVAILABLE_AS_OF_2026-09-13,2026-09-14,,CURRENT_OR_LATEST_AVAILABLE,HIGH,Batch 1 provenance. Preserve source cycle separately; do not imply all values are from the same academic year.
university-of-pennsylvania,ADMISSIONS,core_metrics,FEDERAL_BASELINE_OR_CDS,https://collegescorecard.ed.gov/school/?215062,LATEST_FEDERAL_AVAILABLE_AS_OF_2026-09-13,2026-09-14,,CURRENT_OR_LATEST_AVAILABLE,MEDIUM,Batch 1 provenance. Preserve source cycle separately; do not imply all values are from the same academic year.
university-of-pennsylvania,ADMISSIONS,test_policy_2026_27,FAIRTEST_OR_OFFICIAL,https://admissions.upenn.edu/how-to-apply/preparing-your-application/testing,2026-27,2026-09-14,2026-09-14,CURRENT_OR_LATEST_AVAILABLE,HIGH,Batch 1 provenance. Preserve source cycle separately; do not imply all values are from the same academic year.
california-institute-of-technology,IDENTITY,institution_identity,FEDERAL_BASELINE_OR_COLLEGEDATA,https://collegescorecard.ed.gov/school/?110404,LATEST_FEDERAL_AVAILABLE_AS_OF_2026-09-13,2026-09-14,,CURRENT_OR_LATEST_AVAILABLE,HIGH,Batch 1 provenance. Preserve source cycle separately; do not imply all values are from the same academic year.
california-institute-of-technology,ADMISSIONS,core_metrics,FEDERAL_BASELINE_OR_CDS,https://collegescorecard.ed.gov/school/?110404,LATEST_FEDERAL_AVAILABLE_AS_OF_2026-09-13,2026-09-14,,CURRENT_OR_LATEST_AVAILABLE,MEDIUM,Batch 1 provenance. Preserve source cycle separately; do not imply all values are from the same academic year.
california-institute-of-technology,ADMISSIONS,test_policy_2026_27,FAIRTEST_OR_OFFICIAL,https://www.caltech.edu/about/news/caltech-restores-standardized-test-requirement-for-undergraduate-admission,2026-27,2026-09-14,2026-09-14,CURRENT_OR_LATEST_AVAILABLE,HIGH,Batch 1 provenance. Preserve source cycle separately; do not imply all values are from the same academic year.
duke-university,IDENTITY,institution_identity,FEDERAL_BASELINE_OR_COLLEGEDATA,https://collegescorecard.ed.gov/school/?198419,LATEST_FEDERAL_AVAILABLE_AS_OF_2026-09-13,2026-09-14,,CURRENT_OR_LATEST_AVAILABLE,HIGH,Batch 1 provenance. Preserve source cycle separately; do not imply all values are from the same academic year.
duke-university,ADMISSIONS,core_metrics,FEDERAL_BASELINE_OR_CDS,https://collegescorecard.ed.gov/school/?198419,LATEST_FEDERAL_AVAILABLE_AS_OF_2026-09-13,2026-09-14,,CURRENT_OR_LATEST_AVAILABLE,MEDIUM,Batch 1 provenance. Preserve source cycle separately; do not imply all values are from the same academic year.
duke-university,ADMISSIONS,test_policy_2026_27,FAIRTEST_OR_OFFICIAL,https://admissions.duke.edu/resources/,2026-27,2026-09-14,2026-09-14,CURRENT_OR_LATEST_AVAILABLE,HIGH,Batch 1 provenance. Preserve source cycle separately; do not imply all values are from the same academic year.
brown-university,IDENTITY,institution_identity,FEDERAL_BASELINE_OR_COLLEGEDATA,https://collegescorecard.ed.gov/school/?217156,LATEST_FEDERAL_AVAILABLE_AS_OF_2026-09-13,2026-09-14,,CURRENT_OR_LATEST_AVAILABLE,HIGH,Batch 1 provenance. Preserve source cycle separately; do not imply all values are from the same academic year.
brown-university,ADMISSIONS,core_metrics,FEDERAL_BASELINE_OR_CDS,https://collegescorecard.ed.gov/school/?217156,LATEST_FEDERAL_AVAILABLE_AS_OF_2026-09-13,2026-09-14,,CURRENT_OR_LATEST_AVAILABLE,MEDIUM,Batch 1 provenance. Preserve source cycle separately; do not imply all values are from the same academic year.
brown-university,ADMISSIONS,test_policy_2026_27,FAIRTEST_OR_OFFICIAL,https://www.brown.edu/news/2024-03-05/admissions,2026-27,2026-09-14,2026-09-14,CURRENT_OR_LATEST_AVAILABLE,HIGH,Batch 1 provenance. Preserve source cycle separately; do not imply all values are from the same academic year.
brown-university,FINANCIAL_AID,international_aid_policy,OFFICIAL,https://admission.brown.edu/international/financial-aid,CURRENT,2026-09-14,2026-09-14,CURRENT_OR_LATEST_AVAILABLE,HIGH,Batch 1 provenance. Preserve source cycle separately; do not imply all values are from the same academic year.
johns-hopkins-university,IDENTITY,institution_identity,FEDERAL_BASELINE_OR_COLLEGEDATA,https://collegescorecard.ed.gov/school/?162928,LATEST_FEDERAL_AVAILABLE_AS_OF_2026-09-13,2026-09-14,,CURRENT_OR_LATEST_AVAILABLE,HIGH,Batch 1 provenance. Preserve source cycle separately; do not imply all values are from the same academic year.
johns-hopkins-university,ADMISSIONS,core_metrics,FEDERAL_BASELINE_OR_CDS,https://collegescorecard.ed.gov/school/?162928,LATEST_FEDERAL_AVAILABLE_AS_OF_2026-09-13,2026-09-14,,CURRENT_OR_LATEST_AVAILABLE,MEDIUM,Batch 1 provenance. Preserve source cycle separately; do not imply all values are from the same academic year.
johns-hopkins-university,ADMISSIONS,test_policy_2026_27,FAIRTEST_OR_OFFICIAL,https://apply.jhu.edu/how-to-apply/application-deadlines-requirements/standardized-testing/,2026-27,2026-09-14,2026-09-14,CURRENT_OR_LATEST_AVAILABLE,HIGH,Batch 1 provenance. Preserve source cycle separately; do not imply all values are from the same academic year.
northwestern-university,IDENTITY,institution_identity,FEDERAL_BASELINE_OR_COLLEGEDATA,https://collegescorecard.ed.gov/school/?147767,LATEST_FEDERAL_AVAILABLE_AS_OF_2026-09-13,2026-09-14,,CURRENT_OR_LATEST_AVAILABLE,HIGH,Batch 1 provenance. Preserve source cycle separately; do not imply all values are from the same academic year.
northwestern-university,ADMISSIONS,core_metrics,FEDERAL_BASELINE_OR_CDS,https://collegescorecard.ed.gov/school/?147767,LATEST_FEDERAL_AVAILABLE_AS_OF_2026-09-13,2026-09-14,,CURRENT_OR_LATEST_AVAILABLE,MEDIUM,Batch 1 provenance. Preserve source cycle separately; do not imply all values are from the same academic year.
northwestern-university,ADMISSIONS,test_policy_2026_27,FAIRTEST_OR_OFFICIAL,https://admissions.northwestern.edu/faqs/standardized-testing-policy/#:~:,2026-27,2026-09-14,2026-09-14,CURRENT_OR_LATEST_AVAILABLE,HIGH,Batch 1 provenance. Preserve source cycle separately; do not imply all values are from the same academic year.
columbia-university,IDENTITY,institution_identity,FEDERAL_BASELINE_OR_COLLEGEDATA,https://collegescorecard.ed.gov/school/?190150,LATEST_FEDERAL_AVAILABLE_AS_OF_2026-09-13,2026-09-14,,CURRENT_OR_LATEST_AVAILABLE,HIGH,Batch 1 provenance. Preserve source cycle separately; do not imply all values are from the same academic year.
columbia-university,ADMISSIONS,core_metrics,FEDERAL_BASELINE_OR_CDS,https://collegescorecard.ed.gov/school/?190150,LATEST_FEDERAL_AVAILABLE_AS_OF_2026-09-13,2026-09-14,,CURRENT_OR_LATEST_AVAILABLE,MEDIUM,Batch 1 provenance. Preserve source cycle separately; do not imply all values are from the same academic year.
columbia-university,ADMISSIONS,test_policy_2026_27,FAIRTEST_OR_OFFICIAL,https://undergrad.admissions.columbia.edu/columbia-test-optional,2026-27,2026-09-14,2026-09-14,CURRENT_OR_LATEST_AVAILABLE,HIGH,Batch 1 provenance. Preserve source cycle separately; do not imply all values are from the same academic year.
cornell-university,IDENTITY,institution_identity,FEDERAL_BASELINE_OR_COLLEGEDATA,https://collegescorecard.ed.gov/school/?190415,LATEST_FEDERAL_AVAILABLE_AS_OF_2026-09-13,2026-09-14,,CURRENT_OR_LATEST_AVAILABLE,HIGH,Batch 1 provenance. Preserve source cycle separately; do not imply all values are from the same academic year.
cornell-university,ADMISSIONS,core_metrics,FEDERAL_BASELINE_OR_CDS,https://collegescorecard.ed.gov/school/?190415,LATEST_FEDERAL_AVAILABLE_AS_OF_2026-09-13,2026-09-14,,CURRENT_OR_LATEST_AVAILABLE,MEDIUM,Batch 1 provenance. Preserve source cycle separately; do not imply all values are from the same academic year.
cornell-university,ADMISSIONS,test_policy_2026_27,FAIRTEST_OR_OFFICIAL,https://news.cornell.edu/stories/2024/04/cornell-reinstate-standardized-test-requirements-fall-2026,2026-27,2026-09-14,2026-09-14,CURRENT_OR_LATEST_AVAILABLE,HIGH,Batch 1 provenance. Preserve source cycle separately; do not imply all values are from the same academic year.
university-of-chicago,IDENTITY,institution_identity,FEDERAL_BASELINE_OR_COLLEGEDATA,https://collegescorecard.ed.gov/school/?144050,LATEST_FEDERAL_AVAILABLE_AS_OF_2026-09-13,2026-09-14,,CURRENT_OR_LATEST_AVAILABLE,HIGH,Batch 1 provenance. Preserve source cycle separately; do not imply all values are from the same academic year.
university-of-chicago,ADMISSIONS,core_metrics,FEDERAL_BASELINE_OR_CDS,https://collegescorecard.ed.gov/school/?144050,LATEST_FEDERAL_AVAILABLE_AS_OF_2026-09-13,2026-09-14,,CURRENT_OR_LATEST_AVAILABLE,MEDIUM,Batch 1 provenance. Preserve source cycle separately; do not imply all values are from the same academic year.
university-of-chicago,ADMISSIONS,test_policy_2026_27,FAIRTEST_OR_OFFICIAL,https://fairtest.org/test-optional-list/,2026-27,2026-09-14,2026-09-14,CURRENT_OR_LATEST_AVAILABLE,HIGH,Batch 1 provenance. Preserve source cycle separately; do not imply all values are from the same academic year.
university-of-california-berkeley,IDENTITY,institution_identity,FEDERAL_BASELINE_OR_COLLEGEDATA,https://collegescorecard.ed.gov/school/?110635,LATEST_FEDERAL_AVAILABLE_AS_OF_2026-09-13,2026-09-14,,CURRENT_OR_LATEST_AVAILABLE,HIGH,Batch 1 provenance. Preserve source cycle separately; do not imply all values are from the same academic year.
university-of-california-berkeley,ADMISSIONS,core_metrics,FEDERAL_BASELINE_OR_CDS,https://collegescorecard.ed.gov/school/?110635,LATEST_FEDERAL_AVAILABLE_AS_OF_2026-09-13,2026-09-14,,CURRENT_OR_LATEST_AVAILABLE,MEDIUM,Batch 1 provenance. Preserve source cycle separately; do not imply all values are from the same academic year.
university-of-california-berkeley,ADMISSIONS,test_policy_2026_27,FAIRTEST_OR_OFFICIAL,https://fairtest.org/test-optional-list/,2026-27,2026-09-14,2026-09-14,CURRENT_OR_LATEST_AVAILABLE,HIGH,Batch 1 provenance. Preserve source cycle separately; do not imply all values are from the same academic year.
university-of-california-los-angeles,IDENTITY,institution_identity,FEDERAL_BASELINE_OR_COLLEGEDATA,https://collegescorecard.ed.gov/school/?110662,LATEST_FEDERAL_AVAILABLE_AS_OF_2026-09-13,2026-09-14,,CURRENT_OR_LATEST_AVAILABLE,HIGH,Batch 1 provenance. Preserve source cycle separately; do not imply all values are from the same academic year.
university-of-california-los-angeles,ADMISSIONS,core_metrics,FEDERAL_BASELINE_OR_CDS,https://collegescorecard.ed.gov/school/?110662,LATEST_FEDERAL_AVAILABLE_AS_OF_2026-09-13,2026-09-14,,CURRENT_OR_LATEST_AVAILABLE,MEDIUM,Batch 1 provenance. Preserve source cycle separately; do not imply all values are from the same academic year.
university-of-california-los-angeles,ADMISSIONS,test_policy_2026_27,FAIRTEST_OR_OFFICIAL,https://fairtest.org/test-optional-list/,2026-27,2026-09-14,2026-09-14,CURRENT_OR_LATEST_AVAILABLE,HIGH,Batch 1 provenance. Preserve source cycle separately; do not imply all values are from the same academic year.
rice-university,IDENTITY,institution_identity,FEDERAL_BASELINE_OR_COLLEGEDATA,https://collegescorecard.ed.gov/school/?227757,LATEST_FEDERAL_AVAILABLE_AS_OF_2026-09-13,2026-09-14,,CURRENT_OR_LATEST_AVAILABLE,HIGH,Batch 1 provenance. Preserve source cycle separately; do not imply all values are from the same academic year.
rice-university,ADMISSIONS,core_metrics,FEDERAL_BASELINE_OR_CDS,https://collegescorecard.ed.gov/school/?227757,LATEST_FEDERAL_AVAILABLE_AS_OF_2026-09-13,2026-09-14,,CURRENT_OR_LATEST_AVAILABLE,MEDIUM,Batch 1 provenance. Preserve source cycle separately; do not imply all values are from the same academic year.
rice-university,ADMISSIONS,test_policy_2026_27,FAIRTEST_OR_OFFICIAL,https://admission.rice.edu/apply/first-year-domestic-applicants,2026-27,2026-09-14,2026-09-14,CURRENT_OR_LATEST_AVAILABLE,HIGH,Batch 1 provenance. Preserve source cycle separately; do not imply all values are from the same academic year.
dartmouth-college,IDENTITY,institution_identity,FEDERAL_BASELINE_OR_COLLEGEDATA,https://collegescorecard.ed.gov/school/?182670,LATEST_FEDERAL_AVAILABLE_AS_OF_2026-09-13,2026-09-14,,CURRENT_OR_LATEST_AVAILABLE,HIGH,Batch 1 provenance. Preserve source cycle separately; do not imply all values are from the same academic year.
dartmouth-college,ADMISSIONS,core_metrics,FEDERAL_BASELINE_OR_CDS,https://collegescorecard.ed.gov/school/?182670,LATEST_FEDERAL_AVAILABLE_AS_OF_2026-09-13,2026-09-14,,CURRENT_OR_LATEST_AVAILABLE,MEDIUM,Batch 1 provenance. Preserve source cycle separately; do not imply all values are from the same academic year.
dartmouth-college,ADMISSIONS,test_policy_2026_27,FAIRTEST_OR_OFFICIAL,https://admissions.dartmouth.edu/apply/update-testing-policy,2026-27,2026-09-14,2026-09-14,CURRENT_OR_LATEST_AVAILABLE,HIGH,Batch 1 provenance. Preserve source cycle separately; do not imply all values are from the same academic year.
dartmouth-college,FINANCIAL_AID,international_aid_policy,OFFICIAL,https://financialaid.dartmouth.edu/apply-aid/international-students,CURRENT,2026-09-14,2026-09-14,CURRENT_OR_LATEST_AVAILABLE,HIGH,Batch 1 provenance. Preserve source cycle separately; do not imply all values are from the same academic year.
vanderbilt-university,IDENTITY,institution_identity,FEDERAL_BASELINE_OR_COLLEGEDATA,https://collegescorecard.ed.gov/school/?221999,LATEST_FEDERAL_AVAILABLE_AS_OF_2026-09-13,2026-09-14,,CURRENT_OR_LATEST_AVAILABLE,HIGH,Batch 1 provenance. Preserve source cycle separately; do not imply all values are from the same academic year.
vanderbilt-university,ADMISSIONS,core_metrics,FEDERAL_BASELINE_OR_CDS,https://collegescorecard.ed.gov/school/?221999,LATEST_FEDERAL_AVAILABLE_AS_OF_2026-09-13,2026-09-14,,CURRENT_OR_LATEST_AVAILABLE,MEDIUM,Batch 1 provenance. Preserve source cycle separately; do not imply all values are from the same academic year.
vanderbilt-university,ADMISSIONS,test_policy_2026_27,FAIRTEST_OR_OFFICIAL,https://admissions.vanderbilt.edu/apply/testing-policies/,2026-27,2026-09-14,2026-09-14,CURRENT_OR_LATEST_AVAILABLE,HIGH,Batch 1 provenance. Preserve source cycle separately; do not imply all values are from the same academic year.
university-of-notre-dame,IDENTITY,institution_identity,FEDERAL_BASELINE_OR_COLLEGEDATA,https://collegescorecard.ed.gov/school/?152080,LATEST_FEDERAL_AVAILABLE_AS_OF_2026-09-13,2026-09-14,,CURRENT_OR_LATEST_AVAILABLE,HIGH,Batch 1 provenance. Preserve source cycle separately; do not imply all values are from the same academic year.
university-of-notre-dame,ADMISSIONS,core_metrics,FEDERAL_BASELINE_OR_CDS,https://collegescorecard.ed.gov/school/?152080,LATEST_FEDERAL_AVAILABLE_AS_OF_2026-09-13,2026-09-14,,CURRENT_OR_LATEST_AVAILABLE,MEDIUM,Batch 1 provenance. Preserve source cycle separately; do not imply all values are from the same academic year.
university-of-notre-dame,ADMISSIONS,test_policy_2026_27,FAIRTEST_OR_OFFICIAL,https://admissions.nd.edu/apply/application-overview/,2026-27,2026-09-14,2026-09-14,CURRENT_OR_LATEST_AVAILABLE,HIGH,Batch 1 provenance. Preserve source cycle separately; do not imply all values are from the same academic year.
university-of-michiganann-arbor,IDENTITY,institution_identity,FEDERAL_BASELINE_OR_COLLEGEDATA,https://collegescorecard.ed.gov/school/?170976,LATEST_FEDERAL_AVAILABLE_AS_OF_2026-09-13,2026-09-14,,CURRENT_OR_LATEST_AVAILABLE,HIGH,Batch 1 provenance. Preserve source cycle separately; do not imply all values are from the same academic year.
university-of-michiganann-arbor,ADMISSIONS,core_metrics,FEDERAL_BASELINE_OR_CDS,https://collegescorecard.ed.gov/school/?170976,LATEST_FEDERAL_AVAILABLE_AS_OF_2026-09-13,2026-09-14,,CURRENT_OR_LATEST_AVAILABLE,MEDIUM,Batch 1 provenance. Preserve source cycle separately; do not imply all values are from the same academic year.
university-of-michiganann-arbor,ADMISSIONS,test_policy_2026_27,FAIRTEST_OR_OFFICIAL,https://admissions.umich.edu/apply/first-year-applicants/requirements-deadlines/application-changes,2026-27,2026-09-14,2026-09-14,CURRENT_OR_LATEST_AVAILABLE,HIGH,Batch 1 provenance. Preserve source cycle separately; do not imply all values are from the same academic year.
georgetown-university,IDENTITY,institution_identity,FEDERAL_BASELINE_OR_COLLEGEDATA,https://collegescorecard.ed.gov/school/?131496,LATEST_FEDERAL_AVAILABLE_AS_OF_2026-09-13,2026-09-14,,CURRENT_OR_LATEST_AVAILABLE,HIGH,Batch 1 provenance. Preserve source cycle separately; do not imply all values are from the same academic year.
georgetown-university,ADMISSIONS,core_metrics,FEDERAL_BASELINE_OR_CDS,https://collegescorecard.ed.gov/school/?131496,LATEST_FEDERAL_AVAILABLE_AS_OF_2026-09-13,2026-09-14,,CURRENT_OR_LATEST_AVAILABLE,MEDIUM,Batch 1 provenance. Preserve source cycle separately; do not imply all values are from the same academic year.
georgetown-university,ADMISSIONS,test_policy_2026_27,FAIRTEST_OR_OFFICIAL,https://uadmissions.georgetown.edu/applying/first-year-application/,2026-27,2026-09-14,2026-09-14,CURRENT_OR_LATEST_AVAILABLE,HIGH,Batch 1 provenance. Preserve source cycle separately; do not imply all values are from the same academic year.
university-of-virginia,IDENTITY,institution_identity,FEDERAL_BASELINE_OR_COLLEGEDATA,https://collegescorecard.ed.gov/school/?234076,LATEST_FEDERAL_AVAILABLE_AS_OF_2026-09-13,2026-09-14,,CURRENT_OR_LATEST_AVAILABLE,HIGH,Batch 1 provenance. Preserve source cycle separately; do not imply all values are from the same academic year.
university-of-virginia,ADMISSIONS,core_metrics,FEDERAL_BASELINE_OR_CDS,https://collegescorecard.ed.gov/school/?234076,LATEST_FEDERAL_AVAILABLE_AS_OF_2026-09-13,2026-09-14,,CURRENT_OR_LATEST_AVAILABLE,MEDIUM,Batch 1 provenance. Preserve source cycle separately; do not imply all values are from the same academic year.
university-of-virginia,ADMISSIONS,test_policy_2026_27,FAIRTEST_OR_OFFICIAL,https://www.devry.edu/admissions/undergraduate-admissions.html,2026-27,2026-09-14,2026-09-14,CURRENT_OR_LATEST_AVAILABLE,HIGH,Batch 1 provenance. Preserve source cycle separately; do not imply all values are from the same academic year.
washington-university-in-st-louis,IDENTITY,institution_identity,FEDERAL_BASELINE_OR_COLLEGEDATA,https://collegescorecard.ed.gov/school/?179867,LATEST_FEDERAL_AVAILABLE_AS_OF_2026-09-13,2026-09-14,,CURRENT_OR_LATEST_AVAILABLE,HIGH,Batch 1 provenance. Preserve source cycle separately; do not imply all values are from the same academic year.
washington-university-in-st-louis,ADMISSIONS,core_metrics,FEDERAL_BASELINE_OR_CDS,https://collegescorecard.ed.gov/school/?179867,LATEST_FEDERAL_AVAILABLE_AS_OF_2026-09-13,2026-09-14,,CURRENT_OR_LATEST_AVAILABLE,MEDIUM,Batch 1 provenance. Preserve source cycle separately; do not imply all values are from the same academic year.
washington-university-in-st-louis,ADMISSIONS,test_policy_2026_27,FAIRTEST_OR_OFFICIAL,https://admissions.wustl.edu/how-to-apply/application-process/,2026-27,2026-09-14,2026-09-14,CURRENT_OR_LATEST_AVAILABLE,HIGH,Batch 1 provenance. Preserve source cycle separately; do not imply all values are from the same academic year.
carnegie-mellon-university,IDENTITY,institution_identity,FEDERAL_BASELINE_OR_COLLEGEDATA,https://collegescorecard.ed.gov/school/?211440,LATEST_FEDERAL_AVAILABLE_AS_OF_2026-09-13,2026-09-14,,CURRENT_OR_LATEST_AVAILABLE,HIGH,Batch 1 provenance. Preserve source cycle separately; do not imply all values are from the same academic year.
carnegie-mellon-university,ADMISSIONS,core_metrics,FEDERAL_BASELINE_OR_CDS,https://collegescorecard.ed.gov/school/?211440,LATEST_FEDERAL_AVAILABLE_AS_OF_2026-09-13,2026-09-14,,CURRENT_OR_LATEST_AVAILABLE,MEDIUM,Batch 1 provenance. Preserve source cycle separately; do not imply all values are from the same academic year.
carnegie-mellon-university,ADMISSIONS,test_policy_2026_27,FAIRTEST_OR_OFFICIAL,https://www.cmu.edu/admission/standardized-testing,2026-27,2026-09-14,2026-09-14,CURRENT_OR_LATEST_AVAILABLE,HIGH,Batch 1 provenance. Preserve source cycle separately; do not imply all values are from the same academic year.
emory-university,IDENTITY,institution_identity,FEDERAL_BASELINE_OR_COLLEGEDATA,https://collegescorecard.ed.gov/school/?139658,LATEST_FEDERAL_AVAILABLE_AS_OF_2026-09-13,2026-09-14,,CURRENT_OR_LATEST_AVAILABLE,HIGH,Batch 1 provenance. Preserve source cycle separately; do not imply all values are from the same academic year.
emory-university,ADMISSIONS,core_metrics,FEDERAL_BASELINE_OR_CDS,https://collegescorecard.ed.gov/school/?139658,LATEST_FEDERAL_AVAILABLE_AS_OF_2026-09-13,2026-09-14,,CURRENT_OR_LATEST_AVAILABLE,MEDIUM,Batch 1 provenance. Preserve source cycle separately; do not imply all values are from the same academic year.
emory-university,ADMISSIONS,test_policy_2026_27,FAIRTEST_OR_OFFICIAL,https://apply.emory.edu/apply/first-year/tips/standardized-exam-policies.html,2026-27,2026-09-14,2026-09-14,CURRENT_OR_LATEST_AVAILABLE,HIGH,Batch 1 provenance. Preserve source cycle separately; do not imply all values are from the same academic year.
university-of-southern-california,IDENTITY,institution_identity,FEDERAL_BASELINE_OR_COLLEGEDATA,https://collegescorecard.ed.gov/school/?123961,LATEST_FEDERAL_AVAILABLE_AS_OF_2026-09-13,2026-09-14,,CURRENT_OR_LATEST_AVAILABLE,HIGH,Batch 1 provenance. Preserve source cycle separately; do not imply all values are from the same academic year.
university-of-southern-california,ADMISSIONS,core_metrics,FEDERAL_BASELINE_OR_CDS,https://collegescorecard.ed.gov/school/?123961,LATEST_FEDERAL_AVAILABLE_AS_OF_2026-09-13,2026-09-14,,CURRENT_OR_LATEST_AVAILABLE,MEDIUM,Batch 1 provenance. Preserve source cycle separately; do not imply all values are from the same academic year.
university-of-southern-california,ADMISSIONS,test_policy_2026_27,FAIRTEST_OR_OFFICIAL,https://dornsife.usc.edu/admission/apply/,2026-27,2026-09-14,2026-09-14,CURRENT_OR_LATEST_AVAILABLE,HIGH,Batch 1 provenance. Preserve source cycle separately; do not imply all values are from the same academic year.
university-of-california-san-diego,IDENTITY,institution_identity,FEDERAL_BASELINE_OR_COLLEGEDATA,https://collegescorecard.ed.gov/school/?110680,LATEST_FEDERAL_AVAILABLE_AS_OF_2026-09-13,2026-09-14,,CURRENT_OR_LATEST_AVAILABLE,HIGH,Batch 1 provenance. Preserve source cycle separately; do not imply all values are from the same academic year.
university-of-california-san-diego,ADMISSIONS,core_metrics,FEDERAL_BASELINE_OR_CDS,https://collegescorecard.ed.gov/school/?110680,LATEST_FEDERAL_AVAILABLE_AS_OF_2026-09-13,2026-09-14,,CURRENT_OR_LATEST_AVAILABLE,MEDIUM,Batch 1 provenance. Preserve source cycle separately; do not imply all values are from the same academic year.
university-of-california-san-diego,ADMISSIONS,test_policy_2026_27,FAIRTEST_OR_OFFICIAL,https://fairtest.org/test-optional-list/,2026-27,2026-09-14,2026-09-14,CURRENT_OR_LATEST_AVAILABLE,HIGH,Batch 1 provenance. Preserve source cycle separately; do not imply all values are from the same academic year.
university-of-florida,IDENTITY,institution_identity,FEDERAL_BASELINE_OR_COLLEGEDATA,https://collegescorecard.ed.gov/school/?134130,LATEST_FEDERAL_AVAILABLE_AS_OF_2026-09-13,2026-09-14,,CURRENT_OR_LATEST_AVAILABLE,HIGH,Batch 1 provenance. Preserve source cycle separately; do not imply all values are from the same academic year.
university-of-florida,ADMISSIONS,core_metrics,FEDERAL_BASELINE_OR_CDS,https://collegescorecard.ed.gov/school/?134130,LATEST_FEDERAL_AVAILABLE_AS_OF_2026-09-13,2026-09-14,,CURRENT_OR_LATEST_AVAILABLE,MEDIUM,Batch 1 provenance. Preserve source cycle separately; do not imply all values are from the same academic year.
university-of-florida,ADMISSIONS,test_policy_2026_27,FAIRTEST_OR_OFFICIAL,https://fairtest.org/test-optional-list/,2026-27,2026-09-14,2026-09-14,CURRENT_OR_LATEST_AVAILABLE,HIGH,Batch 1 provenance. Preserve source cycle separately; do not imply all values are from the same academic year.
university-of-california-davis,IDENTITY,institution_identity,FEDERAL_BASELINE_OR_COLLEGEDATA,https://collegescorecard.ed.gov/school/?110644,LATEST_FEDERAL_AVAILABLE_AS_OF_2026-09-13,2026-09-14,,CURRENT_OR_LATEST_AVAILABLE,HIGH,Batch 1 provenance. Preserve source cycle separately; do not imply all values are from the same academic year.
university-of-california-davis,ADMISSIONS,core_metrics,FEDERAL_BASELINE_OR_CDS,https://collegescorecard.ed.gov/school/?110644,LATEST_FEDERAL_AVAILABLE_AS_OF_2026-09-13,2026-09-14,,CURRENT_OR_LATEST_AVAILABLE,MEDIUM,Batch 1 provenance. Preserve source cycle separately; do not imply all values are from the same academic year.
university-of-california-davis,ADMISSIONS,test_policy_2026_27,FAIRTEST_OR_OFFICIAL,https://fairtest.org/test-optional-list/,2026-27,2026-09-14,2026-09-14,CURRENT_OR_LATEST_AVAILABLE,HIGH,Batch 1 provenance. Preserve source cycle separately; do not imply all values are from the same academic year.
university-of-texas-at-austin,IDENTITY,institution_identity,FEDERAL_BASELINE_OR_COLLEGEDATA,https://collegescorecard.ed.gov/school/?228778,LATEST_FEDERAL_AVAILABLE_AS_OF_2026-09-13,2026-09-14,,CURRENT_OR_LATEST_AVAILABLE,HIGH,Batch 1 provenance. Preserve source cycle separately; do not imply all values are from the same academic year.
university-of-texas-at-austin,ADMISSIONS,core_metrics,FEDERAL_BASELINE_OR_CDS,https://collegescorecard.ed.gov/school/?228778,LATEST_FEDERAL_AVAILABLE_AS_OF_2026-09-13,2026-09-14,,CURRENT_OR_LATEST_AVAILABLE,MEDIUM,Batch 1 provenance. Preserve source cycle separately; do not imply all values are from the same academic year.
university-of-texas-at-austin,ADMISSIONS,test_policy_2026_27,FAIRTEST_OR_OFFICIAL,https://news.utexas.edu/2024/03/11/ut-austin-reinstates-standardized-test-scores-in-admissions/,2026-27,2026-09-14,2026-09-14,CURRENT_OR_LATEST_AVAILABLE,HIGH,Batch 1 provenance. Preserve source cycle separately; do not imply all values are from the same academic year.
university-of-california-irvine,IDENTITY,institution_identity,FEDERAL_BASELINE_OR_COLLEGEDATA,https://collegescorecard.ed.gov/school/?110653,LATEST_FEDERAL_AVAILABLE_AS_OF_2026-09-13,2026-09-14,,CURRENT_OR_LATEST_AVAILABLE,HIGH,Batch 1 provenance. Preserve source cycle separately; do not imply all values are from the same academic year.
university-of-california-irvine,ADMISSIONS,core_metrics,FEDERAL_BASELINE_OR_CDS,https://collegescorecard.ed.gov/school/?110653,LATEST_FEDERAL_AVAILABLE_AS_OF_2026-09-13,2026-09-14,,CURRENT_OR_LATEST_AVAILABLE,MEDIUM,Batch 1 provenance. Preserve source cycle separately; do not imply all values are from the same academic year.
university-of-california-irvine,ADMISSIONS,test_policy_2026_27,FAIRTEST_OR_OFFICIAL,https://fairtest.org/test-optional-list/,2026-27,2026-09-14,2026-09-14,CURRENT_OR_LATEST_AVAILABLE,HIGH,Batch 1 provenance. Preserve source cycle separately; do not imply all values are from the same academic year.
georgia-institute-of-technology,IDENTITY,institution_identity,FEDERAL_BASELINE_OR_COLLEGEDATA,https://collegescorecard.ed.gov/school/?139755,LATEST_FEDERAL_AVAILABLE_AS_OF_2026-09-13,2026-09-14,,CURRENT_OR_LATEST_AVAILABLE,HIGH,Batch 1 provenance. Preserve source cycle separately; do not imply all values are from the same academic year.
georgia-institute-of-technology,ADMISSIONS,core_metrics,FEDERAL_BASELINE_OR_CDS,https://collegescorecard.ed.gov/school/?139755,LATEST_FEDERAL_AVAILABLE_AS_OF_2026-09-13,2026-09-14,,CURRENT_OR_LATEST_AVAILABLE,MEDIUM,Batch 1 provenance. Preserve source cycle separately; do not imply all values are from the same academic year.
georgia-institute-of-technology,ADMISSIONS,test_policy_2026_27,FAIRTEST_OR_OFFICIAL,https://admission.gatech.edu/first-year/standardized-tests,2026-27,2026-09-14,2026-09-14,CURRENT_OR_LATEST_AVAILABLE,HIGH,Batch 1 provenance. Preserve source cycle separately; do not imply all values are from the same academic year.
university-of-california-santa-barbara,IDENTITY,institution_identity,FEDERAL_BASELINE_OR_COLLEGEDATA,https://collegescorecard.ed.gov/school/?110705,LATEST_FEDERAL_AVAILABLE_AS_OF_2026-09-13,2026-09-14,,CURRENT_OR_LATEST_AVAILABLE,HIGH,Batch 1 provenance. Preserve source cycle separately; do not imply all values are from the same academic year.
university-of-california-santa-barbara,ADMISSIONS,core_metrics,FEDERAL_BASELINE_OR_CDS,https://collegescorecard.ed.gov/school/?110705,LATEST_FEDERAL_AVAILABLE_AS_OF_2026-09-13,2026-09-14,,CURRENT_OR_LATEST_AVAILABLE,MEDIUM,Batch 1 provenance. Preserve source cycle separately; do not imply all values are from the same academic year.
university-of-california-santa-barbara,ADMISSIONS,test_policy_2026_27,FAIRTEST_OR_OFFICIAL,https://fairtest.org/test-optional-list/,2026-27,2026-09-14,2026-09-14,CURRENT_OR_LATEST_AVAILABLE,HIGH,Batch 1 provenance. Preserve source cycle separately; do not imply all values are from the same academic year.
university-of-illinois-urbana-champaign,IDENTITY,institution_identity,FEDERAL_BASELINE_OR_COLLEGEDATA,https://collegescorecard.ed.gov/school/?145637,LATEST_FEDERAL_AVAILABLE_AS_OF_2026-09-13,2026-09-14,,CURRENT_OR_LATEST_AVAILABLE,HIGH,Batch 1 provenance. Preserve source cycle separately; do not imply all values are from the same academic year.
university-of-illinois-urbana-champaign,ADMISSIONS,core_metrics,FEDERAL_BASELINE_OR_CDS,https://collegescorecard.ed.gov/school/?145637,LATEST_FEDERAL_AVAILABLE_AS_OF_2026-09-13,2026-09-14,,CURRENT_OR_LATEST_AVAILABLE,MEDIUM,Batch 1 provenance. Preserve source cycle separately; do not imply all values are from the same academic year.
university-of-illinois-urbana-champaign,ADMISSIONS,test_policy_2026_27,FAIRTEST_OR_OFFICIAL,https://www.admissions.illinois.edu/faq/applicant-freshman,2026-27,2026-09-14,2026-09-14,CURRENT_OR_LATEST_AVAILABLE,HIGH,Batch 1 provenance. Preserve source cycle separately; do not imply all values are from the same academic year.
university-of-wisconsinmadison,IDENTITY,institution_identity,FEDERAL_BASELINE_OR_COLLEGEDATA,https://collegescorecard.ed.gov/school/?240444,LATEST_FEDERAL_AVAILABLE_AS_OF_2026-09-13,2026-09-14,,CURRENT_OR_LATEST_AVAILABLE,HIGH,Batch 1 provenance. Preserve source cycle separately; do not imply all values are from the same academic year.
university-of-wisconsinmadison,ADMISSIONS,core_metrics,FEDERAL_BASELINE_OR_CDS,https://collegescorecard.ed.gov/school/?240444,LATEST_FEDERAL_AVAILABLE_AS_OF_2026-09-13,2026-09-14,,CURRENT_OR_LATEST_AVAILABLE,MEDIUM,Batch 1 provenance. Preserve source cycle separately; do not imply all values are from the same academic year.
university-of-wisconsinmadison,ADMISSIONS,test_policy_2026_27,FAIRTEST_OR_OFFICIAL,https://admissions.wisc.edu/act_sat_faq/,2026-27,2026-09-14,2026-09-14,CURRENT_OR_LATEST_AVAILABLE,HIGH,Batch 1 provenance. Preserve source cycle separately; do not imply all values are from the same academic year.
new-york-university,IDENTITY,institution_identity,FEDERAL_BASELINE_OR_COLLEGEDATA,https://collegescorecard.ed.gov/school/?193900,LATEST_FEDERAL_AVAILABLE_AS_OF_2026-09-13,2026-09-14,,CURRENT_OR_LATEST_AVAILABLE,HIGH,Batch 1 provenance. Preserve source cycle separately; do not imply all values are from the same academic year.
new-york-university,ADMISSIONS,core_metrics,FEDERAL_BASELINE_OR_CDS,https://collegescorecard.ed.gov/school/?193900,LATEST_FEDERAL_AVAILABLE_AS_OF_2026-09-13,2026-09-14,,CURRENT_OR_LATEST_AVAILABLE,MEDIUM,Batch 1 provenance. Preserve source cycle separately; do not imply all values are from the same academic year.
new-york-university,ADMISSIONS,test_policy_2026_27,FAIRTEST_OR_OFFICIAL,https://www.nyu.edu/admissions/undergraduate-admissions/how-to-apply/standardized-tests.html,2026-27,2026-09-14,2026-09-14,CURRENT_OR_LATEST_AVAILABLE,HIGH,Batch 1 provenance. Preserve source cycle separately; do not imply all values are from the same academic year.
boston-college,IDENTITY,institution_identity,FEDERAL_BASELINE_OR_COLLEGEDATA,https://collegescorecard.ed.gov/school/?164924,LATEST_FEDERAL_AVAILABLE_AS_OF_2026-09-13,2026-09-14,,CURRENT_OR_LATEST_AVAILABLE,HIGH,Batch 1 provenance. Preserve source cycle separately; do not imply all values are from the same academic year.
boston-college,ADMISSIONS,core_metrics,FEDERAL_BASELINE_OR_CDS,https://collegescorecard.ed.gov/school/?164924,LATEST_FEDERAL_AVAILABLE_AS_OF_2026-09-13,2026-09-14,,CURRENT_OR_LATEST_AVAILABLE,MEDIUM,Batch 1 provenance. Preserve source cycle separately; do not imply all values are from the same academic year.
boston-college,ADMISSIONS,test_policy_2026_27,FAIRTEST_OR_OFFICIAL,https://www.bc.edu/bc-web/admission/apply/test-optional.html,2026-27,2026-09-14,2026-09-14,CURRENT_OR_LATEST_AVAILABLE,HIGH,Batch 1 provenance. Preserve source cycle separately; do not imply all values are from the same academic year.
university-of-washington,IDENTITY,institution_identity,FEDERAL_BASELINE_OR_COLLEGEDATA,https://collegescorecard.ed.gov/school/?236948,LATEST_FEDERAL_AVAILABLE_AS_OF_2026-09-13,2026-09-14,,CURRENT_OR_LATEST_AVAILABLE,HIGH,Batch 1 provenance. Preserve source cycle separately; do not imply all values are from the same academic year.
university-of-washington,ADMISSIONS,core_metrics,FEDERAL_BASELINE_OR_CDS,https://collegescorecard.ed.gov/school/?236948,LATEST_FEDERAL_AVAILABLE_AS_OF_2026-09-13,2026-09-14,,CURRENT_OR_LATEST_AVAILABLE,MEDIUM,Batch 1 provenance. Preserve source cycle separately; do not imply all values are from the same academic year.
university-of-washington,ADMISSIONS,test_policy_2026_27,FAIRTEST_OR_OFFICIAL,https://www.washington.edu/news/2020/06/11/uw-removes-standardized-testing-requirement-for-incoming-students-beyond-fall-2021/,2026-27,2026-09-14,2026-09-14,CURRENT_OR_LATEST_AVAILABLE,HIGH,Batch 1 provenance. Preserve source cycle separately; do not imply all values are from the same academic year.
tufts-university,IDENTITY,institution_identity,FEDERAL_BASELINE_OR_COLLEGEDATA,https://collegescorecard.ed.gov/school/?168148,LATEST_FEDERAL_AVAILABLE_AS_OF_2026-09-13,2026-09-14,,CURRENT_OR_LATEST_AVAILABLE,HIGH,Batch 1 provenance. Preserve source cycle separately; do not imply all values are from the same academic year.
tufts-university,ADMISSIONS,core_metrics,FEDERAL_BASELINE_OR_CDS,https://collegescorecard.ed.gov/school/?168148,LATEST_FEDERAL_AVAILABLE_AS_OF_2026-09-13,2026-09-14,,CURRENT_OR_LATEST_AVAILABLE,MEDIUM,Batch 1 provenance. Preserve source cycle separately; do not imply all values are from the same academic year.
tufts-university,ADMISSIONS,test_policy_2026_27,FAIRTEST_OR_OFFICIAL,https://now.tufts.edu/2023/01/17/applications-undergraduate-class-2027-top-34000,2026-27,2026-09-14,2026-09-14,CURRENT_OR_LATEST_AVAILABLE,HIGH,Batch 1 provenance. Preserve source cycle separately; do not imply all values are from the same academic year.
rutgers-universitynew-brunswick,IDENTITY,institution_identity,FEDERAL_BASELINE_OR_COLLEGEDATA,https://collegescorecard.ed.gov/school/?186380,LATEST_FEDERAL_AVAILABLE_AS_OF_2026-09-13,2026-09-14,,CURRENT_OR_LATEST_AVAILABLE,HIGH,Batch 1 provenance. Preserve source cycle separately; do not imply all values are from the same academic year.
rutgers-universitynew-brunswick,ADMISSIONS,core_metrics,FEDERAL_BASELINE_OR_CDS,https://collegescorecard.ed.gov/school/?186380,LATEST_FEDERAL_AVAILABLE_AS_OF_2026-09-13,2026-09-14,,CURRENT_OR_LATEST_AVAILABLE,MEDIUM,Batch 1 provenance. Preserve source cycle separately; do not imply all values are from the same academic year.
rutgers-universitynew-brunswick,ADMISSIONS,test_policy_2026_27,FAIRTEST_OR_OFFICIAL,https://admissions.rutgers.edu/FAQ,2026-27,2026-09-14,2026-09-14,CURRENT_OR_LATEST_AVAILABLE,HIGH,Batch 1 provenance. Preserve source cycle separately; do not imply all values are from the same academic year.
boston-university,IDENTITY,institution_identity,FEDERAL_BASELINE_OR_COLLEGEDATA,https://collegescorecard.ed.gov/school/?164988,LATEST_FEDERAL_AVAILABLE_AS_OF_2026-09-13,2026-09-14,,CURRENT_OR_LATEST_AVAILABLE,HIGH,Batch 1 provenance. Preserve source cycle separately; do not imply all values are from the same academic year.
boston-university,ADMISSIONS,core_metrics,FEDERAL_BASELINE_OR_CDS,https://collegescorecard.ed.gov/school/?164988,LATEST_FEDERAL_AVAILABLE_AS_OF_2026-09-13,2026-09-14,,CURRENT_OR_LATEST_AVAILABLE,MEDIUM,Batch 1 provenance. Preserve source cycle separately; do not imply all values are from the same academic year.
boston-university,ADMISSIONS,test_policy_2026_27,FAIRTEST_OR_OFFICIAL,https://www.bu.edu/admissions/apply/first-year/test-policy/,2026-27,2026-09-14,2026-09-14,CURRENT_OR_LATEST_AVAILABLE,HIGH,Batch 1 provenance. Preserve source cycle separately; do not imply all values are from the same academic year.
the-ohio-state-university,IDENTITY,institution_identity,FEDERAL_BASELINE_OR_COLLEGEDATA,https://collegescorecard.ed.gov/school/?204796,LATEST_FEDERAL_AVAILABLE_AS_OF_2026-09-13,2026-09-14,,CURRENT_OR_LATEST_AVAILABLE,HIGH,Batch 1 provenance. Preserve source cycle separately; do not imply all values are from the same academic year.
the-ohio-state-university,ADMISSIONS,core_metrics,FEDERAL_BASELINE_OR_CDS,https://collegescorecard.ed.gov/school/?204796,LATEST_FEDERAL_AVAILABLE_AS_OF_2026-09-13,2026-09-14,,CURRENT_OR_LATEST_AVAILABLE,MEDIUM,Batch 1 provenance. Preserve source cycle separately; do not imply all values are from the same academic year.
the-ohio-state-university,ADMISSIONS,test_policy_2026_27,FAIRTEST_OR_OFFICIAL,https://undergrad.osu.edu/apply/freshmen-columbus/apply-step-by-step,2026-27,2026-09-14,2026-09-14,CURRENT_OR_LATEST_AVAILABLE,HIGH,Batch 1 provenance. Preserve source cycle separately; do not imply all values are from the same academic year.
university-of-maryland-college-park,IDENTITY,institution_identity,FEDERAL_BASELINE_OR_COLLEGEDATA,https://collegescorecard.ed.gov/school/?163286,LATEST_FEDERAL_AVAILABLE_AS_OF_2026-09-13,2026-09-14,,CURRENT_OR_LATEST_AVAILABLE,HIGH,Batch 1 provenance. Preserve source cycle separately; do not imply all values are from the same academic year.
university-of-maryland-college-park,ADMISSIONS,core_metrics,FEDERAL_BASELINE_OR_CDS,https://collegescorecard.ed.gov/school/?163286,LATEST_FEDERAL_AVAILABLE_AS_OF_2026-09-13,2026-09-14,,CURRENT_OR_LATEST_AVAILABLE,MEDIUM,Batch 1 provenance. Preserve source cycle separately; do not imply all values are from the same academic year.
university-of-maryland-college-park,ADMISSIONS,test_policy_2026_27,FAIRTEST_OR_OFFICIAL,https://admissions.umd.edu/apply/freshman-application-faqs,2026-27,2026-09-14,2026-09-14,CURRENT_OR_LATEST_AVAILABLE,HIGH,Batch 1 provenance. Preserve source cycle separately; do not imply all values are from the same academic year.
university-of-rochester,IDENTITY,institution_identity,FEDERAL_BASELINE_OR_COLLEGEDATA,https://collegescorecard.ed.gov/school/?195030,LATEST_FEDERAL_AVAILABLE_AS_OF_2026-09-13,2026-09-14,,CURRENT_OR_LATEST_AVAILABLE,HIGH,Batch 1 provenance. Preserve source cycle separately; do not imply all values are from the same academic year.
university-of-rochester,ADMISSIONS,core_metrics,FEDERAL_BASELINE_OR_CDS,https://collegescorecard.ed.gov/school/?195030,LATEST_FEDERAL_AVAILABLE_AS_OF_2026-09-13,2026-09-14,,CURRENT_OR_LATEST_AVAILABLE,MEDIUM,Batch 1 provenance. Preserve source cycle separately; do not imply all values are from the same academic year.
university-of-rochester,ADMISSIONS,test_policy_2026_27,FAIRTEST_OR_OFFICIAL,https://enrollment.rochester.edu/testing-policy/#test-optional,2026-27,2026-09-14,2026-09-14,CURRENT_OR_LATEST_AVAILABLE,HIGH,Batch 1 provenance. Preserve source cycle separately; do not imply all values are from the same academic year.
purdue-university,IDENTITY,institution_identity,FEDERAL_BASELINE_OR_COLLEGEDATA,https://www.collegedata.fyi/schools/purdue,IPEDS 2024 + CDS 2025-26,2026-09-14,2026-09-14,CURRENT_OR_LATEST_AVAILABLE,HIGH,Batch 1 provenance. Preserve source cycle separately; do not imply all values are from the same academic year.
purdue-university,ADMISSIONS,core_metrics,FEDERAL_BASELINE_OR_CDS,https://www.collegedata.fyi/schools/purdue,IPEDS 2024 + CDS 2025-26,2026-09-14,2026-09-14,CURRENT_OR_LATEST_AVAILABLE,HIGH,Batch 1 provenance. Preserve source cycle separately; do not imply all values are from the same academic year.
purdue-university,ADMISSIONS,test_policy_2026_27,FAIRTEST_OR_OFFICIAL,https://fairtest.org/wp-content/uploads/2026TOList/test-optional-list.html?v=1,2026-27,2026-09-14,2026-09-14,CURRENT_OR_LATEST_AVAILABLE,HIGH,Batch 1 provenance. Preserve source cycle separately; do not imply all values are from the same academic year.
university-of-north-carolina-at-chapel-hill,IDENTITY,institution_identity,FEDERAL_BASELINE_OR_COLLEGEDATA,https://collegescorecard.ed.gov/school/?199120,LATEST_FEDERAL_AVAILABLE_AS_OF_2026-09-13,2026-09-14,,CURRENT_OR_LATEST_AVAILABLE,HIGH,Batch 1 provenance. Preserve source cycle separately; do not imply all values are from the same academic year.
university-of-north-carolina-at-chapel-hill,ADMISSIONS,core_metrics,FEDERAL_BASELINE_OR_CDS,https://collegescorecard.ed.gov/school/?199120,LATEST_FEDERAL_AVAILABLE_AS_OF_2026-09-13,2026-09-14,,CURRENT_OR_LATEST_AVAILABLE,MEDIUM,Batch 1 provenance. Preserve source cycle separately; do not imply all values are from the same academic year.
university-of-north-carolina-at-chapel-hill,ADMISSIONS,test_policy_2026_27,FAIRTEST_OR_OFFICIAL,https://www.northcarolina.edu/students/admission/,2026-27,2026-09-14,2026-09-14,CURRENT_OR_LATEST_AVAILABLE,HIGH,Batch 1 provenance. Preserve source cycle separately; do not imply all values are from the same academic year.
wake-forest-university,IDENTITY,institution_identity,FEDERAL_BASELINE_OR_COLLEGEDATA,https://collegescorecard.ed.gov/school/?199847,LATEST_FEDERAL_AVAILABLE_AS_OF_2026-09-13,2026-09-14,,CURRENT_OR_LATEST_AVAILABLE,HIGH,Batch 1 provenance. Preserve source cycle separately; do not imply all values are from the same academic year.
wake-forest-university,ADMISSIONS,core_metrics,FEDERAL_BASELINE_OR_CDS,https://collegescorecard.ed.gov/school/?199847,LATEST_FEDERAL_AVAILABLE_AS_OF_2026-09-13,2026-09-14,,CURRENT_OR_LATEST_AVAILABLE,MEDIUM,Batch 1 provenance. Preserve source cycle separately; do not imply all values are from the same academic year.
wake-forest-university,ADMISSIONS,test_policy_2026_27,FAIRTEST_OR_OFFICIAL,https://news.wfu.edu/test-optional-admissions/,2026-27,2026-09-14,2026-09-14,CURRENT_OR_LATEST_AVAILABLE,HIGH,Batch 1 provenance. Preserve source cycle separately; do not imply all values are from the same academic year.
virginia-tech,IDENTITY,institution_identity,FEDERAL_BASELINE_OR_COLLEGEDATA,https://collegescorecard.ed.gov/school/?233921,LATEST_FEDERAL_AVAILABLE_AS_OF_2026-09-13,2026-09-14,,CURRENT_OR_LATEST_AVAILABLE,HIGH,Batch 1 provenance. Preserve source cycle separately; do not imply all values are from the same academic year.
virginia-tech,ADMISSIONS,core_metrics,FEDERAL_BASELINE_OR_CDS,https://collegescorecard.ed.gov/school/?233921,LATEST_FEDERAL_AVAILABLE_AS_OF_2026-09-13,2026-09-14,,CURRENT_OR_LATEST_AVAILABLE,MEDIUM,Batch 1 provenance. Preserve source cycle separately; do not imply all values are from the same academic year.
virginia-tech,ADMISSIONS,test_policy_2026_27,FAIRTEST_OR_OFFICIAL,https://www.vt.edu/admissions/frequently-asked-questions/test-optional.html,2026-27,2026-09-14,2026-09-14,CURRENT_OR_LATEST_AVAILABLE,HIGH,Batch 1 provenance. Preserve source cycle separately; do not imply all values are from the same academic year.
texas-a-and-m-university,IDENTITY,institution_identity,FEDERAL_BASELINE_OR_COLLEGEDATA,https://www.collegedata.fyi/schools/texas-am,CDS 2025-26 + IPEDS 2024 costs,2026-09-14,2026-09-14,CURRENT_OR_LATEST_AVAILABLE,HIGH,Batch 1 provenance. Preserve source cycle separately; do not imply all values are from the same academic year.
texas-a-and-m-university,ADMISSIONS,core_metrics,FEDERAL_BASELINE_OR_CDS,https://www.collegedata.fyi/schools/texas-am/2025-26,CDS 2025-26 + IPEDS 2024 costs,2026-09-14,2026-09-14,CURRENT_OR_LATEST_AVAILABLE,HIGH,Batch 1 provenance. Preserve source cycle separately; do not imply all values are from the same academic year.
texas-a-and-m-university,ADMISSIONS,test_policy_2026_27,FAIRTEST_OR_OFFICIAL,https://fairtest.org/wp-content/uploads/2026TOList/test-optional-list.html?v=1,2026-27,2026-09-14,2026-09-14,CURRENT_OR_LATEST_AVAILABLE,HIGH,Batch 1 provenance. Preserve source cycle separately; do not imply all values are from the same academic year.
florida-state-university,IDENTITY,institution_identity,FEDERAL_BASELINE_OR_COLLEGEDATA,https://collegescorecard.ed.gov/school/?134097,LATEST_FEDERAL_AVAILABLE_AS_OF_2026-09-13,2026-09-14,,CURRENT_OR_LATEST_AVAILABLE,HIGH,Batch 1 provenance. Preserve source cycle separately; do not imply all values are from the same academic year.
florida-state-university,ADMISSIONS,core_metrics,FEDERAL_BASELINE_OR_CDS,https://collegescorecard.ed.gov/school/?134097,LATEST_FEDERAL_AVAILABLE_AS_OF_2026-09-13,2026-09-14,,CURRENT_OR_LATEST_AVAILABLE,MEDIUM,Batch 1 provenance. Preserve source cycle separately; do not imply all values are from the same academic year.
florida-state-university,ADMISSIONS,test_policy_2026_27,FAIRTEST_OR_OFFICIAL,https://fairtest.org/test-optional-list/,2026-27,2026-09-14,2026-09-14,CURRENT_OR_LATEST_AVAILABLE,HIGH,Batch 1 provenance. Preserve source cycle separately; do not imply all values are from the same academic year.
northeastern-university,IDENTITY,institution_identity,FEDERAL_BASELINE_OR_COLLEGEDATA,https://collegescorecard.ed.gov/school/?167358,LATEST_FEDERAL_AVAILABLE_AS_OF_2026-09-13,2026-09-14,,CURRENT_OR_LATEST_AVAILABLE,HIGH,Batch 1 provenance. Preserve source cycle separately; do not imply all values are from the same academic year.
northeastern-university,ADMISSIONS,core_metrics,FEDERAL_BASELINE_OR_CDS,https://collegescorecard.ed.gov/school/?167358,LATEST_FEDERAL_AVAILABLE_AS_OF_2026-09-13,2026-09-14,,CURRENT_OR_LATEST_AVAILABLE,MEDIUM,Batch 1 provenance. Preserve source cycle separately; do not imply all values are from the same academic year.
northeastern-university,ADMISSIONS,test_policy_2026_27,FAIRTEST_OR_OFFICIAL,https://admissions.northeastern.edu/application-information/required-materials/,2026-27,2026-09-14,2026-09-14,CURRENT_OR_LATEST_AVAILABLE,HIGH,Batch 1 provenance. Preserve source cycle separately; do not imply all values are from the same academic year.
case-western-reserve-university,IDENTITY,institution_identity,FEDERAL_BASELINE_OR_COLLEGEDATA,https://collegescorecard.ed.gov/school/?201645,LATEST_FEDERAL_AVAILABLE_AS_OF_2026-09-13,2026-09-14,,CURRENT_OR_LATEST_AVAILABLE,HIGH,Batch 1 provenance. Preserve source cycle separately; do not imply all values are from the same academic year.
case-western-reserve-university,ADMISSIONS,core_metrics,FEDERAL_BASELINE_OR_CDS,https://collegescorecard.ed.gov/school/?201645,LATEST_FEDERAL_AVAILABLE_AS_OF_2026-09-13,2026-09-14,,CURRENT_OR_LATEST_AVAILABLE,MEDIUM,Batch 1 provenance. Preserve source cycle separately; do not imply all values are from the same academic year.
case-western-reserve-university,ADMISSIONS,test_policy_2026_27,FAIRTEST_OR_OFFICIAL,https://case.edu/admission/apply/test-optional,2026-27,2026-09-14,2026-09-14,CURRENT_OR_LATEST_AVAILABLE,HIGH,Batch 1 provenance. Preserve source cycle separately; do not imply all values are from the same academic year.
tulane-university,IDENTITY,institution_identity,FEDERAL_BASELINE_OR_COLLEGEDATA,https://collegescorecard.ed.gov/school/?160755,LATEST_FEDERAL_AVAILABLE_AS_OF_2026-09-13,2026-09-14,,CURRENT_OR_LATEST_AVAILABLE,HIGH,Batch 1 provenance. Preserve source cycle separately; do not imply all values are from the same academic year.
tulane-university,ADMISSIONS,core_metrics,FEDERAL_BASELINE_OR_CDS,https://collegescorecard.ed.gov/school/?160755,LATEST_FEDERAL_AVAILABLE_AS_OF_2026-09-13,2026-09-14,,CURRENT_OR_LATEST_AVAILABLE,MEDIUM,Batch 1 provenance. Preserve source cycle separately; do not imply all values are from the same academic year.
tulane-university,ADMISSIONS,test_policy_2026_27,FAIRTEST_OR_OFFICIAL,https://admission.tulane.edu/apply/instructions/standardized-tests,2026-27,2026-09-14,2026-09-14,CURRENT_OR_LATEST_AVAILABLE,HIGH,Batch 1 provenance. Preserve source cycle separately; do not imply all values are from the same academic year.
university-of-miami,IDENTITY,institution_identity,FEDERAL_BASELINE_OR_COLLEGEDATA,https://collegescorecard.ed.gov/school/?135726,LATEST_FEDERAL_AVAILABLE_AS_OF_2026-09-13,2026-09-14,,CURRENT_OR_LATEST_AVAILABLE,HIGH,Batch 1 provenance. Preserve source cycle separately; do not imply all values are from the same academic year.
university-of-miami,ADMISSIONS,core_metrics,FEDERAL_BASELINE_OR_CDS,https://collegescorecard.ed.gov/school/?135726,LATEST_FEDERAL_AVAILABLE_AS_OF_2026-09-13,2026-09-14,,CURRENT_OR_LATEST_AVAILABLE,MEDIUM,Batch 1 provenance. Preserve source cycle separately; do not imply all values are from the same academic year.
university-of-miami,ADMISSIONS,test_policy_2026_27,FAIRTEST_OR_OFFICIAL,https://www.wlrn.org/education/2025-01-28/um-standardized-test-requirements,2026-27,2026-09-14,2026-09-14,CURRENT_OR_LATEST_AVAILABLE,HIGH,Batch 1 provenance. Preserve source cycle separately; do not imply all values are from the same academic year.
university-of-georgia,IDENTITY,institution_identity,FEDERAL_BASELINE_OR_COLLEGEDATA,https://collegescorecard.ed.gov/school/?139959,LATEST_FEDERAL_AVAILABLE_AS_OF_2026-09-13,2026-09-14,,CURRENT_OR_LATEST_AVAILABLE,HIGH,Batch 1 provenance. Preserve source cycle separately; do not imply all values are from the same academic year.
university-of-georgia,ADMISSIONS,core_metrics,FEDERAL_BASELINE_OR_CDS,https://collegescorecard.ed.gov/school/?139959,LATEST_FEDERAL_AVAILABLE_AS_OF_2026-09-13,2026-09-14,,CURRENT_OR_LATEST_AVAILABLE,MEDIUM,Batch 1 provenance. Preserve source cycle separately; do not imply all values are from the same academic year.
university-of-georgia,ADMISSIONS,test_policy_2026_27,FAIRTEST_OR_OFFICIAL,https://fairtest.org/test-optional-list/,2026-27,2026-09-14,2026-09-14,CURRENT_OR_LATEST_AVAILABLE,HIGH,Batch 1 provenance. Preserve source cycle separately; do not imply all values are from the same academic year.
lehigh-university,IDENTITY,institution_identity,FEDERAL_BASELINE_OR_COLLEGEDATA,https://collegescorecard.ed.gov/school/?213543,LATEST_FEDERAL_AVAILABLE_AS_OF_2026-09-13,2026-09-14,,CURRENT_OR_LATEST_AVAILABLE,HIGH,Batch 1 provenance. Preserve source cycle separately; do not imply all values are from the same academic year.
lehigh-university,ADMISSIONS,core_metrics,FEDERAL_BASELINE_OR_CDS,https://collegescorecard.ed.gov/school/?213543,LATEST_FEDERAL_AVAILABLE_AS_OF_2026-09-13,2026-09-14,,CURRENT_OR_LATEST_AVAILABLE,MEDIUM,Batch 1 provenance. Preserve source cycle separately; do not imply all values are from the same academic year.
lehigh-university,ADMISSIONS,test_policy_2026_27,FAIRTEST_OR_OFFICIAL,"https://www1.lehigh.edu/admissions/admissions-requirements#:~:text=Lehigh%20University%20has%20adopted%20a,ACT%20test%20scores%20for%20consideration",2026-27,2026-09-14,2026-09-14,CURRENT_OR_LATEST_AVAILABLE,HIGH,Batch 1 provenance. Preserve source cycle separately; do not imply all values are from the same academic year.
villanova-university,IDENTITY,institution_identity,FEDERAL_BASELINE_OR_COLLEGEDATA,https://collegescorecard.ed.gov/school/?216597,LATEST_FEDERAL_AVAILABLE_AS_OF_2026-09-13,2026-09-14,,CURRENT_OR_LATEST_AVAILABLE,HIGH,Batch 1 provenance. Preserve source cycle separately; do not imply all values are from the same academic year.
villanova-university,ADMISSIONS,core_metrics,FEDERAL_BASELINE_OR_CDS,https://collegescorecard.ed.gov/school/?216597,LATEST_FEDERAL_AVAILABLE_AS_OF_2026-09-13,2026-09-14,,CURRENT_OR_LATEST_AVAILABLE,MEDIUM,Batch 1 provenance. Preserve source cycle separately; do not imply all values are from the same academic year.
villanova-university,ADMISSIONS,test_policy_2026_27,FAIRTEST_OR_OFFICIAL,https://www.villanova.edu/university/undergraduate-admission/faqs.html,2026-27,2026-09-14,2026-09-14,CURRENT_OR_LATEST_AVAILABLE,HIGH,Batch 1 provenance. Preserve source cycle separately; do not imply all values are from the same academic year.
rensselaer-polytechnic-institute,IDENTITY,institution_identity,FEDERAL_BASELINE_OR_COLLEGEDATA,https://collegescorecard.ed.gov/school/?194824,LATEST_FEDERAL_AVAILABLE_AS_OF_2026-09-13,2026-09-14,,CURRENT_OR_LATEST_AVAILABLE,HIGH,Batch 1 provenance. Preserve source cycle separately; do not imply all values are from the same academic year.
rensselaer-polytechnic-institute,ADMISSIONS,core_metrics,FEDERAL_BASELINE_OR_CDS,https://collegescorecard.ed.gov/school/?194824,LATEST_FEDERAL_AVAILABLE_AS_OF_2026-09-13,2026-09-14,,CURRENT_OR_LATEST_AVAILABLE,MEDIUM,Batch 1 provenance. Preserve source cycle separately; do not imply all values are from the same academic year.
rensselaer-polytechnic-institute,ADMISSIONS,test_policy_2026_27,FAIRTEST_OR_OFFICIAL,https://undergrad.admissions.rpi.edu/prospective-students/prospective-students-frequently-asked-questions/fall-2027-admission-cycle-test,2026-27,2026-09-14,2026-09-14,CURRENT_OR_LATEST_AVAILABLE,HIGH,Batch 1 provenance. Preserve source cycle separately; do not imply all values are from the same academic year.
brandeis-university,IDENTITY,institution_identity,FEDERAL_BASELINE_OR_COLLEGEDATA,https://collegescorecard.ed.gov/school/?165015,LATEST_FEDERAL_AVAILABLE_AS_OF_2026-09-13,2026-09-14,,CURRENT_OR_LATEST_AVAILABLE,HIGH,Batch 1 provenance. Preserve source cycle separately; do not imply all values are from the same academic year.
brandeis-university,ADMISSIONS,core_metrics,FEDERAL_BASELINE_OR_CDS,https://collegescorecard.ed.gov/school/?165015,LATEST_FEDERAL_AVAILABLE_AS_OF_2026-09-13,2026-09-14,,CURRENT_OR_LATEST_AVAILABLE,MEDIUM,Batch 1 provenance. Preserve source cycle separately; do not imply all values are from the same academic year.
brandeis-university,ADMISSIONS,test_policy_2026_27,FAIRTEST_OR_OFFICIAL,https://www.brandeis.edu/admissions/apply/testing.html,2026-27,2026-09-14,2026-09-14,CURRENT_OR_LATEST_AVAILABLE,HIGH,Batch 1 provenance. Preserve source cycle separately; do not imply all values are from the same academic year.
william-and-mary,IDENTITY,institution_identity,FEDERAL_BASELINE_OR_COLLEGEDATA,https://collegescorecard.ed.gov/school/?231624,LATEST_FEDERAL_AVAILABLE_AS_OF_2026-09-13,2026-09-14,,CURRENT_OR_LATEST_AVAILABLE,HIGH,Batch 1 provenance. Preserve source cycle separately; do not imply all values are from the same academic year.
william-and-mary,ADMISSIONS,core_metrics,FEDERAL_BASELINE_OR_CDS,https://collegescorecard.ed.gov/school/?231624,LATEST_FEDERAL_AVAILABLE_AS_OF_2026-09-13,2026-09-14,,CURRENT_OR_LATEST_AVAILABLE,MEDIUM,Batch 1 provenance. Preserve source cycle separately; do not imply all values are from the same academic year.
william-and-mary,ADMISSIONS,test_policy_2026_27,FAIRTEST_OR_OFFICIAL,https://www.wm.edu/admission/undergraduateadmission/how-to-apply/freshmanapplicants/standardizedtesting/test-optional-faq/index.php,2026-27,2026-09-14,2026-09-14,CURRENT_OR_LATEST_AVAILABLE,HIGH,Batch 1 provenance. Preserve source cycle separately; do not imply all values are from the same academic year.
clemson-university,IDENTITY,institution_identity,FEDERAL_BASELINE_OR_COLLEGEDATA,https://collegescorecard.ed.gov/school/?217882,LATEST_FEDERAL_AVAILABLE_AS_OF_2026-09-13,2026-09-14,,CURRENT_OR_LATEST_AVAILABLE,HIGH,Batch 1 provenance. Preserve source cycle separately; do not imply all values are from the same academic year.
clemson-university,ADMISSIONS,core_metrics,FEDERAL_BASELINE_OR_CDS,https://collegescorecard.ed.gov/school/?217882,LATEST_FEDERAL_AVAILABLE_AS_OF_2026-09-13,2026-09-14,,CURRENT_OR_LATEST_AVAILABLE,MEDIUM,Batch 1 provenance. Preserve source cycle separately; do not imply all values are from the same academic year.
clemson-university,ADMISSIONS,test_policy_2026_27,FAIRTEST_OR_OFFICIAL,https://www.clemson.edu/admissions/applying-to-clemson/freshman-students.html,2026-27,2026-09-14,2026-09-14,CURRENT_OR_LATEST_AVAILABLE,HIGH,Batch 1 provenance. Preserve source cycle separately; do not imply all values are from the same academic year.
southern-methodist-university,IDENTITY,institution_identity,FEDERAL_BASELINE_OR_COLLEGEDATA,https://collegescorecard.ed.gov/school/?228246,LATEST_FEDERAL_AVAILABLE_AS_OF_2026-09-13,2026-09-14,,CURRENT_OR_LATEST_AVAILABLE,HIGH,Batch 1 provenance. Preserve source cycle separately; do not imply all values are from the same academic year.
southern-methodist-university,ADMISSIONS,core_metrics,FEDERAL_BASELINE_OR_CDS,https://collegescorecard.ed.gov/school/?228246,LATEST_FEDERAL_AVAILABLE_AS_OF_2026-09-13,2026-09-14,,CURRENT_OR_LATEST_AVAILABLE,MEDIUM,Batch 1 provenance. Preserve source cycle separately; do not imply all values are from the same academic year.
southern-methodist-university,ADMISSIONS,test_policy_2026_27,FAIRTEST_OR_OFFICIAL,https://www.smu.edu/Admission/Apply/Frequently-Asked-Questions-TestOptional,2026-27,2026-09-14,2026-09-14,CURRENT_OR_LATEST_AVAILABLE,HIGH,Batch 1 provenance. Preserve source cycle separately; do not imply all values are from the same academic year.
george-washington-university,IDENTITY,institution_identity,FEDERAL_BASELINE_OR_COLLEGEDATA,https://collegescorecard.ed.gov/school/?131469,LATEST_FEDERAL_AVAILABLE_AS_OF_2026-09-13,2026-09-14,,CURRENT_OR_LATEST_AVAILABLE,HIGH,Batch 1 provenance. Preserve source cycle separately; do not imply all values are from the same academic year.
george-washington-university,ADMISSIONS,core_metrics,FEDERAL_BASELINE_OR_CDS,https://collegescorecard.ed.gov/school/?131469,LATEST_FEDERAL_AVAILABLE_AS_OF_2026-09-13,2026-09-14,,CURRENT_OR_LATEST_AVAILABLE,MEDIUM,Batch 1 provenance. Preserve source cycle separately; do not imply all values are from the same academic year.
george-washington-university,ADMISSIONS,test_policy_2026_27,FAIRTEST_OR_OFFICIAL,https://fairtest.org/test-optional-list/,2026-27,2026-09-14,2026-09-14,CURRENT_OR_LATEST_AVAILABLE,HIGH,Batch 1 provenance. Preserve source cycle separately; do not imply all values are from the same academic year.
pennsylvania-state-university,IDENTITY,institution_identity,FEDERAL_BASELINE_OR_COLLEGEDATA,https://collegescorecard.ed.gov/school/?214777,LATEST_FEDERAL_AVAILABLE_AS_OF_2026-09-13,2026-09-14,,CURRENT_OR_LATEST_AVAILABLE,HIGH,Batch 1 provenance. Preserve source cycle separately; do not imply all values are from the same academic year.
pennsylvania-state-university,ADMISSIONS,core_metrics,FEDERAL_BASELINE_OR_CDS,https://collegescorecard.ed.gov/school/?214777,LATEST_FEDERAL_AVAILABLE_AS_OF_2026-09-13,2026-09-14,,CURRENT_OR_LATEST_AVAILABLE,MEDIUM,Batch 1 provenance. Preserve source cycle separately; do not imply all values are from the same academic year.
pennsylvania-state-university,ADMISSIONS,test_policy_2026_27,FAIRTEST_OR_OFFICIAL,https://www.pennwest.edu/admissions,2026-27,2026-09-14,2026-09-14,CURRENT_OR_LATEST_AVAILABLE,HIGH,Batch 1 provenance. Preserve source cycle separately; do not imply all values are from the same academic year.
university-of-minnesota-twin-cities,IDENTITY,institution_identity,FEDERAL_BASELINE_OR_COLLEGEDATA,https://collegescorecard.ed.gov/school/?174066,LATEST_FEDERAL_AVAILABLE_AS_OF_2026-09-13,2026-09-14,,CURRENT_OR_LATEST_AVAILABLE,HIGH,Batch 1 provenance. Preserve source cycle separately; do not imply all values are from the same academic year.
university-of-minnesota-twin-cities,ADMISSIONS,core_metrics,FEDERAL_BASELINE_OR_CDS,https://collegescorecard.ed.gov/school/?174066,LATEST_FEDERAL_AVAILABLE_AS_OF_2026-09-13,2026-09-14,,CURRENT_OR_LATEST_AVAILABLE,MEDIUM,Batch 1 provenance. Preserve source cycle separately; do not imply all values are from the same academic year.
university-of-minnesota-twin-cities,ADMISSIONS,test_policy_2026_27,FAIRTEST_OR_OFFICIAL,https://admissions.tc.umn.edu/apply/application-checklist/application-checklist-freshman,2026-27,2026-09-14,2026-09-14,CURRENT_OR_LATEST_AVAILABLE,HIGH,Batch 1 provenance. Preserve source cycle separately; do not imply all values are from the same academic year.
indiana-university-bloomington,IDENTITY,institution_identity,FEDERAL_BASELINE_OR_COLLEGEDATA,https://collegescorecard.ed.gov/school/?151351,LATEST_FEDERAL_AVAILABLE_AS_OF_2026-09-13,2026-09-14,,CURRENT_OR_LATEST_AVAILABLE,HIGH,Batch 1 provenance. Preserve source cycle separately; do not imply all values are from the same academic year.
indiana-university-bloomington,ADMISSIONS,core_metrics,FEDERAL_BASELINE_OR_CDS,https://collegescorecard.ed.gov/school/?151351,LATEST_FEDERAL_AVAILABLE_AS_OF_2026-09-13,2026-09-14,,CURRENT_OR_LATEST_AVAILABLE,MEDIUM,Batch 1 provenance. Preserve source cycle separately; do not imply all values are from the same academic year.
indiana-university-bloomington,ADMISSIONS,test_policy_2026_27,FAIRTEST_OR_OFFICIAL,"https://admissions.indiana.edu/test-optional/index.html#:~:text=IU%20Bloomington%20has%20adopted%20a,as%20part%20of%20the%20application.",2026-27,2026-09-14,2026-09-14,CURRENT_OR_LATEST_AVAILABLE,HIGH,Batch 1 provenance. Preserve source cycle separately; do not imply all values are from the same academic year.
michigan-state-university,IDENTITY,institution_identity,FEDERAL_BASELINE_OR_COLLEGEDATA,https://collegescorecard.ed.gov/school/?171100,LATEST_FEDERAL_AVAILABLE_AS_OF_2026-09-13,2026-09-14,,CURRENT_OR_LATEST_AVAILABLE,HIGH,Batch 1 provenance. Preserve source cycle separately; do not imply all values are from the same academic year.
michigan-state-university,ADMISSIONS,core_metrics,FEDERAL_BASELINE_OR_CDS,https://collegescorecard.ed.gov/school/?171100,LATEST_FEDERAL_AVAILABLE_AS_OF_2026-09-13,2026-09-14,,CURRENT_OR_LATEST_AVAILABLE,MEDIUM,Batch 1 provenance. Preserve source cycle separately; do not imply all values are from the same academic year.
michigan-state-university,ADMISSIONS,test_policy_2026_27,FAIRTEST_OR_OFFICIAL,https://admissions.msu.edu/apply/first-year/act-sat-test-optional,2026-27,2026-09-14,2026-09-14,CURRENT_OR_LATEST_AVAILABLE,HIGH,Batch 1 provenance. Preserve source cycle separately; do not imply all values are from the same academic year.
north-carolina-state-university,IDENTITY,institution_identity,FEDERAL_BASELINE_OR_COLLEGEDATA,https://www.collegedata.fyi/schools/north-carolina-state-university-at-raleigh,IPEDS 2024 baseline; latest archived CDS 2022-23,2026-09-14,2026-09-14,CURRENT_OR_LATEST_AVAILABLE,HIGH,Batch 1 provenance. Preserve source cycle separately; do not imply all values are from the same academic year.
north-carolina-state-university,ADMISSIONS,core_metrics,FEDERAL_BASELINE_OR_CDS,https://www.collegedata.fyi/schools/north-carolina-state-university-at-raleigh,IPEDS 2024 baseline; latest archived CDS 2022-23,2026-09-14,2026-09-14,CURRENT_OR_LATEST_AVAILABLE,HIGH,Batch 1 provenance. Preserve source cycle separately; do not imply all values are from the same academic year.
north-carolina-state-university,ADMISSIONS,test_policy_2026_27,FAIRTEST_OR_OFFICIAL,https://www.northcarolina.edu/standard-test-requirement-waiver/,2026-27,2026-09-14,2026-09-14,CURRENT_OR_LATEST_AVAILABLE,HIGH,Batch 1 provenance. Preserve source cycle separately; do not imply all values are from the same academic year.
university-of-california-santa-cruz,IDENTITY,institution_identity,FEDERAL_BASELINE_OR_COLLEGEDATA,https://collegescorecard.ed.gov/school/?110714,LATEST_FEDERAL_AVAILABLE_AS_OF_2026-09-13,2026-09-14,,CURRENT_OR_LATEST_AVAILABLE,HIGH,Batch 1 provenance. Preserve source cycle separately; do not imply all values are from the same academic year.
university-of-california-santa-cruz,ADMISSIONS,core_metrics,FEDERAL_BASELINE_OR_CDS,https://collegescorecard.ed.gov/school/?110714,LATEST_FEDERAL_AVAILABLE_AS_OF_2026-09-13,2026-09-14,,CURRENT_OR_LATEST_AVAILABLE,MEDIUM,Batch 1 provenance. Preserve source cycle separately; do not imply all values are from the same academic year.
university-of-california-santa-cruz,ADMISSIONS,test_policy_2026_27,FAIRTEST_OR_OFFICIAL,https://fairtest.org/test-optional-list/,2026-27,2026-09-14,2026-09-14,CURRENT_OR_LATEST_AVAILABLE,HIGH,Batch 1 provenance. Preserve source cycle separately; do not imply all values are from the same academic year.
university-of-california-riverside,IDENTITY,institution_identity,FEDERAL_BASELINE_OR_COLLEGEDATA,https://collegescorecard.ed.gov/school/?110671,LATEST_FEDERAL_AVAILABLE_AS_OF_2026-09-13,2026-09-14,,CURRENT_OR_LATEST_AVAILABLE,HIGH,Batch 1 provenance. Preserve source cycle separately; do not imply all values are from the same academic year.
university-of-california-riverside,ADMISSIONS,core_metrics,FEDERAL_BASELINE_OR_CDS,https://collegescorecard.ed.gov/school/?110671,LATEST_FEDERAL_AVAILABLE_AS_OF_2026-09-13,2026-09-14,,CURRENT_OR_LATEST_AVAILABLE,MEDIUM,Batch 1 provenance. Preserve source cycle separately; do not imply all values are from the same academic year.
university-of-california-riverside,ADMISSIONS,test_policy_2026_27,FAIRTEST_OR_OFFICIAL,https://fairtest.org/test-optional-list/,2026-27,2026-09-14,2026-09-14,CURRENT_OR_LATEST_AVAILABLE,HIGH,Batch 1 provenance. Preserve source cycle separately; do not imply all values are from the same academic year.
university-of-colorado-boulder,IDENTITY,institution_identity,FEDERAL_BASELINE_OR_COLLEGEDATA,https://collegescorecard.ed.gov/school/?126614,LATEST_FEDERAL_AVAILABLE_AS_OF_2026-09-13,2026-09-14,,CURRENT_OR_LATEST_AVAILABLE,HIGH,Batch 1 provenance. Preserve source cycle separately; do not imply all values are from the same academic year.
university-of-colorado-boulder,ADMISSIONS,core_metrics,FEDERAL_BASELINE_OR_CDS,https://collegescorecard.ed.gov/school/?126614,LATEST_FEDERAL_AVAILABLE_AS_OF_2026-09-13,2026-09-14,,CURRENT_OR_LATEST_AVAILABLE,MEDIUM,Batch 1 provenance. Preserve source cycle separately; do not imply all values are from the same academic year.
university-of-colorado-boulder,ADMISSIONS,test_policy_2026_27,FAIRTEST_OR_OFFICIAL,https://www.colorado.edu/admissions/first-year/selection,2026-27,2026-09-14,2026-09-14,CURRENT_OR_LATEST_AVAILABLE,HIGH,Batch 1 provenance. Preserve source cycle separately; do not imply all values are from the same academic year.
university-of-connecticut,IDENTITY,institution_identity,FEDERAL_BASELINE_OR_COLLEGEDATA,https://collegescorecard.ed.gov/school/?129020,LATEST_FEDERAL_AVAILABLE_AS_OF_2026-09-13,2026-09-14,,CURRENT_OR_LATEST_AVAILABLE,HIGH,Batch 1 provenance. Preserve source cycle separately; do not imply all values are from the same academic year.
university-of-connecticut,ADMISSIONS,core_metrics,FEDERAL_BASELINE_OR_CDS,https://collegescorecard.ed.gov/school/?129020,LATEST_FEDERAL_AVAILABLE_AS_OF_2026-09-13,2026-09-14,,CURRENT_OR_LATEST_AVAILABLE,MEDIUM,Batch 1 provenance. Preserve source cycle separately; do not imply all values are from the same academic year.
university-of-connecticut,ADMISSIONS,test_policy_2026_27,FAIRTEST_OR_OFFICIAL,https://admissions.uconn.edu/?p=574,2026-27,2026-09-14,2026-09-14,CURRENT_OR_LATEST_AVAILABLE,HIGH,Batch 1 provenance. Preserve source cycle separately; do not imply all values are from the same academic year.
university-of-pittsburgh,IDENTITY,institution_identity,FEDERAL_BASELINE_OR_COLLEGEDATA,https://collegescorecard.ed.gov/school/?215293,LATEST_FEDERAL_AVAILABLE_AS_OF_2026-09-13,2026-09-14,,CURRENT_OR_LATEST_AVAILABLE,HIGH,Batch 1 provenance. Preserve source cycle separately; do not imply all values are from the same academic year.
university-of-pittsburgh,ADMISSIONS,core_metrics,FEDERAL_BASELINE_OR_CDS,https://collegescorecard.ed.gov/school/?215293,LATEST_FEDERAL_AVAILABLE_AS_OF_2026-09-13,2026-09-14,,CURRENT_OR_LATEST_AVAILABLE,MEDIUM,Batch 1 provenance. Preserve source cycle separately; do not imply all values are from the same academic year.
university-of-pittsburgh,ADMISSIONS,test_policy_2026_27,FAIRTEST_OR_OFFICIAL,https://www.upb.pitt.edu/how-apply,2026-27,2026-09-14,2026-09-14,CURRENT_OR_LATEST_AVAILABLE,HIGH,Batch 1 provenance. Preserve source cycle separately; do not imply all values are from the same academic year.
syracuse-university,IDENTITY,institution_identity,FEDERAL_BASELINE_OR_COLLEGEDATA,https://collegescorecard.ed.gov/school/?196413,LATEST_FEDERAL_AVAILABLE_AS_OF_2026-09-13,2026-09-14,,CURRENT_OR_LATEST_AVAILABLE,HIGH,Batch 1 provenance. Preserve source cycle separately; do not imply all values are from the same academic year.
syracuse-university,ADMISSIONS,core_metrics,FEDERAL_BASELINE_OR_CDS,https://collegescorecard.ed.gov/school/?196413,LATEST_FEDERAL_AVAILABLE_AS_OF_2026-09-13,2026-09-14,,CURRENT_OR_LATEST_AVAILABLE,MEDIUM,Batch 1 provenance. Preserve source cycle separately; do not imply all values are from the same academic year.
syracuse-university,ADMISSIONS,test_policy_2026_27,FAIRTEST_OR_OFFICIAL,https://news.syr.edu/2026/05/29/syracuse-university-extends-test-optional-policy-for-fall-2027-admission/,2026-27,2026-09-14,2026-09-14,CURRENT_OR_LATEST_AVAILABLE,HIGH,Batch 1 provenance. Preserve source cycle separately; do not imply all values are from the same academic year.
american-university,IDENTITY,institution_identity,FEDERAL_BASELINE_OR_COLLEGEDATA,https://collegescorecard.ed.gov/school/?131159,LATEST_FEDERAL_AVAILABLE_AS_OF_2026-09-13,2026-09-14,,CURRENT_OR_LATEST_AVAILABLE,HIGH,Batch 1 provenance. Preserve source cycle separately; do not imply all values are from the same academic year.
american-university,ADMISSIONS,core_metrics,FEDERAL_BASELINE_OR_CDS,https://collegescorecard.ed.gov/school/?131159,LATEST_FEDERAL_AVAILABLE_AS_OF_2026-09-13,2026-09-14,,CURRENT_OR_LATEST_AVAILABLE,MEDIUM,Batch 1 provenance. Preserve source cycle separately; do not imply all values are from the same academic year.
american-university,ADMISSIONS,test_policy_2026_27,FAIRTEST_OR_OFFICIAL,https://fairtest.org/test-optional-list/,2026-27,2026-09-14,2026-09-14,CURRENT_OR_LATEST_AVAILABLE,HIGH,Batch 1 provenance. Preserve source cycle separately; do not imply all values are from the same academic year.
baylor-university,IDENTITY,institution_identity,FEDERAL_BASELINE_OR_COLLEGEDATA,https://collegescorecard.ed.gov/school/?223232,LATEST_FEDERAL_AVAILABLE_AS_OF_2026-09-13,2026-09-14,,CURRENT_OR_LATEST_AVAILABLE,HIGH,Batch 1 provenance. Preserve source cycle separately; do not imply all values are from the same academic year.
baylor-university,ADMISSIONS,core_metrics,FEDERAL_BASELINE_OR_CDS,https://collegescorecard.ed.gov/school/?223232,LATEST_FEDERAL_AVAILABLE_AS_OF_2026-09-13,2026-09-14,,CURRENT_OR_LATEST_AVAILABLE,MEDIUM,Batch 1 provenance. Preserve source cycle separately; do not imply all values are from the same academic year.
baylor-university,ADMISSIONS,test_policy_2026_27,FAIRTEST_OR_OFFICIAL,https://admissions.web.baylor.edu/admission/incoming-freshman/test-optional-process,2026-27,2026-09-14,2026-09-14,CURRENT_OR_LATEST_AVAILABLE,HIGH,Batch 1 provenance. Preserve source cycle separately; do not imply all values are from the same academic year.
texas-christian-university,IDENTITY,institution_identity,FEDERAL_BASELINE_OR_COLLEGEDATA,https://collegescorecard.ed.gov/school/?228875,LATEST_FEDERAL_AVAILABLE_AS_OF_2026-09-13,2026-09-14,,CURRENT_OR_LATEST_AVAILABLE,HIGH,Batch 1 provenance. Preserve source cycle separately; do not imply all values are from the same academic year.
texas-christian-university,ADMISSIONS,core_metrics,FEDERAL_BASELINE_OR_CDS,https://collegescorecard.ed.gov/school/?228875,LATEST_FEDERAL_AVAILABLE_AS_OF_2026-09-13,2026-09-14,,CURRENT_OR_LATEST_AVAILABLE,MEDIUM,Batch 1 provenance. Preserve source cycle separately; do not imply all values are from the same academic year.
texas-christian-university,ADMISSIONS,test_policy_2026_27,FAIRTEST_OR_OFFICIAL,https://admissions.tcu.edu/apply/first-year/testing-policy-sat-act.php,2026-27,2026-09-14,2026-09-14,CURRENT_OR_LATEST_AVAILABLE,HIGH,Batch 1 provenance. Preserve source cycle separately; do not imply all values are from the same academic year.
santa-clara-university,IDENTITY,institution_identity,FEDERAL_BASELINE_OR_COLLEGEDATA,https://collegescorecard.ed.gov/school/?122931,LATEST_FEDERAL_AVAILABLE_AS_OF_2026-09-13,2026-09-14,,CURRENT_OR_LATEST_AVAILABLE,HIGH,Batch 1 provenance. Preserve source cycle separately; do not imply all values are from the same academic year.
santa-clara-university,ADMISSIONS,core_metrics,FEDERAL_BASELINE_OR_CDS,https://collegescorecard.ed.gov/school/?122931,LATEST_FEDERAL_AVAILABLE_AS_OF_2026-09-13,2026-09-14,,CURRENT_OR_LATEST_AVAILABLE,MEDIUM,Batch 1 provenance. Preserve source cycle separately; do not imply all values are from the same academic year.
santa-clara-university,ADMISSIONS,test_policy_2026_27,FAIRTEST_OR_OFFICIAL,https://www.scu.edu/admission/undergraduate/first-year-students/test-optional/,2026-27,2026-09-14,2026-09-14,CURRENT_OR_LATEST_AVAILABLE,HIGH,Batch 1 provenance. Preserve source cycle separately; do not imply all values are from the same academic year.
pepperdine-university,IDENTITY,institution_identity,FEDERAL_BASELINE_OR_COLLEGEDATA,https://collegescorecard.ed.gov/school/?121150,LATEST_FEDERAL_AVAILABLE_AS_OF_2026-09-13,2026-09-14,,CURRENT_OR_LATEST_AVAILABLE,HIGH,Batch 1 provenance. Preserve source cycle separately; do not imply all values are from the same academic year.
pepperdine-university,ADMISSIONS,core_metrics,FEDERAL_BASELINE_OR_CDS,https://collegescorecard.ed.gov/school/?121150,LATEST_FEDERAL_AVAILABLE_AS_OF_2026-09-13,2026-09-14,,CURRENT_OR_LATEST_AVAILABLE,MEDIUM,Batch 1 provenance. Preserve source cycle separately; do not imply all values are from the same academic year.
pepperdine-university,ADMISSIONS,test_policy_2026_27,FAIRTEST_OR_OFFICIAL,https://seaver.pepperdine.edu/admission/application/undergraduate/requirements/sat-act.htm,2026-27,2026-09-14,2026-09-14,CURRENT_OR_LATEST_AVAILABLE,HIGH,Batch 1 provenance. Preserve source cycle separately; do not imply all values are from the same academic year.
fordham-university,IDENTITY,institution_identity,FEDERAL_BASELINE_OR_COLLEGEDATA,https://collegescorecard.ed.gov/school/?191241,LATEST_FEDERAL_AVAILABLE_AS_OF_2026-09-13,2026-09-14,,CURRENT_OR_LATEST_AVAILABLE,HIGH,Batch 1 provenance. Preserve source cycle separately; do not imply all values are from the same academic year.
fordham-university,ADMISSIONS,core_metrics,FEDERAL_BASELINE_OR_CDS,https://collegescorecard.ed.gov/school/?191241,LATEST_FEDERAL_AVAILABLE_AS_OF_2026-09-13,2026-09-14,,CURRENT_OR_LATEST_AVAILABLE,MEDIUM,Batch 1 provenance. Preserve source cycle separately; do not imply all values are from the same academic year.
fordham-university,ADMISSIONS,test_policy_2026_27,FAIRTEST_OR_OFFICIAL,https://www.fordham.edu/undergraduate-admission/apply/what-were-looking-for/testing-policy/,2026-27,2026-09-14,2026-09-14,CURRENT_OR_LATEST_AVAILABLE,HIGH,Batch 1 provenance. Preserve source cycle separately; do not imply all values are from the same academic year.
stevens-institute-of-technology,IDENTITY,institution_identity,FEDERAL_BASELINE_OR_COLLEGEDATA,https://collegescorecard.ed.gov/school/?186867,LATEST_FEDERAL_AVAILABLE_AS_OF_2026-09-13,2026-09-14,,CURRENT_OR_LATEST_AVAILABLE,HIGH,Batch 1 provenance. Preserve source cycle separately; do not imply all values are from the same academic year.
stevens-institute-of-technology,ADMISSIONS,core_metrics,FEDERAL_BASELINE_OR_CDS,https://collegescorecard.ed.gov/school/?186867,LATEST_FEDERAL_AVAILABLE_AS_OF_2026-09-13,2026-09-14,,CURRENT_OR_LATEST_AVAILABLE,MEDIUM,Batch 1 provenance. Preserve source cycle separately; do not imply all values are from the same academic year.
stevens-institute-of-technology,ADMISSIONS,test_policy_2026_27,FAIRTEST_OR_OFFICIAL,https://www.stevens.edu/admission-aid/undergraduate-admissions/first-year-students,2026-27,2026-09-14,2026-09-14,CURRENT_OR_LATEST_AVAILABLE,HIGH,Batch 1 provenance. Preserve source cycle separately; do not imply all values are from the same academic year.
worcester-polytechnic-institute,IDENTITY,institution_identity,FEDERAL_BASELINE_OR_COLLEGEDATA,https://collegescorecard.ed.gov/school/?168421,LATEST_FEDERAL_AVAILABLE_AS_OF_2026-09-13,2026-09-14,,CURRENT_OR_LATEST_AVAILABLE,HIGH,Batch 1 provenance. Preserve source cycle separately; do not imply all values are from the same academic year.
worcester-polytechnic-institute,ADMISSIONS,core_metrics,FEDERAL_BASELINE_OR_CDS,https://collegescorecard.ed.gov/school/?168421,LATEST_FEDERAL_AVAILABLE_AS_OF_2026-09-13,2026-09-14,,CURRENT_OR_LATEST_AVAILABLE,MEDIUM,Batch 1 provenance. Preserve source cycle separately; do not imply all values are from the same academic year.
worcester-polytechnic-institute,ADMISSIONS,test_policy_2026_27,FAIRTEST_OR_OFFICIAL,https://www.wpi.edu/admissions/undergraduate/apply/how-to,2026-27,2026-09-14,2026-09-14,CURRENT_OR_LATEST_AVAILABLE,HIGH,Batch 1 provenance. Preserve source cycle separately; do not imply all values are from the same academic year.
drexel-university,IDENTITY,institution_identity,FEDERAL_BASELINE_OR_COLLEGEDATA,https://collegescorecard.ed.gov/school/?212054,LATEST_FEDERAL_AVAILABLE_AS_OF_2026-09-13,2026-09-14,,CURRENT_OR_LATEST_AVAILABLE,HIGH,Batch 1 provenance. Preserve source cycle separately; do not imply all values are from the same academic year.
drexel-university,ADMISSIONS,core_metrics,FEDERAL_BASELINE_OR_CDS,https://collegescorecard.ed.gov/school/?212054,LATEST_FEDERAL_AVAILABLE_AS_OF_2026-09-13,2026-09-14,,CURRENT_OR_LATEST_AVAILABLE,MEDIUM,Batch 1 provenance. Preserve source cycle separately; do not imply all values are from the same academic year.
drexel-university,ADMISSIONS,test_policy_2026_27,FAIRTEST_OR_OFFICIAL,https://drexel.edu/admissions/apply/undergrad-instructions/first-year-instructions/standardized-tests,2026-27,2026-09-14,2026-09-14,CURRENT_OR_LATEST_AVAILABLE,HIGH,Batch 1 provenance. Preserve source cycle separately; do not imply all values are from the same academic year.
rochester-institute-of-technology,IDENTITY,institution_identity,FEDERAL_BASELINE_OR_COLLEGEDATA,https://collegescorecard.ed.gov/school/?195003,LATEST_FEDERAL_AVAILABLE_AS_OF_2026-09-13,2026-09-14,,CURRENT_OR_LATEST_AVAILABLE,HIGH,Batch 1 provenance. Preserve source cycle separately; do not imply all values are from the same academic year.
rochester-institute-of-technology,ADMISSIONS,core_metrics,FEDERAL_BASELINE_OR_CDS,https://collegescorecard.ed.gov/school/?195003,LATEST_FEDERAL_AVAILABLE_AS_OF_2026-09-13,2026-09-14,,CURRENT_OR_LATEST_AVAILABLE,MEDIUM,Batch 1 provenance. Preserve source cycle separately; do not imply all values are from the same academic year.
rochester-institute-of-technology,ADMISSIONS,test_policy_2026_27,FAIRTEST_OR_OFFICIAL,https://www.rit.edu/news/rit-will-no-longer-require-sat-or-act-scores-applicants-beginning-fall-2021,2026-27,2026-09-14,2026-09-14,CURRENT_OR_LATEST_AVAILABLE,HIGH,Batch 1 provenance. Preserve source cycle separately; do not imply all values are from the same academic year.
stony-brook-university,IDENTITY,institution_identity,FEDERAL_BASELINE_OR_COLLEGEDATA,https://collegescorecard.ed.gov/school/?196097,LATEST_FEDERAL_AVAILABLE_AS_OF_2026-09-13,2026-09-14,,CURRENT_OR_LATEST_AVAILABLE,HIGH,Batch 1 provenance. Preserve source cycle separately; do not imply all values are from the same academic year.
stony-brook-university,ADMISSIONS,core_metrics,FEDERAL_BASELINE_OR_CDS,https://collegescorecard.ed.gov/school/?196097,LATEST_FEDERAL_AVAILABLE_AS_OF_2026-09-13,2026-09-14,,CURRENT_OR_LATEST_AVAILABLE,MEDIUM,Batch 1 provenance. Preserve source cycle separately; do not imply all values are from the same academic year.
stony-brook-university,ADMISSIONS,test_policy_2026_27,FAIRTEST_OR_OFFICIAL,https://www.stonybrook.edu/undergraduate-admissions/apply/test-optional.php,2026-27,2026-09-14,2026-09-14,CURRENT_OR_LATEST_AVAILABLE,HIGH,Batch 1 provenance. Preserve source cycle separately; do not imply all values are from the same academic year.
binghamton-university,IDENTITY,institution_identity,FEDERAL_BASELINE_OR_COLLEGEDATA,https://collegescorecard.ed.gov/school/?196079,LATEST_FEDERAL_AVAILABLE_AS_OF_2026-09-13,2026-09-14,,CURRENT_OR_LATEST_AVAILABLE,HIGH,Batch 1 provenance. Preserve source cycle separately; do not imply all values are from the same academic year.
binghamton-university,ADMISSIONS,core_metrics,FEDERAL_BASELINE_OR_CDS,https://collegescorecard.ed.gov/school/?196079,LATEST_FEDERAL_AVAILABLE_AS_OF_2026-09-13,2026-09-14,,CURRENT_OR_LATEST_AVAILABLE,MEDIUM,Batch 1 provenance. Preserve source cycle separately; do not imply all values are from the same academic year.
binghamton-university,ADMISSIONS,test_policy_2026_27,FAIRTEST_OR_OFFICIAL,https://www.binghamton.edu/admissions/info/test-optional-faqs.html,2026-27,2026-09-14,2026-09-14,CURRENT_OR_LATEST_AVAILABLE,HIGH,Batch 1 provenance. Preserve source cycle separately; do not imply all values are from the same academic year.
university-at-buffalo,IDENTITY,institution_identity,FEDERAL_BASELINE_OR_COLLEGEDATA,https://collegescorecard.ed.gov/school/?196088,LATEST_FEDERAL_AVAILABLE_AS_OF_2026-09-13,2026-09-14,,CURRENT_OR_LATEST_AVAILABLE,HIGH,Batch 1 provenance. Preserve source cycle separately; do not imply all values are from the same academic year.
university-at-buffalo,ADMISSIONS,core_metrics,FEDERAL_BASELINE_OR_CDS,https://collegescorecard.ed.gov/school/?196088,LATEST_FEDERAL_AVAILABLE_AS_OF_2026-09-13,2026-09-14,,CURRENT_OR_LATEST_AVAILABLE,MEDIUM,Batch 1 provenance. Preserve source cycle separately; do not imply all values are from the same academic year.
university-at-buffalo,ADMISSIONS,test_policy_2026_27,FAIRTEST_OR_OFFICIAL,https://www.buffalo.edu/admissions/apply/first-year.standardized-tests.html,2026-27,2026-09-14,2026-09-14,CURRENT_OR_LATEST_AVAILABLE,HIGH,Batch 1 provenance. Preserve source cycle separately; do not imply all values are from the same academic year.
university-of-delaware,IDENTITY,institution_identity,FEDERAL_BASELINE_OR_COLLEGEDATA,https://collegescorecard.ed.gov/school/?130943,LATEST_FEDERAL_AVAILABLE_AS_OF_2026-09-13,2026-09-14,,CURRENT_OR_LATEST_AVAILABLE,HIGH,Batch 1 provenance. Preserve source cycle separately; do not imply all values are from the same academic year.
university-of-delaware,ADMISSIONS,core_metrics,FEDERAL_BASELINE_OR_CDS,https://collegescorecard.ed.gov/school/?130943,LATEST_FEDERAL_AVAILABLE_AS_OF_2026-09-13,2026-09-14,,CURRENT_OR_LATEST_AVAILABLE,MEDIUM,Batch 1 provenance. Preserve source cycle separately; do not imply all values are from the same academic year.
university-of-delaware,ADMISSIONS,test_policy_2026_27,FAIRTEST_OR_OFFICIAL,https://www.udel.edu/apply/undergraduate-admissions/apply-to-ud/freshman-admissions/,2026-27,2026-09-14,2026-09-14,CURRENT_OR_LATEST_AVAILABLE,HIGH,Batch 1 provenance. Preserve source cycle separately; do not imply all values are from the same academic year.
university-of-massachusetts-amherst,IDENTITY,institution_identity,FEDERAL_BASELINE_OR_COLLEGEDATA,https://collegescorecard.ed.gov/school/?166629,LATEST_FEDERAL_AVAILABLE_AS_OF_2026-09-13,2026-09-14,,CURRENT_OR_LATEST_AVAILABLE,HIGH,Batch 1 provenance. Preserve source cycle separately; do not imply all values are from the same academic year.
university-of-massachusetts-amherst,ADMISSIONS,core_metrics,FEDERAL_BASELINE_OR_CDS,https://collegescorecard.ed.gov/school/?166629,LATEST_FEDERAL_AVAILABLE_AS_OF_2026-09-13,2026-09-14,,CURRENT_OR_LATEST_AVAILABLE,MEDIUM,Batch 1 provenance. Preserve source cycle separately; do not imply all values are from the same academic year.
university-of-massachusetts-amherst,ADMISSIONS,test_policy_2026_27,FAIRTEST_OR_OFFICIAL,https://www.umass.edu/admissions/undergraduate-admissions/connect/information-policies/test-optional-policy,2026-27,2026-09-14,2026-09-14,CURRENT_OR_LATEST_AVAILABLE,HIGH,Batch 1 provenance. Preserve source cycle separately; do not imply all values are from the same academic year.
university-of-iowa,IDENTITY,institution_identity,FEDERAL_BASELINE_OR_COLLEGEDATA,https://collegescorecard.ed.gov/school/?153658,LATEST_FEDERAL_AVAILABLE_AS_OF_2026-09-13,2026-09-14,,CURRENT_OR_LATEST_AVAILABLE,HIGH,Batch 1 provenance. Preserve source cycle separately; do not imply all values are from the same academic year.
university-of-iowa,ADMISSIONS,core_metrics,FEDERAL_BASELINE_OR_CDS,https://collegescorecard.ed.gov/school/?153658,LATEST_FEDERAL_AVAILABLE_AS_OF_2026-09-13,2026-09-14,,CURRENT_OR_LATEST_AVAILABLE,MEDIUM,Batch 1 provenance. Preserve source cycle separately; do not imply all values are from the same academic year.
university-of-iowa,ADMISSIONS,test_policy_2026_27,FAIRTEST_OR_OFFICIAL,https://www.uidaho.edu/admissions/apply/first-year/admission-requirements/gpa-and-test-scores,2026-27,2026-09-14,2026-09-14,CURRENT_OR_LATEST_AVAILABLE,HIGH,Batch 1 provenance. Preserve source cycle separately; do not imply all values are from the same academic year.
university-of-arizona,IDENTITY,institution_identity,FEDERAL_BASELINE_OR_COLLEGEDATA,https://collegescorecard.ed.gov/school/?104179,LATEST_FEDERAL_AVAILABLE_AS_OF_2026-09-13,2026-09-14,,CURRENT_OR_LATEST_AVAILABLE,HIGH,Batch 1 provenance. Preserve source cycle separately; do not imply all values are from the same academic year.
university-of-arizona,ADMISSIONS,core_metrics,FEDERAL_BASELINE_OR_CDS,https://collegescorecard.ed.gov/school/?104179,LATEST_FEDERAL_AVAILABLE_AS_OF_2026-09-13,2026-09-14,,CURRENT_OR_LATEST_AVAILABLE,MEDIUM,Batch 1 provenance. Preserve source cycle separately; do not imply all values are from the same academic year.
university-of-arizona,ADMISSIONS,test_policy_2026_27,FAIRTEST_OR_OFFICIAL,https://www.arizona.edu/admissions/first-year/apply,2026-27,2026-09-14,2026-09-14,CURRENT_OR_LATEST_AVAILABLE,HIGH,Batch 1 provenance. Preserve source cycle separately; do not imply all values are from the same academic year.
arizona-state-university,IDENTITY,institution_identity,FEDERAL_BASELINE_OR_COLLEGEDATA,https://www.collegedata.fyi/schools/arizona-state-university-campus-immersion,CDS 2025-26 + IPEDS 2024 costs,2026-09-14,2026-09-14,CURRENT_OR_LATEST_AVAILABLE,HIGH,Batch 1 provenance. Preserve source cycle separately; do not imply all values are from the same academic year.
arizona-state-university,ADMISSIONS,core_metrics,FEDERAL_BASELINE_OR_CDS,https://www.collegedata.fyi/schools/arizona-state-university-campus-immersion/2025-26,CDS 2025-26 + IPEDS 2024 costs,2026-09-14,2026-09-14,CURRENT_OR_LATEST_AVAILABLE,HIGH,Batch 1 provenance. Preserve source cycle separately; do not imply all values are from the same academic year.
arizona-state-university,ADMISSIONS,test_policy_2026_27,FAIRTEST_OR_OFFICIAL,https://admission.asu.edu/apply/first-year/admission,2026-27,2026-09-14,2026-09-14,CURRENT_OR_LATEST_AVAILABLE,HIGH,Batch 1 provenance. Preserve source cycle separately; do not imply all values are from the same academic year.
university-of-oregon,IDENTITY,institution_identity,FEDERAL_BASELINE_OR_COLLEGEDATA,https://collegescorecard.ed.gov/school/?209551,LATEST_FEDERAL_AVAILABLE_AS_OF_2026-09-13,2026-09-14,,CURRENT_OR_LATEST_AVAILABLE,HIGH,Batch 1 provenance. Preserve source cycle separately; do not imply all values are from the same academic year.
university-of-oregon,ADMISSIONS,core_metrics,FEDERAL_BASELINE_OR_CDS,https://collegescorecard.ed.gov/school/?209551,LATEST_FEDERAL_AVAILABLE_AS_OF_2026-09-13,2026-09-14,,CURRENT_OR_LATEST_AVAILABLE,MEDIUM,Batch 1 provenance. Preserve source cycle separately; do not imply all values are from the same academic year.
university-of-oregon,ADMISSIONS,test_policy_2026_27,FAIRTEST_OR_OFFICIAL,https://admissions.uoregon.edu/testoptional,2026-27,2026-09-14,2026-09-14,CURRENT_OR_LATEST_AVAILABLE,HIGH,Batch 1 provenance. Preserve source cycle separately; do not imply all values are from the same academic year.
oregon-state-university,IDENTITY,institution_identity,FEDERAL_BASELINE_OR_COLLEGEDATA,https://collegescorecard.ed.gov/school/?209542,LATEST_FEDERAL_AVAILABLE_AS_OF_2026-09-13,2026-09-14,,CURRENT_OR_LATEST_AVAILABLE,HIGH,Batch 1 provenance. Preserve source cycle separately; do not imply all values are from the same academic year.
oregon-state-university,ADMISSIONS,core_metrics,FEDERAL_BASELINE_OR_CDS,https://collegescorecard.ed.gov/school/?209542,LATEST_FEDERAL_AVAILABLE_AS_OF_2026-09-13,2026-09-14,,CURRENT_OR_LATEST_AVAILABLE,MEDIUM,Batch 1 provenance. Preserve source cycle separately; do not imply all values are from the same academic year.
oregon-state-university,ADMISSIONS,test_policy_2026_27,FAIRTEST_OR_OFFICIAL,https://admissions.oregonstate.edu/admission-requirements-0,2026-27,2026-09-14,2026-09-14,CURRENT_OR_LATEST_AVAILABLE,HIGH,Batch 1 provenance. Preserve source cycle separately; do not imply all values are from the same academic year.
university-of-utah,IDENTITY,institution_identity,FEDERAL_BASELINE_OR_COLLEGEDATA,https://collegescorecard.ed.gov/school/?230764,LATEST_FEDERAL_AVAILABLE_AS_OF_2026-09-13,2026-09-14,,CURRENT_OR_LATEST_AVAILABLE,HIGH,Batch 1 provenance. Preserve source cycle separately; do not imply all values are from the same academic year.
university-of-utah,ADMISSIONS,core_metrics,FEDERAL_BASELINE_OR_CDS,https://collegescorecard.ed.gov/school/?230764,LATEST_FEDERAL_AVAILABLE_AS_OF_2026-09-13,2026-09-14,,CURRENT_OR_LATEST_AVAILABLE,MEDIUM,Batch 1 provenance. Preserve source cycle separately; do not imply all values are from the same academic year.
university-of-utah,ADMISSIONS,test_policy_2026_27,FAIRTEST_OR_OFFICIAL,https://www.ksl.com/article/50879586/university-of-utah-board-of-trustees-votes-to-retain-test-optional-admissions-policy,2026-27,2026-09-14,2026-09-14,CURRENT_OR_LATEST_AVAILABLE,HIGH,Batch 1 provenance. Preserve source cycle separately; do not imply all values are from the same academic year.
brigham-young-university,IDENTITY,institution_identity,FEDERAL_BASELINE_OR_COLLEGEDATA,https://collegescorecard.ed.gov/school/?230038,LATEST_FEDERAL_AVAILABLE_AS_OF_2026-09-13,2026-09-14,,CURRENT_OR_LATEST_AVAILABLE,HIGH,Batch 1 provenance. Preserve source cycle separately; do not imply all values are from the same academic year.
brigham-young-university,ADMISSIONS,core_metrics,FEDERAL_BASELINE_OR_CDS,https://collegescorecard.ed.gov/school/?230038,LATEST_FEDERAL_AVAILABLE_AS_OF_2026-09-13,2026-09-14,,CURRENT_OR_LATEST_AVAILABLE,MEDIUM,Batch 1 provenance. Preserve source cycle separately; do not imply all values are from the same academic year.
brigham-young-university,ADMISSIONS,test_policy_2026_27,FAIRTEST_OR_OFFICIAL,https://enrollment.byu.edu/admissions/educational-history,2026-27,2026-09-14,2026-09-14,CURRENT_OR_LATEST_AVAILABLE,HIGH,Batch 1 provenance. Preserve source cycle separately; do not imply all values are from the same academic year.
colorado-school-of-mines,IDENTITY,institution_identity,FEDERAL_BASELINE_OR_COLLEGEDATA,https://collegescorecard.ed.gov/school/?126775,LATEST_FEDERAL_AVAILABLE_AS_OF_2026-09-13,2026-09-14,,CURRENT_OR_LATEST_AVAILABLE,HIGH,Batch 1 provenance. Preserve source cycle separately; do not imply all values are from the same academic year.
colorado-school-of-mines,ADMISSIONS,core_metrics,FEDERAL_BASELINE_OR_CDS,https://collegescorecard.ed.gov/school/?126775,LATEST_FEDERAL_AVAILABLE_AS_OF_2026-09-13,2026-09-14,,CURRENT_OR_LATEST_AVAILABLE,MEDIUM,Batch 1 provenance. Preserve source cycle separately; do not imply all values are from the same academic year.
colorado-school-of-mines,ADMISSIONS,test_policy_2026_27,FAIRTEST_OR_OFFICIAL,https://www.mines.edu/undergraduate-admissions/first-year/,2026-27,2026-09-14,2026-09-14,CURRENT_OR_LATEST_AVAILABLE,HIGH,Batch 1 provenance. Preserve source cycle separately; do not imply all values are from the same academic year.
auburn-university,IDENTITY,institution_identity,FEDERAL_BASELINE_OR_COLLEGEDATA,https://collegescorecard.ed.gov/school/?100858,LATEST_FEDERAL_AVAILABLE_AS_OF_2026-09-13,2026-09-14,,CURRENT_OR_LATEST_AVAILABLE,HIGH,Batch 1 provenance. Preserve source cycle separately; do not imply all values are from the same academic year.
auburn-university,ADMISSIONS,core_metrics,FEDERAL_BASELINE_OR_CDS,https://collegescorecard.ed.gov/school/?100858,LATEST_FEDERAL_AVAILABLE_AS_OF_2026-09-13,2026-09-14,,CURRENT_OR_LATEST_AVAILABLE,MEDIUM,Batch 1 provenance. Preserve source cycle separately; do not imply all values are from the same academic year.
auburn-university,ADMISSIONS,test_policy_2026_27,FAIRTEST_OR_OFFICIAL,https://www.auburn.edu/admissions/prospective-students/freshmen/index.php,2026-27,2026-09-14,2026-09-14,CURRENT_OR_LATEST_AVAILABLE,HIGH,Batch 1 provenance. Preserve source cycle separately; do not imply all values are from the same academic year.
university-of-tennessee-knoxville,IDENTITY,institution_identity,FEDERAL_BASELINE_OR_COLLEGEDATA,https://collegescorecard.ed.gov/school/?221759,LATEST_FEDERAL_AVAILABLE_AS_OF_2026-09-13,2026-09-14,,CURRENT_OR_LATEST_AVAILABLE,HIGH,Batch 1 provenance. Preserve source cycle separately; do not imply all values are from the same academic year.
university-of-tennessee-knoxville,ADMISSIONS,core_metrics,FEDERAL_BASELINE_OR_CDS,https://collegescorecard.ed.gov/school/?221759,LATEST_FEDERAL_AVAILABLE_AS_OF_2026-09-13,2026-09-14,,CURRENT_OR_LATEST_AVAILABLE,MEDIUM,Batch 1 provenance. Preserve source cycle separately; do not imply all values are from the same academic year.
university-of-tennessee-knoxville,ADMISSIONS,test_policy_2026_27,FAIRTEST_OR_OFFICIAL,https://www.wate.com/wp-content/uploads/sites/42/2023/09/UT-Admissions-policy-proposal.pdf,2026-27,2026-09-14,2026-09-14,CURRENT_OR_LATEST_AVAILABLE,HIGH,Batch 1 provenance. Preserve source cycle separately; do not imply all values are from the same academic year.
university-of-alabama,IDENTITY,institution_identity,FEDERAL_BASELINE_OR_COLLEGEDATA,https://collegescorecard.ed.gov/school/?100751,LATEST_FEDERAL_AVAILABLE_AS_OF_2026-09-13,2026-09-14,,CURRENT_OR_LATEST_AVAILABLE,HIGH,Batch 1 provenance. Preserve source cycle separately; do not imply all values are from the same academic year.
university-of-alabama,ADMISSIONS,core_metrics,FEDERAL_BASELINE_OR_CDS,https://collegescorecard.ed.gov/school/?100751,LATEST_FEDERAL_AVAILABLE_AS_OF_2026-09-13,2026-09-14,,CURRENT_OR_LATEST_AVAILABLE,MEDIUM,Batch 1 provenance. Preserve source cycle separately; do not imply all values are from the same academic year.
university-of-alabama,ADMISSIONS,test_policy_2026_27,FAIRTEST_OR_OFFICIAL,https://www.uab.edu/reporter/in-the-know/uab-announces-phased-approach-to-update-admissions-review-process,2026-27,2026-09-14,2026-09-14,CURRENT_OR_LATEST_AVAILABLE,HIGH,Batch 1 provenance. Preserve source cycle separately; do not imply all values are from the same academic year.
university-of-kentucky,IDENTITY,institution_identity,FEDERAL_BASELINE_OR_COLLEGEDATA,https://collegescorecard.ed.gov/school/?157085,LATEST_FEDERAL_AVAILABLE_AS_OF_2026-09-13,2026-09-14,,CURRENT_OR_LATEST_AVAILABLE,HIGH,Batch 1 provenance. Preserve source cycle separately; do not imply all values are from the same academic year.
university-of-kentucky,ADMISSIONS,core_metrics,FEDERAL_BASELINE_OR_CDS,https://collegescorecard.ed.gov/school/?157085,LATEST_FEDERAL_AVAILABLE_AS_OF_2026-09-13,2026-09-14,,CURRENT_OR_LATEST_AVAILABLE,MEDIUM,Batch 1 provenance. Preserve source cycle separately; do not imply all values are from the same academic year.
university-of-kentucky,ADMISSIONS,test_policy_2026_27,FAIRTEST_OR_OFFICIAL,https://admission.uky.edu/news/test-optional,2026-27,2026-09-14,2026-09-14,CURRENT_OR_LATEST_AVAILABLE,HIGH,Batch 1 provenance. Preserve source cycle separately; do not imply all values are from the same academic year.
university-of-cincinnati,IDENTITY,institution_identity,FEDERAL_BASELINE_OR_COLLEGEDATA,https://collegescorecard.ed.gov/school/?201885,LATEST_FEDERAL_AVAILABLE_AS_OF_2026-09-13,2026-09-14,,CURRENT_OR_LATEST_AVAILABLE,HIGH,Batch 1 provenance. Preserve source cycle separately; do not imply all values are from the same academic year.
university-of-cincinnati,ADMISSIONS,core_metrics,FEDERAL_BASELINE_OR_CDS,https://collegescorecard.ed.gov/school/?201885,LATEST_FEDERAL_AVAILABLE_AS_OF_2026-09-13,2026-09-14,,CURRENT_OR_LATEST_AVAILABLE,MEDIUM,Batch 1 provenance. Preserve source cycle separately; do not imply all values are from the same academic year.
university-of-cincinnati,ADMISSIONS,test_policy_2026_27,FAIRTEST_OR_OFFICIAL,https://www.admissions.uc.edu/test-optional.html,2026-27,2026-09-14,2026-09-14,CURRENT_OR_LATEST_AVAILABLE,HIGH,Batch 1 provenance. Preserve source cycle separately; do not imply all values are from the same academic year.
university-of-houston,IDENTITY,institution_identity,FEDERAL_BASELINE_OR_COLLEGEDATA,https://collegescorecard.ed.gov/school/?225511,LATEST_FEDERAL_AVAILABLE_AS_OF_2026-09-13,2026-09-14,,CURRENT_OR_LATEST_AVAILABLE,HIGH,Batch 1 provenance. Preserve source cycle separately; do not imply all values are from the same academic year.
university-of-houston,ADMISSIONS,core_metrics,FEDERAL_BASELINE_OR_CDS,https://collegescorecard.ed.gov/school/?225511,LATEST_FEDERAL_AVAILABLE_AS_OF_2026-09-13,2026-09-14,,CURRENT_OR_LATEST_AVAILABLE,MEDIUM,Batch 1 provenance. Preserve source cycle separately; do not imply all values are from the same academic year.
university-of-houston,ADMISSIONS,test_policy_2026_27,FAIRTEST_OR_OFFICIAL,https://uh.edu/undergraduate-admissions/apply/freshman/,2026-27,2026-09-14,2026-09-14,CURRENT_OR_LATEST_AVAILABLE,HIGH,Batch 1 provenance. Preserve source cycle separately; do not imply all values are from the same academic year.
university-of-south-florida,IDENTITY,institution_identity,FEDERAL_BASELINE_OR_COLLEGEDATA,https://collegescorecard.ed.gov/school/?137351,LATEST_FEDERAL_AVAILABLE_AS_OF_2026-09-13,2026-09-14,,CURRENT_OR_LATEST_AVAILABLE,HIGH,Batch 1 provenance. Preserve source cycle separately; do not imply all values are from the same academic year.
university-of-south-florida,ADMISSIONS,core_metrics,FEDERAL_BASELINE_OR_CDS,https://collegescorecard.ed.gov/school/?137351,LATEST_FEDERAL_AVAILABLE_AS_OF_2026-09-13,2026-09-14,,CURRENT_OR_LATEST_AVAILABLE,MEDIUM,Batch 1 provenance. Preserve source cycle separately; do not imply all values are from the same academic year.
university-of-south-florida,ADMISSIONS,test_policy_2026_27,FAIRTEST_OR_OFFICIAL,https://fairtest.org/test-optional-list/,2026-27,2026-09-14,2026-09-14,CURRENT_OR_LATEST_AVAILABLE,HIGH,Batch 1 provenance. Preserve source cycle separately; do not imply all values are from the same academic year.
university-of-central-florida,IDENTITY,institution_identity,FEDERAL_BASELINE_OR_COLLEGEDATA,https://collegescorecard.ed.gov/school/?132903,LATEST_FEDERAL_AVAILABLE_AS_OF_2026-09-13,2026-09-14,,CURRENT_OR_LATEST_AVAILABLE,HIGH,Batch 1 provenance. Preserve source cycle separately; do not imply all values are from the same academic year.
university-of-central-florida,ADMISSIONS,core_metrics,FEDERAL_BASELINE_OR_CDS,https://collegescorecard.ed.gov/school/?132903,LATEST_FEDERAL_AVAILABLE_AS_OF_2026-09-13,2026-09-14,,CURRENT_OR_LATEST_AVAILABLE,MEDIUM,Batch 1 provenance. Preserve source cycle separately; do not imply all values are from the same academic year.
university-of-central-florida,ADMISSIONS,test_policy_2026_27,FAIRTEST_OR_OFFICIAL,https://fairtest.org/test-optional-list/,2026-27,2026-09-14,2026-09-14,CURRENT_OR_LATEST_AVAILABLE,HIGH,Batch 1 provenance. Preserve source cycle separately; do not imply all values are from the same academic year.
florida-international-university,IDENTITY,institution_identity,FEDERAL_BASELINE_OR_COLLEGEDATA,https://collegescorecard.ed.gov/school/?133951,LATEST_FEDERAL_AVAILABLE_AS_OF_2026-09-13,2026-09-14,,CURRENT_OR_LATEST_AVAILABLE,HIGH,Batch 1 provenance. Preserve source cycle separately; do not imply all values are from the same academic year.
florida-international-university,ADMISSIONS,core_metrics,FEDERAL_BASELINE_OR_CDS,https://collegescorecard.ed.gov/school/?133951,LATEST_FEDERAL_AVAILABLE_AS_OF_2026-09-13,2026-09-14,,CURRENT_OR_LATEST_AVAILABLE,MEDIUM,Batch 1 provenance. Preserve source cycle separately; do not imply all values are from the same academic year.
florida-international-university,ADMISSIONS,test_policy_2026_27,FAIRTEST_OR_OFFICIAL,https://fairtest.org/test-optional-list/,2026-27,2026-09-14,2026-09-14,CURRENT_OR_LATEST_AVAILABLE,HIGH,Batch 1 provenance. Preserve source cycle separately; do not imply all values are from the same academic year.
florida-atlantic-university,IDENTITY,institution_identity,FEDERAL_BASELINE_OR_COLLEGEDATA,https://collegescorecard.ed.gov/school/?133669,LATEST_FEDERAL_AVAILABLE_AS_OF_2026-09-13,2026-09-14,,CURRENT_OR_LATEST_AVAILABLE,HIGH,Batch 1 provenance. Preserve source cycle separately; do not imply all values are from the same academic year.
florida-atlantic-university,ADMISSIONS,core_metrics,FEDERAL_BASELINE_OR_CDS,https://collegescorecard.ed.gov/school/?133669,LATEST_FEDERAL_AVAILABLE_AS_OF_2026-09-13,2026-09-14,,CURRENT_OR_LATEST_AVAILABLE,MEDIUM,Batch 1 provenance. Preserve source cycle separately; do not imply all values are from the same academic year.
florida-atlantic-university,ADMISSIONS,test_policy_2026_27,FAIRTEST_OR_OFFICIAL,https://fairtest.org/test-optional-list/,2026-27,2026-09-14,2026-09-14,CURRENT_OR_LATEST_AVAILABLE,HIGH,Batch 1 provenance. Preserve source cycle separately; do not imply all values are from the same academic year.
george-mason-university,IDENTITY,institution_identity,FEDERAL_BASELINE_OR_COLLEGEDATA,https://collegescorecard.ed.gov/school/?232186,LATEST_FEDERAL_AVAILABLE_AS_OF_2026-09-13,2026-09-14,,CURRENT_OR_LATEST_AVAILABLE,HIGH,Batch 1 provenance. Preserve source cycle separately; do not imply all values are from the same academic year.
george-mason-university,ADMISSIONS,core_metrics,FEDERAL_BASELINE_OR_CDS,https://collegescorecard.ed.gov/school/?232186,LATEST_FEDERAL_AVAILABLE_AS_OF_2026-09-13,2026-09-14,,CURRENT_OR_LATEST_AVAILABLE,MEDIUM,Batch 1 provenance. Preserve source cycle separately; do not imply all values are from the same academic year.
george-mason-university,ADMISSIONS,test_policy_2026_27,FAIRTEST_OR_OFFICIAL,https://www.gmu.edu/freshman/requirements/score-optional,2026-27,2026-09-14,2026-09-14,CURRENT_OR_LATEST_AVAILABLE,HIGH,Batch 1 provenance. Preserve source cycle separately; do not imply all values are from the same academic year.
virginia-commonwealth-university,IDENTITY,institution_identity,FEDERAL_BASELINE_OR_COLLEGEDATA,https://collegescorecard.ed.gov/school/?234030,LATEST_FEDERAL_AVAILABLE_AS_OF_2026-09-13,2026-09-14,,CURRENT_OR_LATEST_AVAILABLE,HIGH,Batch 1 provenance. Preserve source cycle separately; do not imply all values are from the same academic year.
virginia-commonwealth-university,ADMISSIONS,core_metrics,FEDERAL_BASELINE_OR_CDS,https://collegescorecard.ed.gov/school/?234030,LATEST_FEDERAL_AVAILABLE_AS_OF_2026-09-13,2026-09-14,,CURRENT_OR_LATEST_AVAILABLE,MEDIUM,Batch 1 provenance. Preserve source cycle separately; do not imply all values are from the same academic year.
virginia-commonwealth-university,ADMISSIONS,test_policy_2026_27,FAIRTEST_OR_OFFICIAL,https://fairtest.org/test-optional-list/,2026-27,2026-09-14,2026-09-14,CURRENT_OR_LATEST_AVAILABLE,HIGH,Batch 1 provenance. Preserve source cycle separately; do not imply all values are from the same academic year.
james-madison-university,IDENTITY,institution_identity,FEDERAL_BASELINE_OR_COLLEGEDATA,https://collegescorecard.ed.gov/school/?232423,LATEST_FEDERAL_AVAILABLE_AS_OF_2026-09-13,2026-09-14,,CURRENT_OR_LATEST_AVAILABLE,HIGH,Batch 1 provenance. Preserve source cycle separately; do not imply all values are from the same academic year.
james-madison-university,ADMISSIONS,core_metrics,FEDERAL_BASELINE_OR_CDS,https://collegescorecard.ed.gov/school/?232423,LATEST_FEDERAL_AVAILABLE_AS_OF_2026-09-13,2026-09-14,,CURRENT_OR_LATEST_AVAILABLE,MEDIUM,Batch 1 provenance. Preserve source cycle separately; do not imply all values are from the same academic year.
james-madison-university,ADMISSIONS,test_policy_2026_27,FAIRTEST_OR_OFFICIAL,https://fairtest.org/test-optional-list/,2026-27,2026-09-14,2026-09-14,CURRENT_OR_LATEST_AVAILABLE,HIGH,Batch 1 provenance. Preserve source cycle separately; do not imply all values are from the same academic year.
university-of-north-carolina-at-charlotte,IDENTITY,institution_identity,FEDERAL_BASELINE_OR_COLLEGEDATA,https://collegescorecard.ed.gov/school/?199139,LATEST_FEDERAL_AVAILABLE_AS_OF_2026-09-13,2026-09-14,,CURRENT_OR_LATEST_AVAILABLE,HIGH,Batch 1 provenance. Preserve source cycle separately; do not imply all values are from the same academic year.
university-of-north-carolina-at-charlotte,ADMISSIONS,core_metrics,FEDERAL_BASELINE_OR_CDS,https://collegescorecard.ed.gov/school/?199139,LATEST_FEDERAL_AVAILABLE_AS_OF_2026-09-13,2026-09-14,,CURRENT_OR_LATEST_AVAILABLE,MEDIUM,Batch 1 provenance. Preserve source cycle separately; do not imply all values are from the same academic year.
university-of-north-carolina-at-charlotte,ADMISSIONS,test_policy_2026_27,FAIRTEST_OR_OFFICIAL,https://www.northcarolina.edu/students/admission/,2026-27,2026-09-14,2026-09-14,CURRENT_OR_LATEST_AVAILABLE,HIGH,Batch 1 provenance. Preserve source cycle separately; do not imply all values are from the same academic year.
university-of-north-carolina-wilmington,IDENTITY,institution_identity,FEDERAL_BASELINE_OR_COLLEGEDATA,https://collegescorecard.ed.gov/school/?199218,LATEST_FEDERAL_AVAILABLE_AS_OF_2026-09-13,2026-09-14,,CURRENT_OR_LATEST_AVAILABLE,HIGH,Batch 1 provenance. Preserve source cycle separately; do not imply all values are from the same academic year.
university-of-north-carolina-wilmington,ADMISSIONS,core_metrics,FEDERAL_BASELINE_OR_CDS,https://collegescorecard.ed.gov/school/?199218,LATEST_FEDERAL_AVAILABLE_AS_OF_2026-09-13,2026-09-14,,CURRENT_OR_LATEST_AVAILABLE,MEDIUM,Batch 1 provenance. Preserve source cycle separately; do not imply all values are from the same academic year.
university-of-north-carolina-wilmington,ADMISSIONS,test_policy_2026_27,FAIRTEST_OR_OFFICIAL,https://www.northcarolina.edu/students/admission/,2026-27,2026-09-14,2026-09-14,CURRENT_OR_LATEST_AVAILABLE,HIGH,Batch 1 provenance. Preserve source cycle separately; do not imply all values are from the same academic year.
san-diego-state-university,IDENTITY,institution_identity,FEDERAL_BASELINE_OR_COLLEGEDATA,https://collegescorecard.ed.gov/school/?122409,LATEST_FEDERAL_AVAILABLE_AS_OF_2026-09-13,2026-09-14,,CURRENT_OR_LATEST_AVAILABLE,HIGH,Batch 1 provenance. Preserve source cycle separately; do not imply all values are from the same academic year.
san-diego-state-university,ADMISSIONS,core_metrics,FEDERAL_BASELINE_OR_CDS,https://collegescorecard.ed.gov/school/?122409,LATEST_FEDERAL_AVAILABLE_AS_OF_2026-09-13,2026-09-14,,CURRENT_OR_LATEST_AVAILABLE,MEDIUM,Batch 1 provenance. Preserve source cycle separately; do not imply all values are from the same academic year.
san-diego-state-university,ADMISSIONS,test_policy_2026_27,FAIRTEST_OR_OFFICIAL,https://fairtest.org/test-optional-list/,2026-27,2026-09-14,2026-09-14,CURRENT_OR_LATEST_AVAILABLE,HIGH,Batch 1 provenance. Preserve source cycle separately; do not imply all values are from the same academic year.
california-polytechnic-state-university-san-luis-obispo,IDENTITY,institution_identity,FEDERAL_BASELINE_OR_COLLEGEDATA,https://collegescorecard.ed.gov/school/?110422,LATEST_FEDERAL_AVAILABLE_AS_OF_2026-09-13,2026-09-14,,CURRENT_OR_LATEST_AVAILABLE,HIGH,Batch 1 provenance. Preserve source cycle separately; do not imply all values are from the same academic year.
california-polytechnic-state-university-san-luis-obispo,ADMISSIONS,core_metrics,FEDERAL_BASELINE_OR_CDS,https://collegescorecard.ed.gov/school/?110422,LATEST_FEDERAL_AVAILABLE_AS_OF_2026-09-13,2026-09-14,,CURRENT_OR_LATEST_AVAILABLE,MEDIUM,Batch 1 provenance. Preserve source cycle separately; do not imply all values are from the same academic year.
california-polytechnic-state-university-san-luis-obispo,ADMISSIONS,test_policy_2026_27,FAIRTEST_OR_OFFICIAL,https://www.calstate.edu/apply/freshman/getting_into_the_csu/pages/testing-requirements.aspx,2026-27,2026-09-14,2026-09-14,CURRENT_OR_LATEST_AVAILABLE,HIGH,Batch 1 provenance. Preserve source cycle separately; do not imply all values are from the same academic year.
san-jose-state-university,IDENTITY,institution_identity,FEDERAL_BASELINE_OR_COLLEGEDATA,https://collegescorecard.ed.gov/school/?122755,LATEST_FEDERAL_AVAILABLE_AS_OF_2026-09-13,2026-09-14,,CURRENT_OR_LATEST_AVAILABLE,HIGH,Batch 1 provenance. Preserve source cycle separately; do not imply all values are from the same academic year.
san-jose-state-university,ADMISSIONS,core_metrics,FEDERAL_BASELINE_OR_CDS,https://collegescorecard.ed.gov/school/?122755,LATEST_FEDERAL_AVAILABLE_AS_OF_2026-09-13,2026-09-14,,CURRENT_OR_LATEST_AVAILABLE,MEDIUM,Batch 1 provenance. Preserve source cycle separately; do not imply all values are from the same academic year.
san-jose-state-university,ADMISSIONS,test_policy_2026_27,FAIRTEST_OR_OFFICIAL,https://fairtest.org/test-optional-list/,2026-27,2026-09-14,2026-09-14,CURRENT_OR_LATEST_AVAILABLE,HIGH,Batch 1 provenance. Preserve source cycle separately; do not imply all values are from the same academic year.
california-state-university-long-beach,IDENTITY,institution_identity,FEDERAL_BASELINE_OR_COLLEGEDATA,https://collegescorecard.ed.gov/school/?110583,LATEST_FEDERAL_AVAILABLE_AS_OF_2026-09-13,2026-09-14,,CURRENT_OR_LATEST_AVAILABLE,HIGH,Batch 1 provenance. Preserve source cycle separately; do not imply all values are from the same academic year.
california-state-university-long-beach,ADMISSIONS,core_metrics,FEDERAL_BASELINE_OR_CDS,https://collegescorecard.ed.gov/school/?110583,LATEST_FEDERAL_AVAILABLE_AS_OF_2026-09-13,2026-09-14,,CURRENT_OR_LATEST_AVAILABLE,MEDIUM,Batch 1 provenance. Preserve source cycle separately; do not imply all values are from the same academic year.
california-state-university-long-beach,ADMISSIONS,test_policy_2026_27,FAIRTEST_OR_OFFICIAL,https://www.calstate.edu/apply/freshman/getting_into_the_csu/pages/testing-requirements.aspx,2026-27,2026-09-14,2026-09-14,CURRENT_OR_LATEST_AVAILABLE,HIGH,Batch 1 provenance. Preserve source cycle separately; do not imply all values are from the same academic year.
california-state-university-fullerton,IDENTITY,institution_identity,FEDERAL_BASELINE_OR_COLLEGEDATA,https://collegescorecard.ed.gov/school/?110565,LATEST_FEDERAL_AVAILABLE_AS_OF_2026-09-13,2026-09-14,,CURRENT_OR_LATEST_AVAILABLE,HIGH,Batch 1 provenance. Preserve source cycle separately; do not imply all values are from the same academic year.
california-state-university-fullerton,ADMISSIONS,core_metrics,FEDERAL_BASELINE_OR_CDS,https://collegescorecard.ed.gov/school/?110565,LATEST_FEDERAL_AVAILABLE_AS_OF_2026-09-13,2026-09-14,,CURRENT_OR_LATEST_AVAILABLE,MEDIUM,Batch 1 provenance. Preserve source cycle separately; do not imply all values are from the same academic year.
california-state-university-fullerton,ADMISSIONS,test_policy_2026_27,FAIRTEST_OR_OFFICIAL,https://www.calstate.edu/apply/freshman/getting_into_the_csu/pages/testing-requirements.aspx,2026-27,2026-09-14,2026-09-14,CURRENT_OR_LATEST_AVAILABLE,HIGH,Batch 1 provenance. Preserve source cycle separately; do not imply all values are from the same academic year.
university-of-california-merced,IDENTITY,institution_identity,FEDERAL_BASELINE_OR_COLLEGEDATA,https://collegescorecard.ed.gov/school/?445188,LATEST_FEDERAL_AVAILABLE_AS_OF_2026-09-13,2026-09-14,,CURRENT_OR_LATEST_AVAILABLE,HIGH,Batch 1 provenance. Preserve source cycle separately; do not imply all values are from the same academic year.
university-of-california-merced,ADMISSIONS,core_metrics,FEDERAL_BASELINE_OR_CDS,https://collegescorecard.ed.gov/school/?445188,LATEST_FEDERAL_AVAILABLE_AS_OF_2026-09-13,2026-09-14,,CURRENT_OR_LATEST_AVAILABLE,MEDIUM,Batch 1 provenance. Preserve source cycle separately; do not imply all values are from the same academic year.
university-of-california-merced,ADMISSIONS,test_policy_2026_27,FAIRTEST_OR_OFFICIAL,https://fairtest.org/test-optional-list/,2026-27,2026-09-14,2026-09-14,CURRENT_OR_LATEST_AVAILABLE,HIGH,Batch 1 provenance. Preserve source cycle separately; do not imply all values are from the same academic year.
loyola-marymount-university,IDENTITY,institution_identity,FEDERAL_BASELINE_OR_COLLEGEDATA,https://collegescorecard.ed.gov/school/?117946,LATEST_FEDERAL_AVAILABLE_AS_OF_2026-09-13,2026-09-14,,CURRENT_OR_LATEST_AVAILABLE,HIGH,Batch 1 provenance. Preserve source cycle separately; do not imply all values are from the same academic year.
loyola-marymount-university,ADMISSIONS,core_metrics,FEDERAL_BASELINE_OR_CDS,https://collegescorecard.ed.gov/school/?117946,LATEST_FEDERAL_AVAILABLE_AS_OF_2026-09-13,2026-09-14,,CURRENT_OR_LATEST_AVAILABLE,MEDIUM,Batch 1 provenance. Preserve source cycle separately; do not imply all values are from the same academic year.
loyola-marymount-university,ADMISSIONS,test_policy_2026_27,FAIRTEST_OR_OFFICIAL,https://admission.lmu.edu/learnmore/prospectivestudents/frequentlyaskedquestions/,2026-27,2026-09-14,2026-09-14,CURRENT_OR_LATEST_AVAILABLE,HIGH,Batch 1 provenance. Preserve source cycle separately; do not imply all values are from the same academic year.
university-of-san-francisco,IDENTITY,institution_identity,FEDERAL_BASELINE_OR_COLLEGEDATA,https://collegescorecard.ed.gov/school/?122612,LATEST_FEDERAL_AVAILABLE_AS_OF_2026-09-13,2026-09-14,,CURRENT_OR_LATEST_AVAILABLE,HIGH,Batch 1 provenance. Preserve source cycle separately; do not imply all values are from the same academic year.
university-of-san-francisco,ADMISSIONS,core_metrics,FEDERAL_BASELINE_OR_CDS,https://collegescorecard.ed.gov/school/?122612,LATEST_FEDERAL_AVAILABLE_AS_OF_2026-09-13,2026-09-14,,CURRENT_OR_LATEST_AVAILABLE,MEDIUM,Batch 1 provenance. Preserve source cycle separately; do not imply all values are from the same academic year.
university-of-san-francisco,ADMISSIONS,test_policy_2026_27,FAIRTEST_OR_OFFICIAL,https://www.usfca.edu/admission/undergraduate/test-optional,2026-27,2026-09-14,2026-09-14,CURRENT_OR_LATEST_AVAILABLE,HIGH,Batch 1 provenance. Preserve source cycle separately; do not imply all values are from the same academic year.
chapman-university,IDENTITY,institution_identity,FEDERAL_BASELINE_OR_COLLEGEDATA,https://collegescorecard.ed.gov/school/?111948,LATEST_FEDERAL_AVAILABLE_AS_OF_2026-09-13,2026-09-14,,CURRENT_OR_LATEST_AVAILABLE,HIGH,Batch 1 provenance. Preserve source cycle separately; do not imply all values are from the same academic year.
chapman-university,ADMISSIONS,core_metrics,FEDERAL_BASELINE_OR_CDS,https://collegescorecard.ed.gov/school/?111948,LATEST_FEDERAL_AVAILABLE_AS_OF_2026-09-13,2026-09-14,,CURRENT_OR_LATEST_AVAILABLE,MEDIUM,Batch 1 provenance. Preserve source cycle separately; do not imply all values are from the same academic year.
chapman-university,ADMISSIONS,test_policy_2026_27,FAIRTEST_OR_OFFICIAL,https://www.chapman.edu/admission/undergraduate/how-to-apply/test-optional.aspx,2026-27,2026-09-14,2026-09-14,CURRENT_OR_LATEST_AVAILABLE,HIGH,Batch 1 provenance. Preserve source cycle separately; do not imply all values are from the same academic year.
university-of-denver,IDENTITY,institution_identity,FEDERAL_BASELINE_OR_COLLEGEDATA,https://collegescorecard.ed.gov/school/?127060,LATEST_FEDERAL_AVAILABLE_AS_OF_2026-09-13,2026-09-14,,CURRENT_OR_LATEST_AVAILABLE,HIGH,Batch 1 provenance. Preserve source cycle separately; do not imply all values are from the same academic year.
university-of-denver,ADMISSIONS,core_metrics,FEDERAL_BASELINE_OR_CDS,https://collegescorecard.ed.gov/school/?127060,LATEST_FEDERAL_AVAILABLE_AS_OF_2026-09-13,2026-09-14,,CURRENT_OR_LATEST_AVAILABLE,MEDIUM,Batch 1 provenance. Preserve source cycle separately; do not imply all values are from the same academic year.
university-of-denver,ADMISSIONS,test_policy_2026_27,FAIRTEST_OR_OFFICIAL,https://fairtest.org/test-optional-list/,2026-27,2026-09-14,2026-09-14,CURRENT_OR_LATEST_AVAILABLE,HIGH,Batch 1 provenance. Preserve source cycle separately; do not imply all values are from the same academic year.
gonzaga-university,IDENTITY,institution_identity,FEDERAL_BASELINE_OR_COLLEGEDATA,https://collegescorecard.ed.gov/school/?235316,LATEST_FEDERAL_AVAILABLE_AS_OF_2026-09-13,2026-09-14,,CURRENT_OR_LATEST_AVAILABLE,HIGH,Batch 1 provenance. Preserve source cycle separately; do not imply all values are from the same academic year.
gonzaga-university,ADMISSIONS,core_metrics,FEDERAL_BASELINE_OR_CDS,https://collegescorecard.ed.gov/school/?235316,LATEST_FEDERAL_AVAILABLE_AS_OF_2026-09-13,2026-09-14,,CURRENT_OR_LATEST_AVAILABLE,MEDIUM,Batch 1 provenance. Preserve source cycle separately; do not imply all values are from the same academic year.
gonzaga-university,ADMISSIONS,test_policy_2026_27,FAIRTEST_OR_OFFICIAL,https://fairtest.org/test-optional-list/,2026-27,2026-09-14,2026-09-14,CURRENT_OR_LATEST_AVAILABLE,HIGH,Batch 1 provenance. Preserve source cycle separately; do not imply all values are from the same academic year.
seattle-university,IDENTITY,institution_identity,FEDERAL_BASELINE_OR_COLLEGEDATA,https://collegescorecard.ed.gov/school/?236595,LATEST_FEDERAL_AVAILABLE_AS_OF_2026-09-13,2026-09-14,,CURRENT_OR_LATEST_AVAILABLE,HIGH,Batch 1 provenance. Preserve source cycle separately; do not imply all values are from the same academic year.
seattle-university,ADMISSIONS,core_metrics,FEDERAL_BASELINE_OR_CDS,https://collegescorecard.ed.gov/school/?236595,LATEST_FEDERAL_AVAILABLE_AS_OF_2026-09-13,2026-09-14,,CURRENT_OR_LATEST_AVAILABLE,MEDIUM,Batch 1 provenance. Preserve source cycle separately; do not imply all values are from the same academic year.
seattle-university,ADMISSIONS,test_policy_2026_27,FAIRTEST_OR_OFFICIAL,https://www.seattleu.edu/undergraduate-admissions/apply/freshman/requirements/sat-and-act-exams/test-optional-admissions,2026-27,2026-09-14,2026-09-14,CURRENT_OR_LATEST_AVAILABLE,HIGH,Batch 1 provenance. Preserve source cycle separately; do not imply all values are from the same academic year.
university-of-portland,IDENTITY,institution_identity,FEDERAL_BASELINE_OR_COLLEGEDATA,https://collegescorecard.ed.gov/school/?209825,LATEST_FEDERAL_AVAILABLE_AS_OF_2026-09-13,2026-09-14,,CURRENT_OR_LATEST_AVAILABLE,HIGH,Batch 1 provenance. Preserve source cycle separately; do not imply all values are from the same academic year.
university-of-portland,ADMISSIONS,core_metrics,FEDERAL_BASELINE_OR_CDS,https://collegescorecard.ed.gov/school/?209825,LATEST_FEDERAL_AVAILABLE_AS_OF_2026-09-13,2026-09-14,,CURRENT_OR_LATEST_AVAILABLE,MEDIUM,Batch 1 provenance. Preserve source cycle separately; do not imply all values are from the same academic year.
university-of-portland,ADMISSIONS,test_policy_2026_27,FAIRTEST_OR_OFFICIAL,https://www.up.edu/admissions-aid/first-year-students/index.html,2026-27,2026-09-14,2026-09-14,CURRENT_OR_LATEST_AVAILABLE,HIGH,Batch 1 provenance. Preserve source cycle separately; do not imply all values are from the same academic year.
williams-college,IDENTITY,institution_identity,FEDERAL_BASELINE_OR_COLLEGEDATA,https://collegescorecard.ed.gov/school/?168342,LATEST_FEDERAL_AVAILABLE_AS_OF_2026-09-13,2026-09-14,,CURRENT_OR_LATEST_AVAILABLE,HIGH,Batch 1 provenance. Preserve source cycle separately; do not imply all values are from the same academic year.
williams-college,ADMISSIONS,core_metrics,FEDERAL_BASELINE_OR_CDS,https://collegescorecard.ed.gov/school/?168342,LATEST_FEDERAL_AVAILABLE_AS_OF_2026-09-13,2026-09-14,,CURRENT_OR_LATEST_AVAILABLE,MEDIUM,Batch 1 provenance. Preserve source cycle separately; do not imply all values are from the same academic year.
williams-college,ADMISSIONS,test_policy_2026_27,FAIRTEST_OR_OFFICIAL,https://hub.williams.edu/institutional-research/files/2026/04/Williams-CDS-2025-2026-V2.pdf,2026-27,2026-09-14,2026-09-14,CURRENT_OR_LATEST_AVAILABLE,HIGH,Batch 1 provenance. Preserve source cycle separately; do not imply all values are from the same academic year.
amherst-college,IDENTITY,institution_identity,FEDERAL_BASELINE_OR_COLLEGEDATA,https://collegescorecard.ed.gov/school/?164465,LATEST_FEDERAL_AVAILABLE_AS_OF_2026-09-13,2026-09-14,,CURRENT_OR_LATEST_AVAILABLE,HIGH,Batch 1 provenance. Preserve source cycle separately; do not imply all values are from the same academic year.
amherst-college,ADMISSIONS,core_metrics,FEDERAL_BASELINE_OR_CDS,https://collegescorecard.ed.gov/school/?164465,LATEST_FEDERAL_AVAILABLE_AS_OF_2026-09-13,2026-09-14,,CURRENT_OR_LATEST_AVAILABLE,MEDIUM,Batch 1 provenance. Preserve source cycle separately; do not imply all values are from the same academic year.
amherst-college,ADMISSIONS,test_policy_2026_27,FAIRTEST_OR_OFFICIAL,https://www.amherst.edu/admission/apply/firstyear/testing,2026-27,2026-09-14,2026-09-14,CURRENT_OR_LATEST_AVAILABLE,HIGH,Batch 1 provenance. Preserve source cycle separately; do not imply all values are from the same academic year.
amherst-college,FINANCIAL_AID,international_aid_policy,OFFICIAL,https://www.amherst.edu/admission/financial_aid/international,CURRENT,2026-09-14,2026-09-14,CURRENT_OR_LATEST_AVAILABLE,HIGH,Batch 1 provenance. Preserve source cycle separately; do not imply all values are from the same academic year.
swarthmore-college,IDENTITY,institution_identity,FEDERAL_BASELINE_OR_COLLEGEDATA,https://collegescorecard.ed.gov/school/?216287,LATEST_FEDERAL_AVAILABLE_AS_OF_2026-09-13,2026-09-14,,CURRENT_OR_LATEST_AVAILABLE,HIGH,Batch 1 provenance. Preserve source cycle separately; do not imply all values are from the same academic year.
swarthmore-college,ADMISSIONS,core_metrics,FEDERAL_BASELINE_OR_CDS,https://collegescorecard.ed.gov/school/?216287,LATEST_FEDERAL_AVAILABLE_AS_OF_2026-09-13,2026-09-14,,CURRENT_OR_LATEST_AVAILABLE,MEDIUM,Batch 1 provenance. Preserve source cycle separately; do not imply all values are from the same academic year.
swarthmore-college,ADMISSIONS,test_policy_2026_27,FAIRTEST_OR_OFFICIAL,https://swarthmorephoenix.com/2025/11/20/swarthmore-continues-test-optional-policy-2/,2026-27,2026-09-14,2026-09-14,CURRENT_OR_LATEST_AVAILABLE,HIGH,Batch 1 provenance. Preserve source cycle separately; do not imply all values are from the same academic year.
pomona-college,IDENTITY,institution_identity,FEDERAL_BASELINE_OR_COLLEGEDATA,https://collegescorecard.ed.gov/school/?121345,LATEST_FEDERAL_AVAILABLE_AS_OF_2026-09-13,2026-09-14,,CURRENT_OR_LATEST_AVAILABLE,HIGH,Batch 1 provenance. Preserve source cycle separately; do not imply all values are from the same academic year.
pomona-college,ADMISSIONS,core_metrics,FEDERAL_BASELINE_OR_CDS,https://collegescorecard.ed.gov/school/?121345,LATEST_FEDERAL_AVAILABLE_AS_OF_2026-09-13,2026-09-14,,CURRENT_OR_LATEST_AVAILABLE,MEDIUM,Batch 1 provenance. Preserve source cycle separately; do not imply all values are from the same academic year.
pomona-college,ADMISSIONS,test_policy_2026_27,FAIRTEST_OR_OFFICIAL,https://www.pomona.edu/news/2023/11/15-pomona-college-makes-test-optional-admissions-policy-permanent,2026-27,2026-09-14,2026-09-14,CURRENT_OR_LATEST_AVAILABLE,HIGH,Batch 1 provenance. Preserve source cycle separately; do not imply all values are from the same academic year.
wellesley-college,IDENTITY,institution_identity,FEDERAL_BASELINE_OR_COLLEGEDATA,https://collegescorecard.ed.gov/school/?168218,LATEST_FEDERAL_AVAILABLE_AS_OF_2026-09-13,2026-09-14,,CURRENT_OR_LATEST_AVAILABLE,HIGH,Batch 1 provenance. Preserve source cycle separately; do not imply all values are from the same academic year.
wellesley-college,ADMISSIONS,core_metrics,FEDERAL_BASELINE_OR_CDS,https://collegescorecard.ed.gov/school/?168218,LATEST_FEDERAL_AVAILABLE_AS_OF_2026-09-13,2026-09-14,,CURRENT_OR_LATEST_AVAILABLE,MEDIUM,Batch 1 provenance. Preserve source cycle separately; do not imply all values are from the same academic year.
wellesley-college,ADMISSIONS,test_policy_2026_27,FAIRTEST_OR_OFFICIAL,https://www.wellesley.edu/admission-aid/apply,2026-27,2026-09-14,2026-09-14,CURRENT_OR_LATEST_AVAILABLE,HIGH,Batch 1 provenance. Preserve source cycle separately; do not imply all values are from the same academic year.
bowdoin-college,IDENTITY,institution_identity,FEDERAL_BASELINE_OR_COLLEGEDATA,https://collegescorecard.ed.gov/school/?161004,LATEST_FEDERAL_AVAILABLE_AS_OF_2026-09-13,2026-09-14,,CURRENT_OR_LATEST_AVAILABLE,HIGH,Batch 1 provenance. Preserve source cycle separately; do not imply all values are from the same academic year.
bowdoin-college,ADMISSIONS,core_metrics,FEDERAL_BASELINE_OR_CDS,https://collegescorecard.ed.gov/school/?161004,LATEST_FEDERAL_AVAILABLE_AS_OF_2026-09-13,2026-09-14,,CURRENT_OR_LATEST_AVAILABLE,MEDIUM,Batch 1 provenance. Preserve source cycle separately; do not imply all values are from the same academic year.
bowdoin-college,ADMISSIONS,test_policy_2026_27,FAIRTEST_OR_OFFICIAL,https://www.bowdoin.edu/admissions/our-process/test-optional-policy/index.html,2026-27,2026-09-14,2026-09-14,CURRENT_OR_LATEST_AVAILABLE,HIGH,Batch 1 provenance. Preserve source cycle separately; do not imply all values are from the same academic year.
bowdoin-college,FINANCIAL_AID,international_aid_policy,OFFICIAL,https://www.bowdoin.edu/admissions/apply/international-students/,CURRENT,2026-09-14,2026-09-14,CURRENT_OR_LATEST_AVAILABLE,HIGH,Batch 1 provenance. Preserve source cycle separately; do not imply all values are from the same academic year.
claremont-mckenna-college,IDENTITY,institution_identity,FEDERAL_BASELINE_OR_COLLEGEDATA,https://collegescorecard.ed.gov/school/?112260,LATEST_FEDERAL_AVAILABLE_AS_OF_2026-09-13,2026-09-14,,CURRENT_OR_LATEST_AVAILABLE,HIGH,Batch 1 provenance. Preserve source cycle separately; do not imply all values are from the same academic year.
claremont-mckenna-college,ADMISSIONS,core_metrics,FEDERAL_BASELINE_OR_CDS,https://collegescorecard.ed.gov/school/?112260,LATEST_FEDERAL_AVAILABLE_AS_OF_2026-09-13,2026-09-14,,CURRENT_OR_LATEST_AVAILABLE,MEDIUM,Batch 1 provenance. Preserve source cycle separately; do not imply all values are from the same academic year.
claremont-mckenna-college,ADMISSIONS,test_policy_2026_27,FAIRTEST_OR_OFFICIAL,https://www.cmc.edu/admission/first-year-application-instructions#collapse-792,2026-27,2026-09-14,2026-09-14,CURRENT_OR_LATEST_AVAILABLE,HIGH,Batch 1 provenance. Preserve source cycle separately; do not imply all values are from the same academic year.
carleton-college,IDENTITY,institution_identity,FEDERAL_BASELINE_OR_COLLEGEDATA,https://collegescorecard.ed.gov/school/?173258,LATEST_FEDERAL_AVAILABLE_AS_OF_2026-09-13,2026-09-14,,CURRENT_OR_LATEST_AVAILABLE,HIGH,Batch 1 provenance. Preserve source cycle separately; do not imply all values are from the same academic year.
carleton-college,ADMISSIONS,core_metrics,FEDERAL_BASELINE_OR_CDS,https://collegescorecard.ed.gov/school/?173258,LATEST_FEDERAL_AVAILABLE_AS_OF_2026-09-13,2026-09-14,,CURRENT_OR_LATEST_AVAILABLE,MEDIUM,Batch 1 provenance. Preserve source cycle separately; do not imply all values are from the same academic year.
carleton-college,ADMISSIONS,test_policy_2026_27,FAIRTEST_OR_OFFICIAL,https://www.carleton.edu/admissions/apply/steps/criteria/,2026-27,2026-09-14,2026-09-14,CURRENT_OR_LATEST_AVAILABLE,HIGH,Batch 1 provenance. Preserve source cycle separately; do not imply all values are from the same academic year.
middlebury-college,IDENTITY,institution_identity,FEDERAL_BASELINE_OR_COLLEGEDATA,https://collegescorecard.ed.gov/school/?230959,LATEST_FEDERAL_AVAILABLE_AS_OF_2026-09-13,2026-09-14,,CURRENT_OR_LATEST_AVAILABLE,HIGH,Batch 1 provenance. Preserve source cycle separately; do not imply all values are from the same academic year.
middlebury-college,ADMISSIONS,core_metrics,FEDERAL_BASELINE_OR_CDS,https://collegescorecard.ed.gov/school/?230959,LATEST_FEDERAL_AVAILABLE_AS_OF_2026-09-13,2026-09-14,,CURRENT_OR_LATEST_AVAILABLE,MEDIUM,Batch 1 provenance. Preserve source cycle separately; do not imply all values are from the same academic year.
middlebury-college,ADMISSIONS,test_policy_2026_27,FAIRTEST_OR_OFFICIAL,https://www.middlebury.edu/college/admissions/apply/standardized-tests,2026-27,2026-09-14,2026-09-14,CURRENT_OR_LATEST_AVAILABLE,HIGH,Batch 1 provenance. Preserve source cycle separately; do not imply all values are from the same academic year.
barnard-college,IDENTITY,institution_identity,FEDERAL_BASELINE_OR_COLLEGEDATA,https://collegescorecard.ed.gov/school/?189097,LATEST_FEDERAL_AVAILABLE_AS_OF_2026-09-13,2026-09-14,,CURRENT_OR_LATEST_AVAILABLE,HIGH,Batch 1 provenance. Preserve source cycle separately; do not imply all values are from the same academic year.
barnard-college,ADMISSIONS,core_metrics,FEDERAL_BASELINE_OR_CDS,https://collegescorecard.ed.gov/school/?189097,LATEST_FEDERAL_AVAILABLE_AS_OF_2026-09-13,2026-09-14,,CURRENT_OR_LATEST_AVAILABLE,MEDIUM,Batch 1 provenance. Preserve source cycle separately; do not imply all values are from the same academic year.
barnard-college,ADMISSIONS,test_policy_2026_27,FAIRTEST_OR_OFFICIAL,https://barnard.edu/temporary-test-optional-policy-faq,2026-27,2026-09-14,2026-09-14,CURRENT_OR_LATEST_AVAILABLE,HIGH,Batch 1 provenance. Preserve source cycle separately; do not imply all values are from the same academic year.
harvey-mudd-college,IDENTITY,institution_identity,FEDERAL_BASELINE_OR_COLLEGEDATA,https://collegescorecard.ed.gov/school/?115409,LATEST_FEDERAL_AVAILABLE_AS_OF_2026-09-13,2026-09-14,,CURRENT_OR_LATEST_AVAILABLE,HIGH,Batch 1 provenance. Preserve source cycle separately; do not imply all values are from the same academic year.
harvey-mudd-college,ADMISSIONS,core_metrics,FEDERAL_BASELINE_OR_CDS,https://collegescorecard.ed.gov/school/?115409,LATEST_FEDERAL_AVAILABLE_AS_OF_2026-09-13,2026-09-14,,CURRENT_OR_LATEST_AVAILABLE,MEDIUM,Batch 1 provenance. Preserve source cycle separately; do not imply all values are from the same academic year.
harvey-mudd-college,ADMISSIONS,test_policy_2026_27,FAIRTEST_OR_OFFICIAL,https://www.hmc.edu/admission/apply/first-year-students/,2026-27,2026-09-14,2026-09-14,CURRENT_OR_LATEST_AVAILABLE,HIGH,Batch 1 provenance. Preserve source cycle separately; do not imply all values are from the same academic year.
wesleyan-university,IDENTITY,institution_identity,FEDERAL_BASELINE_OR_COLLEGEDATA,https://collegescorecard.ed.gov/school/?130697,LATEST_FEDERAL_AVAILABLE_AS_OF_2026-09-13,2026-09-14,,CURRENT_OR_LATEST_AVAILABLE,HIGH,Batch 1 provenance. Preserve source cycle separately; do not imply all values are from the same academic year.
wesleyan-university,ADMISSIONS,core_metrics,FEDERAL_BASELINE_OR_CDS,https://collegescorecard.ed.gov/school/?130697,LATEST_FEDERAL_AVAILABLE_AS_OF_2026-09-13,2026-09-14,,CURRENT_OR_LATEST_AVAILABLE,MEDIUM,Batch 1 provenance. Preserve source cycle separately; do not imply all values are from the same academic year.
wesleyan-university,ADMISSIONS,test_policy_2026_27,FAIRTEST_OR_OFFICIAL,"https://www.wesleyan.edu/admission/apply/application-process.html#:~:text=Standardized%20Testing%E2%80%94Wesleyan%20does%20not,of%20the%20application%20for%20admission.",2026-27,2026-09-14,2026-09-14,CURRENT_OR_LATEST_AVAILABLE,HIGH,Batch 1 provenance. Preserve source cycle separately; do not imply all values are from the same academic year.
grinnell-college,IDENTITY,institution_identity,FEDERAL_BASELINE_OR_COLLEGEDATA,https://collegescorecard.ed.gov/school/?153384,LATEST_FEDERAL_AVAILABLE_AS_OF_2026-09-13,2026-09-14,,CURRENT_OR_LATEST_AVAILABLE,HIGH,Batch 1 provenance. Preserve source cycle separately; do not imply all values are from the same academic year.
grinnell-college,ADMISSIONS,core_metrics,FEDERAL_BASELINE_OR_CDS,https://collegescorecard.ed.gov/school/?153384,LATEST_FEDERAL_AVAILABLE_AS_OF_2026-09-13,2026-09-14,,CURRENT_OR_LATEST_AVAILABLE,MEDIUM,Batch 1 provenance. Preserve source cycle separately; do not imply all values are from the same academic year.
grinnell-college,ADMISSIONS,test_policy_2026_27,FAIRTEST_OR_OFFICIAL,https://www.grinnell.edu/admission/apply/first-year/requirements#testing,2026-27,2026-09-14,2026-09-14,CURRENT_OR_LATEST_AVAILABLE,HIGH,Batch 1 provenance. Preserve source cycle separately; do not imply all values are from the same academic year.
hamilton-college,IDENTITY,institution_identity,FEDERAL_BASELINE_OR_COLLEGEDATA,https://collegescorecard.ed.gov/school/?191515,LATEST_FEDERAL_AVAILABLE_AS_OF_2026-09-13,2026-09-14,,CURRENT_OR_LATEST_AVAILABLE,HIGH,Batch 1 provenance. Preserve source cycle separately; do not imply all values are from the same academic year.
hamilton-college,ADMISSIONS,core_metrics,FEDERAL_BASELINE_OR_CDS,https://collegescorecard.ed.gov/school/?191515,LATEST_FEDERAL_AVAILABLE_AS_OF_2026-09-13,2026-09-14,,CURRENT_OR_LATEST_AVAILABLE,MEDIUM,Batch 1 provenance. Preserve source cycle separately; do not imply all values are from the same academic year.
hamilton-college,ADMISSIONS,test_policy_2026_27,FAIRTEST_OR_OFFICIAL,https://www.hamilton.edu/admission/apply/testing,2026-27,2026-09-14,2026-09-14,CURRENT_OR_LATEST_AVAILABLE,HIGH,Batch 1 provenance. Preserve source cycle separately; do not imply all values are from the same academic year.
haverford-college,IDENTITY,institution_identity,FEDERAL_BASELINE_OR_COLLEGEDATA,https://collegescorecard.ed.gov/school/?212911,LATEST_FEDERAL_AVAILABLE_AS_OF_2026-09-13,2026-09-14,,CURRENT_OR_LATEST_AVAILABLE,HIGH,Batch 1 provenance. Preserve source cycle separately; do not imply all values are from the same academic year.
haverford-college,ADMISSIONS,core_metrics,FEDERAL_BASELINE_OR_CDS,https://collegescorecard.ed.gov/school/?212911,LATEST_FEDERAL_AVAILABLE_AS_OF_2026-09-13,2026-09-14,,CURRENT_OR_LATEST_AVAILABLE,MEDIUM,Batch 1 provenance. Preserve source cycle separately; do not imply all values are from the same academic year.
haverford-college,ADMISSIONS,test_policy_2026_27,FAIRTEST_OR_OFFICIAL,http://haverfordclerk.com/tried-and-true-haverford-goes-permanently-test-optional/,2026-27,2026-09-14,2026-09-14,CURRENT_OR_LATEST_AVAILABLE,HIGH,Batch 1 provenance. Preserve source cycle separately; do not imply all values are from the same academic year.
smith-college,IDENTITY,institution_identity,FEDERAL_BASELINE_OR_COLLEGEDATA,https://collegescorecard.ed.gov/school/?167835,LATEST_FEDERAL_AVAILABLE_AS_OF_2026-09-13,2026-09-14,,CURRENT_OR_LATEST_AVAILABLE,HIGH,Batch 1 provenance. Preserve source cycle separately; do not imply all values are from the same academic year.
smith-college,ADMISSIONS,core_metrics,FEDERAL_BASELINE_OR_CDS,https://collegescorecard.ed.gov/school/?167835,LATEST_FEDERAL_AVAILABLE_AS_OF_2026-09-13,2026-09-14,,CURRENT_OR_LATEST_AVAILABLE,MEDIUM,Batch 1 provenance. Preserve source cycle separately; do not imply all values are from the same academic year.
smith-college,ADMISSIONS,test_policy_2026_27,FAIRTEST_OR_OFFICIAL,https://fairtest.org/test-optional-list/,2026-27,2026-09-14,2026-09-14,CURRENT_OR_LATEST_AVAILABLE,HIGH,Batch 1 provenance. Preserve source cycle separately; do not imply all values are from the same academic year.
vassar-college,IDENTITY,institution_identity,FEDERAL_BASELINE_OR_COLLEGEDATA,https://collegescorecard.ed.gov/school/?197133,LATEST_FEDERAL_AVAILABLE_AS_OF_2026-09-13,2026-09-14,,CURRENT_OR_LATEST_AVAILABLE,HIGH,Batch 1 provenance. Preserve source cycle separately; do not imply all values are from the same academic year.
vassar-college,ADMISSIONS,core_metrics,FEDERAL_BASELINE_OR_CDS,https://collegescorecard.ed.gov/school/?197133,LATEST_FEDERAL_AVAILABLE_AS_OF_2026-09-13,2026-09-14,,CURRENT_OR_LATEST_AVAILABLE,MEDIUM,Batch 1 provenance. Preserve source cycle separately; do not imply all values are from the same academic year.
vassar-college,ADMISSIONS,test_policy_2026_27,FAIRTEST_OR_OFFICIAL,https://www.vassar.edu/news/vassar-makes-test-optional-policy-permanent-applicants,2026-27,2026-09-14,2026-09-14,CURRENT_OR_LATEST_AVAILABLE,HIGH,Batch 1 provenance. Preserve source cycle separately; do not imply all values are from the same academic year.
colgate-university,IDENTITY,institution_identity,FEDERAL_BASELINE_OR_COLLEGEDATA,https://collegescorecard.ed.gov/school/?190099,LATEST_FEDERAL_AVAILABLE_AS_OF_2026-09-13,2026-09-14,,CURRENT_OR_LATEST_AVAILABLE,HIGH,Batch 1 provenance. Preserve source cycle separately; do not imply all values are from the same academic year.
colgate-university,ADMISSIONS,core_metrics,FEDERAL_BASELINE_OR_CDS,https://collegescorecard.ed.gov/school/?190099,LATEST_FEDERAL_AVAILABLE_AS_OF_2026-09-13,2026-09-14,,CURRENT_OR_LATEST_AVAILABLE,MEDIUM,Batch 1 provenance. Preserve source cycle separately; do not imply all values are from the same academic year.
colgate-university,ADMISSIONS,test_policy_2026_27,FAIRTEST_OR_OFFICIAL,https://www.colgate.edu/news/stories/colgate-remain-test-optional-through-2026,2026-27,2026-09-14,2026-09-14,CURRENT_OR_LATEST_AVAILABLE,HIGH,Batch 1 provenance. Preserve source cycle separately; do not imply all values are from the same academic year.
davidson-college,IDENTITY,institution_identity,FEDERAL_BASELINE_OR_COLLEGEDATA,https://collegescorecard.ed.gov/school/?198385,LATEST_FEDERAL_AVAILABLE_AS_OF_2026-09-13,2026-09-14,,CURRENT_OR_LATEST_AVAILABLE,HIGH,Batch 1 provenance. Preserve source cycle separately; do not imply all values are from the same academic year.
davidson-college,ADMISSIONS,core_metrics,FEDERAL_BASELINE_OR_CDS,https://collegescorecard.ed.gov/school/?198385,LATEST_FEDERAL_AVAILABLE_AS_OF_2026-09-13,2026-09-14,,CURRENT_OR_LATEST_AVAILABLE,MEDIUM,Batch 1 provenance. Preserve source cycle separately; do not imply all values are from the same academic year.
davidson-college,ADMISSIONS,test_policy_2026_27,FAIRTEST_OR_OFFICIAL,https://www.davidson.edu/news/2020/03/30/davidson-college-goes-test-optional-three-year-pilot,2026-27,2026-09-14,2026-09-14,CURRENT_OR_LATEST_AVAILABLE,HIGH,Batch 1 provenance. Preserve source cycle separately; do not imply all values are from the same academic year.
washington-and-lee-university,IDENTITY,institution_identity,FEDERAL_BASELINE_OR_COLLEGEDATA,https://collegescorecard.ed.gov/school/?234207,LATEST_FEDERAL_AVAILABLE_AS_OF_2026-09-13,2026-09-14,,CURRENT_OR_LATEST_AVAILABLE,HIGH,Batch 1 provenance. Preserve source cycle separately; do not imply all values are from the same academic year.
washington-and-lee-university,ADMISSIONS,core_metrics,FEDERAL_BASELINE_OR_CDS,https://collegescorecard.ed.gov/school/?234207,LATEST_FEDERAL_AVAILABLE_AS_OF_2026-09-13,2026-09-14,,CURRENT_OR_LATEST_AVAILABLE,MEDIUM,Batch 1 provenance. Preserve source cycle separately; do not imply all values are from the same academic year.
washington-and-lee-university,ADMISSIONS,test_policy_2026_27,FAIRTEST_OR_OFFICIAL,https://www.wlu.edu/admissions/apply/test-optional-policy,2026-27,2026-09-14,2026-09-14,CURRENT_OR_LATEST_AVAILABLE,HIGH,Batch 1 provenance. Preserve source cycle separately; do not imply all values are from the same academic year.
colby-college,IDENTITY,institution_identity,FEDERAL_BASELINE_OR_COLLEGEDATA,https://collegescorecard.ed.gov/school/?161086,LATEST_FEDERAL_AVAILABLE_AS_OF_2026-09-13,2026-09-14,,CURRENT_OR_LATEST_AVAILABLE,HIGH,Batch 1 provenance. Preserve source cycle separately; do not imply all values are from the same academic year.
colby-college,ADMISSIONS,core_metrics,FEDERAL_BASELINE_OR_CDS,https://collegescorecard.ed.gov/school/?161086,LATEST_FEDERAL_AVAILABLE_AS_OF_2026-09-13,2026-09-14,,CURRENT_OR_LATEST_AVAILABLE,MEDIUM,Batch 1 provenance. Preserve source cycle separately; do not imply all values are from the same academic year.
colby-college,ADMISSIONS,test_policy_2026_27,FAIRTEST_OR_OFFICIAL,https://fairtest.org/test-optional-list/,2026-27,2026-09-14,2026-09-14,CURRENT_OR_LATEST_AVAILABLE,HIGH,Batch 1 provenance. Preserve source cycle separately; do not imply all values are from the same academic year.
bates-college,IDENTITY,institution_identity,FEDERAL_BASELINE_OR_COLLEGEDATA,https://collegescorecard.ed.gov/school/?160977,LATEST_FEDERAL_AVAILABLE_AS_OF_2026-09-13,2026-09-14,,CURRENT_OR_LATEST_AVAILABLE,HIGH,Batch 1 provenance. Preserve source cycle separately; do not imply all values are from the same academic year.
bates-college,ADMISSIONS,core_metrics,FEDERAL_BASELINE_OR_CDS,https://collegescorecard.ed.gov/school/?160977,LATEST_FEDERAL_AVAILABLE_AS_OF_2026-09-13,2026-09-14,,CURRENT_OR_LATEST_AVAILABLE,MEDIUM,Batch 1 provenance. Preserve source cycle separately; do not imply all values are from the same academic year.
bates-college,ADMISSIONS,test_policy_2026_27,FAIRTEST_OR_OFFICIAL,https://fairtest.org/test-optional-list/,2026-27,2026-09-14,2026-09-14,CURRENT_OR_LATEST_AVAILABLE,HIGH,Batch 1 provenance. Preserve source cycle separately; do not imply all values are from the same academic year.
macalester-college,IDENTITY,institution_identity,FEDERAL_BASELINE_OR_COLLEGEDATA,https://collegescorecard.ed.gov/school/?173902,LATEST_FEDERAL_AVAILABLE_AS_OF_2026-09-13,2026-09-14,,CURRENT_OR_LATEST_AVAILABLE,HIGH,Batch 1 provenance. Preserve source cycle separately; do not imply all values are from the same academic year.
macalester-college,ADMISSIONS,core_metrics,FEDERAL_BASELINE_OR_CDS,https://collegescorecard.ed.gov/school/?173902,LATEST_FEDERAL_AVAILABLE_AS_OF_2026-09-13,2026-09-14,,CURRENT_OR_LATEST_AVAILABLE,MEDIUM,Batch 1 provenance. Preserve source cycle separately; do not imply all values are from the same academic year.
macalester-college,ADMISSIONS,test_policy_2026_27,FAIRTEST_OR_OFFICIAL,https://www.macalester.edu/news/2020/04/macalester-college-adopts-test-optional-admissions-policy/,2026-27,2026-09-14,2026-09-14,CURRENT_OR_LATEST_AVAILABLE,HIGH,Batch 1 provenance. Preserve source cycle separately; do not imply all values are from the same academic year.
scripps-college,IDENTITY,institution_identity,FEDERAL_BASELINE_OR_COLLEGEDATA,https://collegescorecard.ed.gov/school/?123165,LATEST_FEDERAL_AVAILABLE_AS_OF_2026-09-13,2026-09-14,,CURRENT_OR_LATEST_AVAILABLE,HIGH,Batch 1 provenance. Preserve source cycle separately; do not imply all values are from the same academic year.
scripps-college,ADMISSIONS,core_metrics,FEDERAL_BASELINE_OR_CDS,https://collegescorecard.ed.gov/school/?123165,LATEST_FEDERAL_AVAILABLE_AS_OF_2026-09-13,2026-09-14,,CURRENT_OR_LATEST_AVAILABLE,MEDIUM,Batch 1 provenance. Preserve source cycle separately; do not imply all values are from the same academic year.
scripps-college,ADMISSIONS,test_policy_2026_27,FAIRTEST_OR_OFFICIAL,https://www.scrippscollege.edu/admission/apply/first-year-applicants,2026-27,2026-09-14,2026-09-14,CURRENT_OR_LATEST_AVAILABLE,HIGH,Batch 1 provenance. Preserve source cycle separately; do not imply all values are from the same academic year.
bryn-mawr-college,IDENTITY,institution_identity,FEDERAL_BASELINE_OR_COLLEGEDATA,https://collegescorecard.ed.gov/school/?211273,LATEST_FEDERAL_AVAILABLE_AS_OF_2026-09-13,2026-09-14,,CURRENT_OR_LATEST_AVAILABLE,HIGH,Batch 1 provenance. Preserve source cycle separately; do not imply all values are from the same academic year.
bryn-mawr-college,ADMISSIONS,core_metrics,FEDERAL_BASELINE_OR_CDS,https://collegescorecard.ed.gov/school/?211273,LATEST_FEDERAL_AVAILABLE_AS_OF_2026-09-13,2026-09-14,,CURRENT_OR_LATEST_AVAILABLE,MEDIUM,Batch 1 provenance. Preserve source cycle separately; do not imply all values are from the same academic year.
bryn-mawr-college,ADMISSIONS,test_policy_2026_27,FAIRTEST_OR_OFFICIAL,https://fairtest.org/test-optional-list/,2026-27,2026-09-14,2026-09-14,CURRENT_OR_LATEST_AVAILABLE,HIGH,Batch 1 provenance. Preserve source cycle separately; do not imply all values are from the same academic year.
bucknell-university,IDENTITY,institution_identity,FEDERAL_BASELINE_OR_COLLEGEDATA,https://collegescorecard.ed.gov/school/?211291,LATEST_FEDERAL_AVAILABLE_AS_OF_2026-09-13,2026-09-14,,CURRENT_OR_LATEST_AVAILABLE,HIGH,Batch 1 provenance. Preserve source cycle separately; do not imply all values are from the same academic year.
bucknell-university,ADMISSIONS,core_metrics,FEDERAL_BASELINE_OR_CDS,https://collegescorecard.ed.gov/school/?211291,LATEST_FEDERAL_AVAILABLE_AS_OF_2026-09-13,2026-09-14,,CURRENT_OR_LATEST_AVAILABLE,MEDIUM,Batch 1 provenance. Preserve source cycle separately; do not imply all values are from the same academic year.
bucknell-university,ADMISSIONS,test_policy_2026_27,FAIRTEST_OR_OFFICIAL,https://www.bucknell.edu/admissions-aid/apply-bucknell/undergraduate-admission-requirements,2026-27,2026-09-14,2026-09-14,CURRENT_OR_LATEST_AVAILABLE,HIGH,Batch 1 provenance. Preserve source cycle separately; do not imply all values are from the same academic year.
lafayette-college,IDENTITY,institution_identity,FEDERAL_BASELINE_OR_COLLEGEDATA,https://collegescorecard.ed.gov/school/?213385,LATEST_FEDERAL_AVAILABLE_AS_OF_2026-09-13,2026-09-14,,CURRENT_OR_LATEST_AVAILABLE,HIGH,Batch 1 provenance. Preserve source cycle separately; do not imply all values are from the same academic year.
lafayette-college,ADMISSIONS,core_metrics,FEDERAL_BASELINE_OR_CDS,https://collegescorecard.ed.gov/school/?213385,LATEST_FEDERAL_AVAILABLE_AS_OF_2026-09-13,2026-09-14,,CURRENT_OR_LATEST_AVAILABLE,MEDIUM,Batch 1 provenance. Preserve source cycle separately; do not imply all values are from the same academic year.
lafayette-college,ADMISSIONS,test_policy_2026_27,FAIRTEST_OR_OFFICIAL,https://admissions.lafayette.edu/apply/,2026-27,2026-09-14,2026-09-14,CURRENT_OR_LATEST_AVAILABLE,HIGH,Batch 1 provenance. Preserve source cycle separately; do not imply all values are from the same academic year.
college-of-the-holy-cross,IDENTITY,institution_identity,FEDERAL_BASELINE_OR_COLLEGEDATA,https://collegescorecard.ed.gov/school/?166124,LATEST_FEDERAL_AVAILABLE_AS_OF_2026-09-13,2026-09-14,,CURRENT_OR_LATEST_AVAILABLE,HIGH,Batch 1 provenance. Preserve source cycle separately; do not imply all values are from the same academic year.
college-of-the-holy-cross,ADMISSIONS,core_metrics,FEDERAL_BASELINE_OR_CDS,https://collegescorecard.ed.gov/school/?166124,LATEST_FEDERAL_AVAILABLE_AS_OF_2026-09-13,2026-09-14,,CURRENT_OR_LATEST_AVAILABLE,MEDIUM,Batch 1 provenance. Preserve source cycle separately; do not imply all values are from the same academic year.
college-of-the-holy-cross,ADMISSIONS,test_policy_2026_27,FAIRTEST_OR_OFFICIAL,https://fairtest.org/test-optional-list/,2026-27,2026-09-14,2026-09-14,CURRENT_OR_LATEST_AVAILABLE,HIGH,Batch 1 provenance. Preserve source cycle separately; do not imply all values are from the same academic year.
university-of-richmond,IDENTITY,institution_identity,FEDERAL_BASELINE_OR_COLLEGEDATA,https://collegescorecard.ed.gov/school/?233374,LATEST_FEDERAL_AVAILABLE_AS_OF_2026-09-13,2026-09-14,,CURRENT_OR_LATEST_AVAILABLE,HIGH,Batch 1 provenance. Preserve source cycle separately; do not imply all values are from the same academic year.
university-of-richmond,ADMISSIONS,core_metrics,FEDERAL_BASELINE_OR_CDS,https://collegescorecard.ed.gov/school/?233374,LATEST_FEDERAL_AVAILABLE_AS_OF_2026-09-13,2026-09-14,,CURRENT_OR_LATEST_AVAILABLE,MEDIUM,Batch 1 provenance. Preserve source cycle separately; do not imply all values are from the same academic year.
university-of-richmond,ADMISSIONS,test_policy_2026_27,FAIRTEST_OR_OFFICIAL,https://www.admissions.richmond.edu/process/index.html,2026-27,2026-09-14,2026-09-14,CURRENT_OR_LATEST_AVAILABLE,HIGH,Batch 1 provenance. Preserve source cycle separately; do not imply all values are from the same academic year.
denison-university,IDENTITY,institution_identity,FEDERAL_BASELINE_OR_COLLEGEDATA,https://collegescorecard.ed.gov/school/?202523,LATEST_FEDERAL_AVAILABLE_AS_OF_2026-09-13,2026-09-14,,CURRENT_OR_LATEST_AVAILABLE,HIGH,Batch 1 provenance. Preserve source cycle separately; do not imply all values are from the same academic year.
denison-university,ADMISSIONS,core_metrics,FEDERAL_BASELINE_OR_CDS,https://collegescorecard.ed.gov/school/?202523,LATEST_FEDERAL_AVAILABLE_AS_OF_2026-09-13,2026-09-14,,CURRENT_OR_LATEST_AVAILABLE,MEDIUM,Batch 1 provenance. Preserve source cycle separately; do not imply all values are from the same academic year.
denison-university,ADMISSIONS,test_policy_2026_27,FAIRTEST_OR_OFFICIAL,https://fairtest.org/test-optional-list/,2026-27,2026-09-14,2026-09-14,CURRENT_OR_LATEST_AVAILABLE,HIGH,Batch 1 provenance. Preserve source cycle separately; do not imply all values are from the same academic year.
kenyon-college,IDENTITY,institution_identity,FEDERAL_BASELINE_OR_COLLEGEDATA,https://collegescorecard.ed.gov/school/?203535,LATEST_FEDERAL_AVAILABLE_AS_OF_2026-09-13,2026-09-14,,CURRENT_OR_LATEST_AVAILABLE,HIGH,Batch 1 provenance. Preserve source cycle separately; do not imply all values are from the same academic year.
kenyon-college,ADMISSIONS,core_metrics,FEDERAL_BASELINE_OR_CDS,https://collegescorecard.ed.gov/school/?203535,LATEST_FEDERAL_AVAILABLE_AS_OF_2026-09-13,2026-09-14,,CURRENT_OR_LATEST_AVAILABLE,MEDIUM,Batch 1 provenance. Preserve source cycle separately; do not imply all values are from the same academic year.
kenyon-college,ADMISSIONS,test_policy_2026_27,FAIRTEST_OR_OFFICIAL,https://www.kenyon.edu/admissions-aid/apply-to-kenyon/standardized-testing-policy/,2026-27,2026-09-14,2026-09-14,CURRENT_OR_LATEST_AVAILABLE,HIGH,Batch 1 provenance. Preserve source cycle separately; do not imply all values are from the same academic year.
occidental-college,IDENTITY,institution_identity,FEDERAL_BASELINE_OR_COLLEGEDATA,https://collegescorecard.ed.gov/school/?120254,LATEST_FEDERAL_AVAILABLE_AS_OF_2026-09-13,2026-09-14,,CURRENT_OR_LATEST_AVAILABLE,HIGH,Batch 1 provenance. Preserve source cycle separately; do not imply all values are from the same academic year.
occidental-college,ADMISSIONS,core_metrics,FEDERAL_BASELINE_OR_CDS,https://collegescorecard.ed.gov/school/?120254,LATEST_FEDERAL_AVAILABLE_AS_OF_2026-09-13,2026-09-14,,CURRENT_OR_LATEST_AVAILABLE,MEDIUM,Batch 1 provenance. Preserve source cycle separately; do not imply all values are from the same academic year.
occidental-college,ADMISSIONS,test_policy_2026_27,FAIRTEST_OR_OFFICIAL,https://www.oxy.edu/admission-aid/apply/fall-2021-application-process,2026-27,2026-09-14,2026-09-14,CURRENT_OR_LATEST_AVAILABLE,HIGH,Batch 1 provenance. Preserve source cycle separately; do not imply all values are from the same academic year.
skidmore-college,IDENTITY,institution_identity,FEDERAL_BASELINE_OR_COLLEGEDATA,https://collegescorecard.ed.gov/school/?195526,LATEST_FEDERAL_AVAILABLE_AS_OF_2026-09-13,2026-09-14,,CURRENT_OR_LATEST_AVAILABLE,HIGH,Batch 1 provenance. Preserve source cycle separately; do not imply all values are from the same academic year.
skidmore-college,ADMISSIONS,core_metrics,FEDERAL_BASELINE_OR_CDS,https://collegescorecard.ed.gov/school/?195526,LATEST_FEDERAL_AVAILABLE_AS_OF_2026-09-13,2026-09-14,,CURRENT_OR_LATEST_AVAILABLE,MEDIUM,Batch 1 provenance. Preserve source cycle separately; do not imply all values are from the same academic year.
skidmore-college,ADMISSIONS,test_policy_2026_27,FAIRTEST_OR_OFFICIAL,https://catalog.skidmore.edu/admission,2026-27,2026-09-14,2026-09-14,CURRENT_OR_LATEST_AVAILABLE,HIGH,Batch 1 provenance. Preserve source cycle separately; do not imply all values are from the same academic year.
trinity-college,IDENTITY,institution_identity,FEDERAL_BASELINE_OR_COLLEGEDATA,https://collegescorecard.ed.gov/school/?130590,LATEST_FEDERAL_AVAILABLE_AS_OF_2026-09-13,2026-09-14,,CURRENT_OR_LATEST_AVAILABLE,HIGH,Batch 1 provenance. Preserve source cycle separately; do not imply all values are from the same academic year.
trinity-college,ADMISSIONS,core_metrics,FEDERAL_BASELINE_OR_CDS,https://collegescorecard.ed.gov/school/?130590,LATEST_FEDERAL_AVAILABLE_AS_OF_2026-09-13,2026-09-14,,CURRENT_OR_LATEST_AVAILABLE,MEDIUM,Batch 1 provenance. Preserve source cycle separately; do not imply all values are from the same academic year.
trinity-college,ADMISSIONS,test_policy_2026_27,FAIRTEST_OR_OFFICIAL,https://www.trincoll.edu/admissions/undergraduate-admissions/faq/,2026-27,2026-09-14,2026-09-14,CURRENT_OR_LATEST_AVAILABLE,HIGH,Batch 1 provenance. Preserve source cycle separately; do not imply all values are from the same academic year.
connecticut-college,IDENTITY,institution_identity,FEDERAL_BASELINE_OR_COLLEGEDATA,https://collegescorecard.ed.gov/school/?128902,LATEST_FEDERAL_AVAILABLE_AS_OF_2026-09-13,2026-09-14,,CURRENT_OR_LATEST_AVAILABLE,HIGH,Batch 1 provenance. Preserve source cycle separately; do not imply all values are from the same academic year.
connecticut-college,ADMISSIONS,core_metrics,FEDERAL_BASELINE_OR_CDS,https://collegescorecard.ed.gov/school/?128902,LATEST_FEDERAL_AVAILABLE_AS_OF_2026-09-13,2026-09-14,,CURRENT_OR_LATEST_AVAILABLE,MEDIUM,Batch 1 provenance. Preserve source cycle separately; do not imply all values are from the same academic year.
connecticut-college,ADMISSIONS,test_policy_2026_27,FAIRTEST_OR_OFFICIAL,https://fairtest.org/test-optional-list/,2026-27,2026-09-14,2026-09-14,CURRENT_OR_LATEST_AVAILABLE,HIGH,Batch 1 provenance. Preserve source cycle separately; do not imply all values are from the same academic year.
oberlin-college,IDENTITY,institution_identity,FEDERAL_BASELINE_OR_COLLEGEDATA,https://collegescorecard.ed.gov/school/?204501,LATEST_FEDERAL_AVAILABLE_AS_OF_2026-09-13,2026-09-14,,CURRENT_OR_LATEST_AVAILABLE,HIGH,Batch 1 provenance. Preserve source cycle separately; do not imply all values are from the same academic year.
oberlin-college,ADMISSIONS,core_metrics,FEDERAL_BASELINE_OR_CDS,https://collegescorecard.ed.gov/school/?204501,LATEST_FEDERAL_AVAILABLE_AS_OF_2026-09-13,2026-09-14,,CURRENT_OR_LATEST_AVAILABLE,MEDIUM,Batch 1 provenance. Preserve source cycle separately; do not imply all values are from the same academic year.
oberlin-college,ADMISSIONS,test_policy_2026_27,FAIRTEST_OR_OFFICIAL,https://www.oberlin.edu/admissions-and-aid/arts-and-sciences/testing-policy,2026-27,2026-09-14,2026-09-14,CURRENT_OR_LATEST_AVAILABLE,HIGH,Batch 1 provenance. Preserve source cycle separately; do not imply all values are from the same academic year.
pitzer-college,IDENTITY,institution_identity,FEDERAL_BASELINE_OR_COLLEGEDATA,https://collegescorecard.ed.gov/school/?121257,LATEST_FEDERAL_AVAILABLE_AS_OF_2026-09-13,2026-09-14,,CURRENT_OR_LATEST_AVAILABLE,HIGH,Batch 1 provenance. Preserve source cycle separately; do not imply all values are from the same academic year.
pitzer-college,ADMISSIONS,core_metrics,FEDERAL_BASELINE_OR_CDS,https://collegescorecard.ed.gov/school/?121257,LATEST_FEDERAL_AVAILABLE_AS_OF_2026-09-13,2026-09-14,,CURRENT_OR_LATEST_AVAILABLE,MEDIUM,Batch 1 provenance. Preserve source cycle separately; do not imply all values are from the same academic year.
pitzer-college,ADMISSIONS,test_policy_2026_27,FAIRTEST_OR_OFFICIAL,https://www.pitzer.edu/admission/admission/apply/first-year-applicants/,2026-27,2026-09-14,2026-09-14,CURRENT_OR_LATEST_AVAILABLE,HIGH,Batch 1 provenance. Preserve source cycle separately; do not imply all values are from the same academic year.
colorado-college,IDENTITY,institution_identity,FEDERAL_BASELINE_OR_COLLEGEDATA,https://collegescorecard.ed.gov/school/?126678,LATEST_FEDERAL_AVAILABLE_AS_OF_2026-09-13,2026-09-14,,CURRENT_OR_LATEST_AVAILABLE,HIGH,Batch 1 provenance. Preserve source cycle separately; do not imply all values are from the same academic year.
colorado-college,ADMISSIONS,core_metrics,FEDERAL_BASELINE_OR_CDS,https://collegescorecard.ed.gov/school/?126678,LATEST_FEDERAL_AVAILABLE_AS_OF_2026-09-13,2026-09-14,,CURRENT_OR_LATEST_AVAILABLE,MEDIUM,Batch 1 provenance. Preserve source cycle separately; do not imply all values are from the same academic year.
colorado-college,ADMISSIONS,test_policy_2026_27,FAIRTEST_OR_OFFICIAL,https://fairtest.org/test-optional-list/,2026-27,2026-09-14,2026-09-14,CURRENT_OR_LATEST_AVAILABLE,HIGH,Batch 1 provenance. Preserve source cycle separately; do not imply all values are from the same academic year.
rhodes-college,IDENTITY,institution_identity,FEDERAL_BASELINE_OR_COLLEGEDATA,https://collegescorecard.ed.gov/school/?221351,LATEST_FEDERAL_AVAILABLE_AS_OF_2026-09-13,2026-09-14,,CURRENT_OR_LATEST_AVAILABLE,HIGH,Batch 1 provenance. Preserve source cycle separately; do not imply all values are from the same academic year.
rhodes-college,ADMISSIONS,core_metrics,FEDERAL_BASELINE_OR_CDS,https://collegescorecard.ed.gov/school/?221351,LATEST_FEDERAL_AVAILABLE_AS_OF_2026-09-13,2026-09-14,,CURRENT_OR_LATEST_AVAILABLE,MEDIUM,Batch 1 provenance. Preserve source cycle separately; do not imply all values are from the same academic year.
rhodes-college,ADMISSIONS,test_policy_2026_27,FAIRTEST_OR_OFFICIAL,https://www.rhodes.edu/admission-aid/apply-rhodes/test-optional-faqs,2026-27,2026-09-14,2026-09-14,CURRENT_OR_LATEST_AVAILABLE,HIGH,Batch 1 provenance. Preserve source cycle separately; do not imply all values are from the same academic year.
sewanee-the-university-of-the-south,IDENTITY,institution_identity,FEDERAL_BASELINE_OR_COLLEGEDATA,https://collegescorecard.ed.gov/school/?221519,LATEST_FEDERAL_AVAILABLE_AS_OF_2026-09-13,2026-09-14,,CURRENT_OR_LATEST_AVAILABLE,HIGH,Batch 1 provenance. Preserve source cycle separately; do not imply all values are from the same academic year.
sewanee-the-university-of-the-south,ADMISSIONS,core_metrics,FEDERAL_BASELINE_OR_CDS,https://collegescorecard.ed.gov/school/?221519,LATEST_FEDERAL_AVAILABLE_AS_OF_2026-09-13,2026-09-14,,CURRENT_OR_LATEST_AVAILABLE,MEDIUM,Batch 1 provenance. Preserve source cycle separately; do not imply all values are from the same academic year.
sewanee-the-university-of-the-south,ADMISSIONS,test_policy_2026_27,FAIRTEST_OR_OFFICIAL,https://new.sewanee.edu/admission-aid/application-process/application-review/,2026-27,2026-09-14,2026-09-14,CURRENT_OR_LATEST_AVAILABLE,HIGH,Batch 1 provenance. Preserve source cycle separately; do not imply all values are from the same academic year.
furman-university,IDENTITY,institution_identity,FEDERAL_BASELINE_OR_COLLEGEDATA,https://collegescorecard.ed.gov/school/?218070,LATEST_FEDERAL_AVAILABLE_AS_OF_2026-09-13,2026-09-14,,CURRENT_OR_LATEST_AVAILABLE,HIGH,Batch 1 provenance. Preserve source cycle separately; do not imply all values are from the same academic year.
furman-university,ADMISSIONS,core_metrics,FEDERAL_BASELINE_OR_CDS,https://collegescorecard.ed.gov/school/?218070,LATEST_FEDERAL_AVAILABLE_AS_OF_2026-09-13,2026-09-14,,CURRENT_OR_LATEST_AVAILABLE,MEDIUM,Batch 1 provenance. Preserve source cycle separately; do not imply all values are from the same academic year.
furman-university,ADMISSIONS,test_policy_2026_27,FAIRTEST_OR_OFFICIAL,https://fairtest.org/test-optional-list/,2026-27,2026-09-14,2026-09-14,CURRENT_OR_LATEST_AVAILABLE,HIGH,Batch 1 provenance. Preserve source cycle separately; do not imply all values are from the same academic year.
whitman-college,IDENTITY,institution_identity,FEDERAL_BASELINE_OR_COLLEGEDATA,https://collegescorecard.ed.gov/school/?237057,LATEST_FEDERAL_AVAILABLE_AS_OF_2026-09-13,2026-09-14,,CURRENT_OR_LATEST_AVAILABLE,HIGH,Batch 1 provenance. Preserve source cycle separately; do not imply all values are from the same academic year.
whitman-college,ADMISSIONS,core_metrics,FEDERAL_BASELINE_OR_CDS,https://collegescorecard.ed.gov/school/?237057,LATEST_FEDERAL_AVAILABLE_AS_OF_2026-09-13,2026-09-14,,CURRENT_OR_LATEST_AVAILABLE,MEDIUM,Batch 1 provenance. Preserve source cycle separately; do not imply all values are from the same academic year.
whitman-college,ADMISSIONS,test_policy_2026_27,FAIRTEST_OR_OFFICIAL,"https://www.whitman.edu/admission-and-aid/applying-to-whitman/testing-policy#:~:text=Whitman%20College%20is%20test%2Doptional,part%20of%20the%20admission%20process.",2026-27,2026-09-14,2026-09-14,CURRENT_OR_LATEST_AVAILABLE,HIGH,Batch 1 provenance. Preserve source cycle separately; do not imply all values are from the same academic year.
franklin-and-marshall-college,IDENTITY,institution_identity,FEDERAL_BASELINE_OR_COLLEGEDATA,https://collegescorecard.ed.gov/school/?212577,LATEST_FEDERAL_AVAILABLE_AS_OF_2026-09-13,2026-09-14,,CURRENT_OR_LATEST_AVAILABLE,HIGH,Batch 1 provenance. Preserve source cycle separately; do not imply all values are from the same academic year.
franklin-and-marshall-college,ADMISSIONS,core_metrics,FEDERAL_BASELINE_OR_CDS,https://collegescorecard.ed.gov/school/?212577,LATEST_FEDERAL_AVAILABLE_AS_OF_2026-09-13,2026-09-14,,CURRENT_OR_LATEST_AVAILABLE,MEDIUM,Batch 1 provenance. Preserve source cycle separately; do not imply all values are from the same academic year.
franklin-and-marshall-college,ADMISSIONS,test_policy_2026_27,FAIRTEST_OR_OFFICIAL,https://www.fandm.edu/admission/apply/standardized-test-option,2026-27,2026-09-14,2026-09-14,CURRENT_OR_LATEST_AVAILABLE,HIGH,Batch 1 provenance. Preserve source cycle separately; do not imply all values are from the same academic year.
gettysburg-college,IDENTITY,institution_identity,FEDERAL_BASELINE_OR_COLLEGEDATA,https://collegescorecard.ed.gov/school/?212674,LATEST_FEDERAL_AVAILABLE_AS_OF_2026-09-13,2026-09-14,,CURRENT_OR_LATEST_AVAILABLE,HIGH,Batch 1 provenance. Preserve source cycle separately; do not imply all values are from the same academic year.
gettysburg-college,ADMISSIONS,core_metrics,FEDERAL_BASELINE_OR_CDS,https://collegescorecard.ed.gov/school/?212674,LATEST_FEDERAL_AVAILABLE_AS_OF_2026-09-13,2026-09-14,,CURRENT_OR_LATEST_AVAILABLE,MEDIUM,Batch 1 provenance. Preserve source cycle separately; do not imply all values are from the same academic year.
gettysburg-college,ADMISSIONS,test_policy_2026_27,FAIRTEST_OR_OFFICIAL,https://www.gettysburg.edu/admissions-aid/applying-gettysburg/,2026-27,2026-09-14,2026-09-14,CURRENT_OR_LATEST_AVAILABLE,HIGH,Batch 1 provenance. Preserve source cycle separately; do not imply all values are from the same academic year.
dickinson-college,IDENTITY,institution_identity,FEDERAL_BASELINE_OR_COLLEGEDATA,https://collegescorecard.ed.gov/school/?212009,LATEST_FEDERAL_AVAILABLE_AS_OF_2026-09-13,2026-09-14,,CURRENT_OR_LATEST_AVAILABLE,HIGH,Batch 1 provenance. Preserve source cycle separately; do not imply all values are from the same academic year.
dickinson-college,ADMISSIONS,core_metrics,FEDERAL_BASELINE_OR_CDS,https://collegescorecard.ed.gov/school/?212009,LATEST_FEDERAL_AVAILABLE_AS_OF_2026-09-13,2026-09-14,,CURRENT_OR_LATEST_AVAILABLE,MEDIUM,Batch 1 provenance. Preserve source cycle separately; do not imply all values are from the same academic year.
dickinson-college,ADMISSIONS,test_policy_2026_27,FAIRTEST_OR_OFFICIAL,https://www.dickinson.edu/info/20256/apply/996/standardized_testing_information,2026-27,2026-09-14,2026-09-14,CURRENT_OR_LATEST_AVAILABLE,HIGH,Batch 1 provenance. Preserve source cycle separately; do not imply all values are from the same academic year.
depauw-university,IDENTITY,institution_identity,FEDERAL_BASELINE_OR_COLLEGEDATA,https://collegescorecard.ed.gov/school/?150400,LATEST_FEDERAL_AVAILABLE_AS_OF_2026-09-13,2026-09-14,,CURRENT_OR_LATEST_AVAILABLE,HIGH,Batch 1 provenance. Preserve source cycle separately; do not imply all values are from the same academic year.
depauw-university,ADMISSIONS,core_metrics,FEDERAL_BASELINE_OR_CDS,https://collegescorecard.ed.gov/school/?150400,LATEST_FEDERAL_AVAILABLE_AS_OF_2026-09-13,2026-09-14,,CURRENT_OR_LATEST_AVAILABLE,MEDIUM,Batch 1 provenance. Preserve source cycle separately; do not imply all values are from the same academic year.
depauw-university,ADMISSIONS,test_policy_2026_27,FAIRTEST_OR_OFFICIAL,https://www.depauw.edu/admission-aid/apply/first-year-applicants/test-optional-faqs/,2026-27,2026-09-14,2026-09-14,CURRENT_OR_LATEST_AVAILABLE,HIGH,Batch 1 provenance. Preserve source cycle separately; do not imply all values are from the same academic year.
college-of-wooster,IDENTITY,institution_identity,FEDERAL_BASELINE_OR_COLLEGEDATA,https://collegescorecard.ed.gov/school/?206589,LATEST_FEDERAL_AVAILABLE_AS_OF_2026-09-13,2026-09-14,,CURRENT_OR_LATEST_AVAILABLE,HIGH,Batch 1 provenance. Preserve source cycle separately; do not imply all values are from the same academic year.
college-of-wooster,ADMISSIONS,core_metrics,FEDERAL_BASELINE_OR_CDS,https://collegescorecard.ed.gov/school/?206589,LATEST_FEDERAL_AVAILABLE_AS_OF_2026-09-13,2026-09-14,,CURRENT_OR_LATEST_AVAILABLE,MEDIUM,Batch 1 provenance. Preserve source cycle separately; do not imply all values are from the same academic year.
college-of-wooster,ADMISSIONS,test_policy_2026_27,FAIRTEST_OR_OFFICIAL,"https://wooster.edu/admissions/apply/requirements/#:~:text=ACT%20or%20SAT%20scores.,for%20the%20College%20Scholar%20Award.)",2026-27,2026-09-14,2026-09-14,CURRENT_OR_LATEST_AVAILABLE,HIGH,Batch 1 provenance. Preserve source cycle separately; do not imply all values are from the same academic year.
lawrence-university,IDENTITY,institution_identity,FEDERAL_BASELINE_OR_COLLEGEDATA,https://collegescorecard.ed.gov/school/?239017,LATEST_FEDERAL_AVAILABLE_AS_OF_2026-09-13,2026-09-14,,CURRENT_OR_LATEST_AVAILABLE,HIGH,Batch 1 provenance. Preserve source cycle separately; do not imply all values are from the same academic year.
lawrence-university,ADMISSIONS,core_metrics,FEDERAL_BASELINE_OR_CDS,https://collegescorecard.ed.gov/school/?239017,LATEST_FEDERAL_AVAILABLE_AS_OF_2026-09-13,2026-09-14,,CURRENT_OR_LATEST_AVAILABLE,MEDIUM,Batch 1 provenance. Preserve source cycle separately; do not imply all values are from the same academic year.
lawrence-university,ADMISSIONS,test_policy_2026_27,FAIRTEST_OR_OFFICIAL,http://www.lawrence.edu/admissions,2026-27,2026-09-14,2026-09-14,CURRENT_OR_LATEST_AVAILABLE,HIGH,Batch 1 provenance. Preserve source cycle separately; do not imply all values are from the same academic year.
kalamazoo-college,IDENTITY,institution_identity,FEDERAL_BASELINE_OR_COLLEGEDATA,https://collegescorecard.ed.gov/school/?170532,LATEST_FEDERAL_AVAILABLE_AS_OF_2026-09-13,2026-09-14,,CURRENT_OR_LATEST_AVAILABLE,HIGH,Batch 1 provenance. Preserve source cycle separately; do not imply all values are from the same academic year.
kalamazoo-college,ADMISSIONS,core_metrics,FEDERAL_BASELINE_OR_CDS,https://collegescorecard.ed.gov/school/?170532,LATEST_FEDERAL_AVAILABLE_AS_OF_2026-09-13,2026-09-14,,CURRENT_OR_LATEST_AVAILABLE,MEDIUM,Batch 1 provenance. Preserve source cycle separately; do not imply all values are from the same academic year.
kalamazoo-college,ADMISSIONS,test_policy_2026_27,FAIRTEST_OR_OFFICIAL,https://fairtest.org/test-optional-list/,2026-27,2026-09-14,2026-09-14,CURRENT_OR_LATEST_AVAILABLE,HIGH,Batch 1 provenance. Preserve source cycle separately; do not imply all values are from the same academic year.
st-olaf-college,IDENTITY,institution_identity,FEDERAL_BASELINE_OR_COLLEGEDATA,https://collegescorecard.ed.gov/school/?174844,LATEST_FEDERAL_AVAILABLE_AS_OF_2026-09-13,2026-09-14,,CURRENT_OR_LATEST_AVAILABLE,HIGH,Batch 1 provenance. Preserve source cycle separately; do not imply all values are from the same academic year.
st-olaf-college,ADMISSIONS,core_metrics,FEDERAL_BASELINE_OR_CDS,https://collegescorecard.ed.gov/school/?174844,LATEST_FEDERAL_AVAILABLE_AS_OF_2026-09-13,2026-09-14,,CURRENT_OR_LATEST_AVAILABLE,MEDIUM,Batch 1 provenance. Preserve source cycle separately; do not imply all values are from the same academic year.
st-olaf-college,ADMISSIONS,test_policy_2026_27,FAIRTEST_OR_OFFICIAL,https://wp.stolaf.edu/news/st-olaf-goes-test-optional-for-admissions,2026-27,2026-09-14,2026-09-14,CURRENT_OR_LATEST_AVAILABLE,HIGH,Batch 1 provenance. Preserve source cycle separately; do not imply all values are from the same academic year.
gustavus-adolphus-college,IDENTITY,institution_identity,FEDERAL_BASELINE_OR_COLLEGEDATA,https://collegescorecard.ed.gov/school/?173647,LATEST_FEDERAL_AVAILABLE_AS_OF_2026-09-13,2026-09-14,,CURRENT_OR_LATEST_AVAILABLE,HIGH,Batch 1 provenance. Preserve source cycle separately; do not imply all values are from the same academic year.
gustavus-adolphus-college,ADMISSIONS,core_metrics,FEDERAL_BASELINE_OR_CDS,https://collegescorecard.ed.gov/school/?173647,LATEST_FEDERAL_AVAILABLE_AS_OF_2026-09-13,2026-09-14,,CURRENT_OR_LATEST_AVAILABLE,MEDIUM,Batch 1 provenance. Preserve source cycle separately; do not imply all values are from the same academic year.
gustavus-adolphus-college,ADMISSIONS,test_policy_2026_27,FAIRTEST_OR_OFFICIAL,https://gustavus.edu/search/?q=test+policy+for+international+student,2026-27,2026-09-14,2026-09-14,CURRENT_OR_LATEST_AVAILABLE,HIGH,Batch 1 provenance. Preserve source cycle separately; do not imply all values are from the same academic year.
union-college,IDENTITY,institution_identity,FEDERAL_BASELINE_OR_COLLEGEDATA,https://collegescorecard.ed.gov/school/?196866,LATEST_FEDERAL_AVAILABLE_AS_OF_2026-09-13,2026-09-14,,CURRENT_OR_LATEST_AVAILABLE,HIGH,Batch 1 provenance. Preserve source cycle separately; do not imply all values are from the same academic year.
union-college,ADMISSIONS,core_metrics,FEDERAL_BASELINE_OR_CDS,https://collegescorecard.ed.gov/school/?196866,LATEST_FEDERAL_AVAILABLE_AS_OF_2026-09-13,2026-09-14,,CURRENT_OR_LATEST_AVAILABLE,MEDIUM,Batch 1 provenance. Preserve source cycle separately; do not imply all values are from the same academic year.
union-college,ADMISSIONS,test_policy_2026_27,FAIRTEST_OR_OFFICIAL,https://www.union.edu/admissions/apply/test-policy,2026-27,2026-09-14,2026-09-14,CURRENT_OR_LATEST_AVAILABLE,HIGH,Batch 1 provenance. Preserve source cycle separately; do not imply all values are from the same academic year.
reed-college,IDENTITY,institution_identity,FEDERAL_BASELINE_OR_COLLEGEDATA,https://collegescorecard.ed.gov/school/?209922,LATEST_FEDERAL_AVAILABLE_AS_OF_2026-09-13,2026-09-14,,CURRENT_OR_LATEST_AVAILABLE,HIGH,Batch 1 provenance. Preserve source cycle separately; do not imply all values are from the same academic year.
reed-college,ADMISSIONS,core_metrics,FEDERAL_BASELINE_OR_CDS,https://collegescorecard.ed.gov/school/?209922,LATEST_FEDERAL_AVAILABLE_AS_OF_2026-09-13,2026-09-14,,CURRENT_OR_LATEST_AVAILABLE,MEDIUM,Batch 1 provenance. Preserve source cycle separately; do not imply all values are from the same academic year.
reed-college,ADMISSIONS,test_policy_2026_27,FAIRTEST_OR_OFFICIAL,https://www.reed.edu/ir/cds/cds2425/CDS_secC_202425.pdf,2026-27,2026-09-14,2026-09-14,CURRENT_OR_LATEST_AVAILABLE,HIGH,Batch 1 provenance. Preserve source cycle separately; do not imply all values are from the same academic year.
mount-holyoke-college,IDENTITY,institution_identity,FEDERAL_BASELINE_OR_COLLEGEDATA,https://collegescorecard.ed.gov/school/?166939,LATEST_FEDERAL_AVAILABLE_AS_OF_2026-09-13,2026-09-14,,CURRENT_OR_LATEST_AVAILABLE,HIGH,Batch 1 provenance. Preserve source cycle separately; do not imply all values are from the same academic year.
mount-holyoke-college,ADMISSIONS,core_metrics,FEDERAL_BASELINE_OR_CDS,https://collegescorecard.ed.gov/school/?166939,LATEST_FEDERAL_AVAILABLE_AS_OF_2026-09-13,2026-09-14,,CURRENT_OR_LATEST_AVAILABLE,MEDIUM,Batch 1 provenance. Preserve source cycle separately; do not imply all values are from the same academic year.
mount-holyoke-college,ADMISSIONS,test_policy_2026_27,FAIRTEST_OR_OFFICIAL,https://www.mtholyoke.edu/admission/apply-undergraduate-first-year/standardized-testing-policies,2026-27,2026-09-14,2026-09-14,CURRENT_OR_LATEST_AVAILABLE,HIGH,Batch 1 provenance. Preserve source cycle separately; do not imply all values are from the same academic year.
spelman-college,IDENTITY,institution_identity,FEDERAL_BASELINE_OR_COLLEGEDATA,https://collegescorecard.ed.gov/school/?141060,LATEST_FEDERAL_AVAILABLE_AS_OF_2026-09-13,2026-09-14,,CURRENT_OR_LATEST_AVAILABLE,HIGH,Batch 1 provenance. Preserve source cycle separately; do not imply all values are from the same academic year.
spelman-college,ADMISSIONS,core_metrics,FEDERAL_BASELINE_OR_CDS,https://collegescorecard.ed.gov/school/?141060,LATEST_FEDERAL_AVAILABLE_AS_OF_2026-09-13,2026-09-14,,CURRENT_OR_LATEST_AVAILABLE,MEDIUM,Batch 1 provenance. Preserve source cycle separately; do not imply all values are from the same academic year.
spelman-college,ADMISSIONS,test_policy_2026_27,FAIRTEST_OR_OFFICIAL,https://www.spelman.edu/admissions/applying-to-spelman/test-optional-admissions-policy.html,2026-27,2026-09-14,2026-09-14,CURRENT_OR_LATEST_AVAILABLE,HIGH,Batch 1 provenance. Preserve source cycle separately; do not imply all values are from the same academic year.
morehouse-college,IDENTITY,institution_identity,FEDERAL_BASELINE_OR_COLLEGEDATA,https://collegescorecard.ed.gov/school/?140553,LATEST_FEDERAL_AVAILABLE_AS_OF_2026-09-13,2026-09-14,,CURRENT_OR_LATEST_AVAILABLE,HIGH,Batch 1 provenance. Preserve source cycle separately; do not imply all values are from the same academic year.
morehouse-college,ADMISSIONS,core_metrics,FEDERAL_BASELINE_OR_CDS,https://collegescorecard.ed.gov/school/?140553,LATEST_FEDERAL_AVAILABLE_AS_OF_2026-09-13,2026-09-14,,CURRENT_OR_LATEST_AVAILABLE,MEDIUM,Batch 1 provenance. Preserve source cycle separately; do not imply all values are from the same academic year.
morehouse-college,ADMISSIONS,test_policy_2026_27,FAIRTEST_OR_OFFICIAL,https://morehouse.edu/info-for-counselors,2026-27,2026-09-14,2026-09-14,CURRENT_OR_LATEST_AVAILABLE,HIGH,Batch 1 provenance. Preserve source cycle separately; do not imply all values are from the same academic year.
sarah-lawrence-college,IDENTITY,institution_identity,FEDERAL_BASELINE_OR_COLLEGEDATA,https://collegescorecard.ed.gov/school/?195304,LATEST_FEDERAL_AVAILABLE_AS_OF_2026-09-13,2026-09-14,,CURRENT_OR_LATEST_AVAILABLE,HIGH,Batch 1 provenance. Preserve source cycle separately; do not imply all values are from the same academic year.
sarah-lawrence-college,ADMISSIONS,core_metrics,FEDERAL_BASELINE_OR_CDS,https://collegescorecard.ed.gov/school/?195304,LATEST_FEDERAL_AVAILABLE_AS_OF_2026-09-13,2026-09-14,,CURRENT_OR_LATEST_AVAILABLE,MEDIUM,Batch 1 provenance. Preserve source cycle separately; do not imply all values are from the same academic year.
sarah-lawrence-college,ADMISSIONS,test_policy_2026_27,FAIRTEST_OR_OFFICIAL,https://fairtest.org/test-optional-list/,2026-27,2026-09-14,2026-09-14,CURRENT_OR_LATEST_AVAILABLE,HIGH,Batch 1 provenance. Preserve source cycle separately; do not imply all values are from the same academic year.
bard-college,IDENTITY,institution_identity,FEDERAL_BASELINE_OR_COLLEGEDATA,https://collegescorecard.ed.gov/school/?189088,LATEST_FEDERAL_AVAILABLE_AS_OF_2026-09-13,2026-09-14,,CURRENT_OR_LATEST_AVAILABLE,HIGH,Batch 1 provenance. Preserve source cycle separately; do not imply all values are from the same academic year.
bard-college,ADMISSIONS,core_metrics,FEDERAL_BASELINE_OR_CDS,https://collegescorecard.ed.gov/school/?189088,LATEST_FEDERAL_AVAILABLE_AS_OF_2026-09-13,2026-09-14,,CURRENT_OR_LATEST_AVAILABLE,MEDIUM,Batch 1 provenance. Preserve source cycle separately; do not imply all values are from the same academic year.
bard-college,ADMISSIONS,test_policy_2026_27,FAIRTEST_OR_OFFICIAL,https://fairtest.org/test-optional-list/,2026-27,2026-09-14,2026-09-14,CURRENT_OR_LATEST_AVAILABLE,HIGH,Batch 1 provenance. Preserve source cycle separately; do not imply all values are from the same academic year.
centre-college,IDENTITY,institution_identity,FEDERAL_BASELINE_OR_COLLEGEDATA,https://collegescorecard.ed.gov/school/?156408,LATEST_FEDERAL_AVAILABLE_AS_OF_2026-09-13,2026-09-14,,CURRENT_OR_LATEST_AVAILABLE,HIGH,Batch 1 provenance. Preserve source cycle separately; do not imply all values are from the same academic year.
centre-college,ADMISSIONS,core_metrics,FEDERAL_BASELINE_OR_CDS,https://collegescorecard.ed.gov/school/?156408,LATEST_FEDERAL_AVAILABLE_AS_OF_2026-09-13,2026-09-14,,CURRENT_OR_LATEST_AVAILABLE,MEDIUM,Batch 1 provenance. Preserve source cycle separately; do not imply all values are from the same academic year.
centre-college,ADMISSIONS,test_policy_2026_27,FAIRTEST_OR_OFFICIAL,https://www.centre.edu/news/centre-test-optional-policy-college-admission,2026-27,2026-09-14,2026-09-14,CURRENT_OR_LATEST_AVAILABLE,HIGH,Batch 1 provenance. Preserve source cycle separately; do not imply all values are from the same academic year.
berea-college,IDENTITY,institution_identity,FEDERAL_BASELINE_OR_COLLEGEDATA,https://collegescorecard.ed.gov/school/?156295,LATEST_FEDERAL_AVAILABLE_AS_OF_2026-09-13,2026-09-14,,CURRENT_OR_LATEST_AVAILABLE,HIGH,Batch 1 provenance. Preserve source cycle separately; do not imply all values are from the same academic year.
berea-college,ADMISSIONS,core_metrics,FEDERAL_BASELINE_OR_CDS,https://collegescorecard.ed.gov/school/?156295,LATEST_FEDERAL_AVAILABLE_AS_OF_2026-09-13,2026-09-14,,CURRENT_OR_LATEST_AVAILABLE,MEDIUM,Batch 1 provenance. Preserve source cycle separately; do not imply all values are from the same academic year.
berea-college,ADMISSIONS,test_policy_2026_27,FAIRTEST_OR_OFFICIAL,https://www.berea.edu/admissions/admission-requirements,2026-27,2026-09-14,2026-09-14,CURRENT_OR_LATEST_AVAILABLE,HIGH,Batch 1 provenance. Preserve source cycle separately; do not imply all values are from the same academic year.
trinity-university,IDENTITY,institution_identity,FEDERAL_BASELINE_OR_COLLEGEDATA,https://collegescorecard.ed.gov/school/?229267,LATEST_FEDERAL_AVAILABLE_AS_OF_2026-09-13,2026-09-14,,CURRENT_OR_LATEST_AVAILABLE,HIGH,Batch 1 provenance. Preserve source cycle separately; do not imply all values are from the same academic year.
trinity-university,ADMISSIONS,core_metrics,FEDERAL_BASELINE_OR_CDS,https://collegescorecard.ed.gov/school/?229267,LATEST_FEDERAL_AVAILABLE_AS_OF_2026-09-13,2026-09-14,,CURRENT_OR_LATEST_AVAILABLE,MEDIUM,Batch 1 provenance. Preserve source cycle separately; do not imply all values are from the same academic year.
trinity-university,ADMISSIONS,test_policy_2026_27,FAIRTEST_OR_OFFICIAL,https://trinity.edu/admissions-aid/why-trinity,2026-27,2026-09-14,2026-09-14,CURRENT_OR_LATEST_AVAILABLE,HIGH,Batch 1 provenance. Preserve source cycle separately; do not imply all values are from the same academic year.
babson-college,IDENTITY,institution_identity,FEDERAL_BASELINE_OR_COLLEGEDATA,https://collegescorecard.ed.gov/school/?164580,LATEST_FEDERAL_AVAILABLE_AS_OF_2026-09-13,2026-09-14,,CURRENT_OR_LATEST_AVAILABLE,HIGH,Batch 1 provenance. Preserve source cycle separately; do not imply all values are from the same academic year.
babson-college,ADMISSIONS,core_metrics,FEDERAL_BASELINE_OR_CDS,https://collegescorecard.ed.gov/school/?164580,LATEST_FEDERAL_AVAILABLE_AS_OF_2026-09-13,2026-09-14,,CURRENT_OR_LATEST_AVAILABLE,MEDIUM,Batch 1 provenance. Preserve source cycle separately; do not imply all values are from the same academic year.
babson-college,ADMISSIONS,test_policy_2026_27,FAIRTEST_OR_OFFICIAL,https://www.babson.edu/undergraduate/admission/how-to-apply/standardized-testing/,2026-27,2026-09-14,2026-09-14,CURRENT_OR_LATEST_AVAILABLE,HIGH,Batch 1 provenance. Preserve source cycle separately; do not imply all values are from the same academic year.
bentley-university,IDENTITY,institution_identity,FEDERAL_BASELINE_OR_COLLEGEDATA,https://collegescorecard.ed.gov/school/?164739,LATEST_FEDERAL_AVAILABLE_AS_OF_2026-09-13,2026-09-14,,CURRENT_OR_LATEST_AVAILABLE,HIGH,Batch 1 provenance. Preserve source cycle separately; do not imply all values are from the same academic year.
bentley-university,ADMISSIONS,core_metrics,FEDERAL_BASELINE_OR_CDS,https://collegescorecard.ed.gov/school/?164739,LATEST_FEDERAL_AVAILABLE_AS_OF_2026-09-13,2026-09-14,,CURRENT_OR_LATEST_AVAILABLE,MEDIUM,Batch 1 provenance. Preserve source cycle separately; do not imply all values are from the same academic year.
bentley-university,ADMISSIONS,test_policy_2026_27,FAIRTEST_OR_OFFICIAL,https://www.bentley.edu/undergraduate/apply/first-year-applicant,2026-27,2026-09-14,2026-09-14,CURRENT_OR_LATEST_AVAILABLE,HIGH,Batch 1 provenance. Preserve source cycle separately; do not imply all values are from the same academic year.
franklin-w-olin-college-of-engineering,IDENTITY,institution_identity,FEDERAL_BASELINE_OR_COLLEGEDATA,https://collegescorecard.ed.gov/school/?441982,LATEST_FEDERAL_AVAILABLE_AS_OF_2026-09-13,2026-09-14,,CURRENT_OR_LATEST_AVAILABLE,HIGH,Batch 1 provenance. Preserve source cycle separately; do not imply all values are from the same academic year.
franklin-w-olin-college-of-engineering,ADMISSIONS,core_metrics,FEDERAL_BASELINE_OR_CDS,https://collegescorecard.ed.gov/school/?441982,LATEST_FEDERAL_AVAILABLE_AS_OF_2026-09-13,2026-09-14,,CURRENT_OR_LATEST_AVAILABLE,MEDIUM,Batch 1 provenance. Preserve source cycle separately; do not imply all values are from the same academic year.
franklin-w-olin-college-of-engineering,ADMISSIONS,test_policy_2026_27,FAIRTEST_OR_OFFICIAL,https://www.olin.edu/admission/apply/admission-process,2026-27,2026-09-14,2026-09-14,CURRENT_OR_LATEST_AVAILABLE,HIGH,Batch 1 provenance. Preserve source cycle separately; do not imply all values are from the same academic year.
the-cooper-union,IDENTITY,institution_identity,FEDERAL_BASELINE_OR_COLLEGEDATA,https://collegescorecard.ed.gov/school/?190372,LATEST_FEDERAL_AVAILABLE_AS_OF_2026-09-13,2026-09-14,,CURRENT_OR_LATEST_AVAILABLE,HIGH,Batch 1 provenance. Preserve source cycle separately; do not imply all values are from the same academic year.
the-cooper-union,ADMISSIONS,core_metrics,FEDERAL_BASELINE_OR_CDS,https://collegescorecard.ed.gov/school/?190372,LATEST_FEDERAL_AVAILABLE_AS_OF_2026-09-13,2026-09-14,,CURRENT_OR_LATEST_AVAILABLE,MEDIUM,Batch 1 provenance. Preserve source cycle separately; do not imply all values are from the same academic year.
the-cooper-union,ADMISSIONS,test_policy_2026_27,FAIRTEST_OR_OFFICIAL,https://cooper.edu/admissions/standardized-test-requirements,2026-27,2026-09-14,2026-09-14,CURRENT_OR_LATEST_AVAILABLE,HIGH,Batch 1 provenance. Preserve source cycle separately; do not imply all values are from the same academic year.
rose-hulman-institute-of-technology,IDENTITY,institution_identity,FEDERAL_BASELINE_OR_COLLEGEDATA,https://collegescorecard.ed.gov/school/?152318,LATEST_FEDERAL_AVAILABLE_AS_OF_2026-09-13,2026-09-14,,CURRENT_OR_LATEST_AVAILABLE,HIGH,Batch 1 provenance. Preserve source cycle separately; do not imply all values are from the same academic year.
rose-hulman-institute-of-technology,ADMISSIONS,core_metrics,FEDERAL_BASELINE_OR_CDS,https://collegescorecard.ed.gov/school/?152318,LATEST_FEDERAL_AVAILABLE_AS_OF_2026-09-13,2026-09-14,,CURRENT_OR_LATEST_AVAILABLE,MEDIUM,Batch 1 provenance. Preserve source cycle separately; do not imply all values are from the same academic year.
rose-hulman-institute-of-technology,ADMISSIONS,test_policy_2026_27,FAIRTEST_OR_OFFICIAL,https://www.rose-hulman.edu/admissions-and-aid/the-application-process/application-and-deadlines/application-evaluation-criteria.html,2026-27,2026-09-14,2026-09-14,CURRENT_OR_LATEST_AVAILABLE,HIGH,Batch 1 provenance. Preserve source cycle separately; do not imply all values are from the same academic year.
rhode-island-school-of-design,IDENTITY,institution_identity,FEDERAL_BASELINE_OR_COLLEGEDATA,https://collegescorecard.ed.gov/school/?217493,LATEST_FEDERAL_AVAILABLE_AS_OF_2026-09-13,2026-09-14,,CURRENT_OR_LATEST_AVAILABLE,HIGH,Batch 1 provenance. Preserve source cycle separately; do not imply all values are from the same academic year.
rhode-island-school-of-design,ADMISSIONS,core_metrics,FEDERAL_BASELINE_OR_CDS,https://collegescorecard.ed.gov/school/?217493,LATEST_FEDERAL_AVAILABLE_AS_OF_2026-09-13,2026-09-14,,CURRENT_OR_LATEST_AVAILABLE,MEDIUM,Batch 1 provenance. Preserve source cycle separately; do not imply all values are from the same academic year.
rhode-island-school-of-design,ADMISSIONS,test_policy_2026_27,FAIRTEST_OR_OFFICIAL,https://fairtest.org/test-optional-list/,2026-27,2026-09-14,2026-09-14,CURRENT_OR_LATEST_AVAILABLE,HIGH,Batch 1 provenance. Preserve source cycle separately; do not imply all values are from the same academic year.
berklee-college-of-music,IDENTITY,institution_identity,FEDERAL_BASELINE_OR_COLLEGEDATA,https://collegescorecard.ed.gov/school/?164748,LATEST_FEDERAL_AVAILABLE_AS_OF_2026-09-13,2026-09-14,,CURRENT_OR_LATEST_AVAILABLE,HIGH,Batch 1 provenance. Preserve source cycle separately; do not imply all values are from the same academic year.
berklee-college-of-music,ADMISSIONS,core_metrics,FEDERAL_BASELINE_OR_CDS,https://collegescorecard.ed.gov/school/?164748,LATEST_FEDERAL_AVAILABLE_AS_OF_2026-09-13,2026-09-14,,CURRENT_OR_LATEST_AVAILABLE,MEDIUM,Batch 1 provenance. Preserve source cycle separately; do not imply all values are from the same academic year.
berklee-college-of-music,ADMISSIONS,test_policy_2026_27,FAIRTEST_OR_OFFICIAL,https://fairtest.org/test-optional-list/,2026-27,2026-09-14,2026-09-14,CURRENT_OR_LATEST_AVAILABLE,HIGH,Batch 1 provenance. Preserve source cycle separately; do not imply all values are from the same academic year.
the-juilliard-school,IDENTITY,institution_identity,FEDERAL_BASELINE_OR_COLLEGEDATA,https://collegescorecard.ed.gov/school/?192110,LATEST_FEDERAL_AVAILABLE_AS_OF_2026-09-13,2026-09-14,,CURRENT_OR_LATEST_AVAILABLE,HIGH,Batch 1 provenance. Preserve source cycle separately; do not imply all values are from the same academic year.
the-juilliard-school,ADMISSIONS,core_metrics,FEDERAL_BASELINE_OR_CDS,https://collegescorecard.ed.gov/school/?192110,LATEST_FEDERAL_AVAILABLE_AS_OF_2026-09-13,2026-09-14,,CURRENT_OR_LATEST_AVAILABLE,MEDIUM,Batch 1 provenance. Preserve source cycle separately; do not imply all values are from the same academic year.
the-juilliard-school,ADMISSIONS,test_policy_2026_27,FAIRTEST_OR_OFFICIAL,https://fairtest.org/test-optional-list/,2026-27,2026-09-14,2026-09-14,CURRENT_OR_LATEST_AVAILABLE,HIGH,Batch 1 provenance. Preserve source cycle separately; do not imply all values are from the same academic year.
school-of-the-art-institute-of-chicago,IDENTITY,institution_identity,FEDERAL_BASELINE_OR_COLLEGEDATA,https://collegescorecard.ed.gov/school/?143048,LATEST_FEDERAL_AVAILABLE_AS_OF_2026-09-13,2026-09-14,,CURRENT_OR_LATEST_AVAILABLE,HIGH,Batch 1 provenance. Preserve source cycle separately; do not imply all values are from the same academic year.
school-of-the-art-institute-of-chicago,ADMISSIONS,core_metrics,FEDERAL_BASELINE_OR_CDS,https://collegescorecard.ed.gov/school/?143048,LATEST_FEDERAL_AVAILABLE_AS_OF_2026-09-13,2026-09-14,,CURRENT_OR_LATEST_AVAILABLE,MEDIUM,Batch 1 provenance. Preserve source cycle separately; do not imply all values are from the same academic year.
school-of-the-art-institute-of-chicago,ADMISSIONS,test_policy_2026_27,FAIRTEST_OR_OFFICIAL,https://www.saic.edu/admissions/freshmen/how-to-apply,2026-27,2026-09-14,2026-09-14,CURRENT_OR_LATEST_AVAILABLE,HIGH,Batch 1 provenance. Preserve source cycle separately; do not imply all values are from the same academic year.
howard-university,IDENTITY,institution_identity,FEDERAL_BASELINE_OR_COLLEGEDATA,https://collegescorecard.ed.gov/school/?131520,LATEST_FEDERAL_AVAILABLE_AS_OF_2026-09-13,2026-09-14,,CURRENT_OR_LATEST_AVAILABLE,HIGH,Batch 1 provenance. Preserve source cycle separately; do not imply all values are from the same academic year.
howard-university,ADMISSIONS,core_metrics,FEDERAL_BASELINE_OR_CDS,https://collegescorecard.ed.gov/school/?131520,LATEST_FEDERAL_AVAILABLE_AS_OF_2026-09-13,2026-09-14,,CURRENT_OR_LATEST_AVAILABLE,MEDIUM,Batch 1 provenance. Preserve source cycle separately; do not imply all values are from the same academic year.
howard-university,ADMISSIONS,test_policy_2026_27,FAIRTEST_OR_OFFICIAL,https://admission.howard.edu/undergraduate/admission-policy,2026-27,2026-09-14,2026-09-14,CURRENT_OR_LATEST_AVAILABLE,HIGH,Batch 1 provenance. Preserve source cycle separately; do not imply all values are from the same academic year.
loyola-university-chicago,IDENTITY,institution_identity,FEDERAL_BASELINE_OR_COLLEGEDATA,https://collegescorecard.ed.gov/school/?146719,LATEST_FEDERAL_AVAILABLE_AS_OF_2026-09-13,2026-09-14,,CURRENT_OR_LATEST_AVAILABLE,HIGH,Batch 1 provenance. Preserve source cycle separately; do not imply all values are from the same academic year.
loyola-university-chicago,ADMISSIONS,core_metrics,FEDERAL_BASELINE_OR_CDS,https://collegescorecard.ed.gov/school/?146719,LATEST_FEDERAL_AVAILABLE_AS_OF_2026-09-13,2026-09-14,,CURRENT_OR_LATEST_AVAILABLE,MEDIUM,Batch 1 provenance. Preserve source cycle separately; do not imply all values are from the same academic year.
loyola-university-chicago,ADMISSIONS,test_policy_2026_27,FAIRTEST_OR_OFFICIAL,https://www.luc.edu/undergrad/apply/freshman/requirements/,2026-27,2026-09-14,2026-09-14,CURRENT_OR_LATEST_AVAILABLE,HIGH,Batch 1 provenance. Preserve source cycle separately; do not imply all values are from the same academic year.
marquette-university,IDENTITY,institution_identity,FEDERAL_BASELINE_OR_COLLEGEDATA,https://collegescorecard.ed.gov/school/?239105,LATEST_FEDERAL_AVAILABLE_AS_OF_2026-09-13,2026-09-14,,CURRENT_OR_LATEST_AVAILABLE,HIGH,Batch 1 provenance. Preserve source cycle separately; do not imply all values are from the same academic year.
marquette-university,ADMISSIONS,core_metrics,FEDERAL_BASELINE_OR_CDS,https://collegescorecard.ed.gov/school/?239105,LATEST_FEDERAL_AVAILABLE_AS_OF_2026-09-13,2026-09-14,,CURRENT_OR_LATEST_AVAILABLE,MEDIUM,Batch 1 provenance. Preserve source cycle separately; do not imply all values are from the same academic year.
marquette-university,ADMISSIONS,test_policy_2026_27,FAIRTEST_OR_OFFICIAL,https://fairtest.org/test-optional-list/,2026-27,2026-09-14,2026-09-14,CURRENT_OR_LATEST_AVAILABLE,HIGH,Batch 1 provenance. Preserve source cycle separately; do not imply all values are from the same academic year.
samford-university,IDENTITY,institution_identity,FEDERAL_BASELINE_OR_COLLEGEDATA,https://collegescorecard.ed.gov/school/?102049,LATEST_FEDERAL_AVAILABLE_AS_OF_2026-09-13,2026-09-14,,CURRENT_OR_LATEST_AVAILABLE,HIGH,Batch 1 provenance. Preserve source cycle separately; do not imply all values are from the same academic year.
samford-university,ADMISSIONS,core_metrics,FEDERAL_BASELINE_OR_CDS,https://collegescorecard.ed.gov/school/?102049,LATEST_FEDERAL_AVAILABLE_AS_OF_2026-09-13,2026-09-14,,CURRENT_OR_LATEST_AVAILABLE,MEDIUM,Batch 1 provenance. Preserve source cycle separately; do not imply all values are from the same academic year.
samford-university,ADMISSIONS,test_policy_2026_27,FAIRTEST_OR_OFFICIAL,https://www.samford.edu/admission/apply,2026-27,2026-09-14,2026-09-14,CURRENT_OR_LATEST_AVAILABLE,HIGH,Batch 1 provenance. Preserve source cycle separately; do not imply all values are from the same academic year.
