evalio_seed_order,school_id,school_name,country_code,state_region,city,institution_type,selection_group,selection_basis,application_platform_primary,application_platforms,test_policy_2026_27,test_policy_status,international_aid_policy,international_need_based_aid,meets_full_demonstrated_need_international,aid_policy_status,acceptance_rate,sat_25,sat_50,sat_75,act_25,act_50,act_75,app_fee_usd,tuition_usd,estimated_cost_of_attendance_usd,admissions_metrics_status,data_as_of,identity_confidence,collegedata_search_url,test_policy_source_url,aid_policy_source_url,current_data_reference,notes
1,princeton-university,Princeton University,US,NJ,Princeton,PRIVATE_NONPROFIT,National University,EVALIO_CURATED_200_PROMINENT_US_COLLEGES_NOT_OFFICIAL_RANKING,COMMON_APP,COMMON_APP,OPTIONAL,VERIFIED_2026_27_FAIRTEST,NEED_BLIND,YES,YES,VERIFIED_CURRENT_OFFICIAL,4.5,1500,,1580,34,,35,,59710,80440,VERIFIED_LATEST_FEDERAL_SOURCE,2026-09-13,HIGH,https://www.collegedata.fyi/api/schools/search?q=Princeton%20University,https://admission.princeton.edu/apply/standardized-testing,https://admission.princeton.edu/apply/international-students,https://collegescorecard.ed.gov/school/?186131,Latest available College Scorecard/IPEDS fields; not represented as 2026-27 outcomes. SAT bounds sum the corresponding official section percentiles; SAT/ACT medians and application fee remain blank unless directly sourced.
2,massachusetts-institute-of-technology,Massachusetts Institute of Technology,US,MA,Cambridge,PRIVATE_NONPROFIT,National University,EVALIO_CURATED_200_PROMINENT_US_COLLEGES_NOT_OFFICIAL_RANKING,INSTITUTIONAL,INSTITUTIONAL,REQUIRED,VERIFIED_2026_27_FAIRTEST,NEED_BLIND,YES,YES,VERIFIED_CURRENT_OFFICIAL,4.74,1510,,1580,34,,36,,60156,79850,VERIFIED_LATEST_FEDERAL_SOURCE,2026-09-13,HIGH,https://www.collegedata.fyi/api/schools/search?q=Massachusetts%20Institute%20of%20Technology,https://mitadmissions.org/blogs/entry/we-are-suspending-our-sat-act-requirement-for-the-2020-2021-application-cycle/,https://sfs.mit.edu/undergraduate-students/apply-for-aid/international/,https://collegescorecard.ed.gov/school/?166683,Latest available College Scorecard/IPEDS fields; not represented as 2026-27 outcomes. SAT bounds sum the corresponding official section percentiles; SAT/ACT medians and application fee remain blank unless directly sourced.
3,harvard-university,Harvard University,US,MA,Cambridge,PRIVATE_NONPROFIT,National University,EVALIO_CURATED_200_PROMINENT_US_COLLEGES_NOT_OFFICIAL_RANKING,COMMON_APP,COMMON_APP,REQUIRED,VERIFIED_2026_27_FAIRTEST,NEED_BLIND,YES,YES,VERIFIED_CURRENT_OFFICIAL,3.45,1500,,1580,34,,36,,59076,82842,VERIFIED_LATEST_FEDERAL_SOURCE,2026-09-13,HIGH,https://www.collegedata.fyi/api/schools/search?q=Harvard%20University,https://college.harvard.edu/admissions/apply/application-requirements,https://college.harvard.edu/financial-aid/how-aid-works,https://collegescorecard.ed.gov/school/?166027,Latest available College Scorecard/IPEDS fields; not represented as 2026-27 outcomes. SAT bounds sum the corresponding official section percentiles; SAT/ACT medians and application fee remain blank unless directly sourced.
4,stanford-university,Stanford University,US,CA,Stanford,PRIVATE_NONPROFIT,National University,EVALIO_CURATED_200_PROMINENT_US_COLLEGES_NOT_OFFICIAL_RANKING,COMMON_APP,COMMON_APP,REQUIRED,VERIFIED_2026_27_FAIRTEST,UNKNOWN,UNKNOWN,UNKNOWN,PENDING_CURRENT_VERIFICATION,3.91,1510,,1580,34,,35,,62484,82162,VERIFIED_LATEST_FEDERAL_SOURCE,2026-09-13,HIGH,https://www.collegedata.fyi/api/schools/search?q=Stanford%20University,https://admission.stanford.edu/apply/first-year/testing.html,,https://collegescorecard.ed.gov/school/?243744,Latest available College Scorecard/IPEDS fields; not represented as 2026-27 outcomes. SAT bounds sum the corresponding official section percentiles; SAT/ACT medians and application fee remain blank unless directly sourced.
5,yale-university,Yale University,US,CT,New Haven,PRIVATE_NONPROFIT,National University,EVALIO_CURATED_200_PROMINENT_US_COLLEGES_NOT_OFFICIAL_RANKING,COMMON_APP,COMMON_APP,REQUIRED,VERIFIED_2026_27_FAIRTEST,NEED_BLIND,YES,YES,VERIFIED_CURRENT_OFFICIAL,4.5,1500,,1580,33,,35,,64700,85120,VERIFIED_LATEST_FEDERAL_SOURCE,2026-09-13,HIGH,https://www.collegedata.fyi/api/schools/search?q=Yale%20University,https://admissions.yale.edu/test-flexible,https://admissions.yale.edu/international,https://collegescorecard.ed.gov/school/?130794,Latest available College Scorecard/IPEDS fields; not represented as 2026-27 outcomes. SAT bounds sum the corresponding official section percentiles; SAT/ACT medians and application fee remain blank unless directly sourced.
6,university-of-pennsylvania,University of Pennsylvania,US,PA,Philadelphia,PRIVATE_NONPROFIT,National University,EVALIO_CURATED_200_PROMINENT_US_COLLEGES_NOT_OFFICIAL_RANKING,COMMON_APP,COMMON_APP,REQUIRED,VERIFIED_2026_27_FAIRTEST,UNKNOWN,UNKNOWN,UNKNOWN,PENDING_CURRENT_VERIFICATION,5.87,1500,,1570,34,,35,,66104,85738,VERIFIED_LATEST_FEDERAL_SOURCE,2026-09-13,HIGH,https://www.collegedata.fyi/api/schools/search?q=University%20of%20Pennsylvania,https://admissions.upenn.edu/how-to-apply/preparing-your-application/testing,,https://collegescorecard.ed.gov/school/?215062,Latest available College Scorecard/IPEDS fields; not represented as 2026-27 outcomes. SAT bounds sum the corresponding official section percentiles; SAT/ACT medians and application fee remain blank unless directly sourced.
7,california-institute-of-technology,California Institute of Technology,US,CA,Pasadena,PRIVATE_NONPROFIT,National University,EVALIO_CURATED_200_PROMINENT_US_COLLEGES_NOT_OFFICIAL_RANKING,COMMON_APP,COMMON_APP,REQUIRED,VERIFIED_2026_27_FAIRTEST,UNKNOWN,UNKNOWN,UNKNOWN,PENDING_CURRENT_VERIFICATION,3.14,,,,,,,,63255,83598,VERIFIED_LATEST_FEDERAL_SOURCE,2026-09-13,HIGH,https://www.collegedata.fyi/api/schools/search?q=California%20Institute%20of%20Technology,https://www.caltech.edu/about/news/caltech-restores-standardized-test-requirement-for-undergraduate-admission,,https://collegescorecard.ed.gov/school/?110404,Latest available College Scorecard/IPEDS fields; not represented as 2026-27 outcomes. SAT bounds sum the corresponding official section percentiles; SAT/ACT medians and application fee remain blank unless directly sourced.
8,duke-university,Duke University,US,NC,Durham,PRIVATE_NONPROFIT,National University,EVALIO_CURATED_200_PROMINENT_US_COLLEGES_NOT_OFFICIAL_RANKING,COMMON_APP,COMMON_APP,OPTIONAL,VERIFIED_2026_27_FAIRTEST,UNKNOWN,UNKNOWN,UNKNOWN,PENDING_CURRENT_VERIFICATION,6.78,1510,,1570,34,,35,,65805,82749,VERIFIED_LATEST_FEDERAL_SOURCE,2026-09-13,HIGH,https://www.collegedata.fyi/api/schools/search?q=Duke%20University,https://admissions.duke.edu/resources/,,https://collegescorecard.ed.gov/school/?198419,Latest available College Scorecard/IPEDS fields; not represented as 2026-27 outcomes. SAT bounds sum the corresponding official section percentiles; SAT/ACT medians and application fee remain blank unless directly sourced.
9,brown-university,Brown University,US,RI,Providence,PRIVATE_NONPROFIT,National University,EVALIO_CURATED_200_PROMINENT_US_COLLEGES_NOT_OFFICIAL_RANKING,COMMON_APP,COMMON_APP,REQUIRED,VERIFIED_2026_27_FAIRTEST,NEED_BLIND,YES,YES,VERIFIED_CURRENT_OFFICIAL,5.23,1500,,1570,34,,35,,68230,84986,VERIFIED_LATEST_FEDERAL_SOURCE,2026-09-13,HIGH,https://www.collegedata.fyi/api/schools/search?q=Brown%20University,https://www.brown.edu/news/2024-03-05/admissions,https://admission.brown.edu/international/financial-aid,https://collegescorecard.ed.gov/school/?217156,Latest available College Scorecard/IPEDS fields; not represented as 2026-27 outcomes. SAT bounds sum the corresponding official section percentiles; SAT/ACT medians and application fee remain blank unless directly sourced.
10,johns-hopkins-university,Johns Hopkins University,US,MD,Baltimore,PRIVATE_NONPROFIT,National University,EVALIO_CURATED_200_PROMINENT_US_COLLEGES_NOT_OFFICIAL_RANKING,COMMON_APP,COMMON_APP,REQUIRED,VERIFIED_2026_27_FAIRTEST,UNKNOWN,UNKNOWN,UNKNOWN,PENDING_CURRENT_VERIFICATION,7.56,1530,,1580,34,,35,,63340,81300,VERIFIED_LATEST_FEDERAL_SOURCE,2026-09-13,HIGH,https://www.collegedata.fyi/api/schools/search?q=Johns%20Hopkins%20University,https://apply.jhu.edu/how-to-apply/application-deadlines-requirements/standardized-testing/,,https://collegescorecard.ed.gov/school/?162928,Latest available College Scorecard/IPEDS fields; not represented as 2026-27 outcomes. SAT bounds sum the corresponding official section percentiles; SAT/ACT medians and application fee remain blank unless directly sourced.
11,northwestern-university,Northwestern University,US,IL,Evanston,PRIVATE_NONPROFIT,National University,EVALIO_CURATED_200_PROMINENT_US_COLLEGES_NOT_OFFICIAL_RANKING,COMMON_APP,COMMON_APP,OPTIONAL,VERIFIED_2026_27_FAIRTEST,UNKNOWN,UNKNOWN,UNKNOWN,PENDING_CURRENT_VERIFICATION,7.15,1490,,1560,33,,35,,65997,87804,VERIFIED_LATEST_FEDERAL_SOURCE,2026-09-13,HIGH,https://www.collegedata.fyi/api/schools/search?q=Northwestern%20University,https://admissions.northwestern.edu/faqs/standardized-testing-policy/#:~:,,https://collegescorecard.ed.gov/school/?147767,Latest available College Scorecard/IPEDS fields; not represented as 2026-27 outcomes. SAT bounds sum the corresponding official section percentiles; SAT/ACT medians and application fee remain blank unless directly sourced.
12,columbia-university,Columbia University in the City of New York,US,NY,New York,PRIVATE_NONPROFIT,National University,EVALIO_CURATED_200_PROMINENT_US_COLLEGES_NOT_OFFICIAL_RANKING,COMMON_APP,COMMON_APP,OPTIONAL,VERIFIED_2026_27_FAIRTEST,UNKNOWN,UNKNOWN,UNKNOWN,PENDING_CURRENT_VERIFICATION,4.23,1490,,1570,34,,35,,69045,86042,VERIFIED_LATEST_FEDERAL_SOURCE,2026-09-13,HIGH,https://www.collegedata.fyi/api/schools/search?q=Columbia%20University,https://undergrad.admissions.columbia.edu/columbia-test-optional,,https://collegescorecard.ed.gov/school/?190150,Latest available College Scorecard/IPEDS fields; not represented as 2026-27 outcomes. SAT bounds sum the corresponding official section percentiles; SAT/ACT medians and application fee remain blank unless directly sourced.
13,cornell-university,Cornell University,US,NY,Ithaca,PRIVATE_NONPROFIT,National University,EVALIO_CURATED_200_PROMINENT_US_COLLEGES_NOT_OFFICIAL_RANKING,COMMON_APP,COMMON_APP,REQUIRED,VERIFIED_2026_27_FAIRTEST,UNKNOWN,UNKNOWN,UNKNOWN,PENDING_CURRENT_VERIFICATION,8.16,1480,,1560,33,,35,,66014,83196,VERIFIED_LATEST_FEDERAL_SOURCE,2026-09-13,HIGH,https://www.collegedata.fyi/api/schools/search?q=Cornell%20University,https://news.cornell.edu/stories/2024/04/cornell-reinstate-standardized-test-requirements-fall-2026,,https://collegescorecard.ed.gov/school/?190415,Latest available College Scorecard/IPEDS fields; not represented as 2026-27 outcomes. SAT bounds sum the corresponding official section percentiles; SAT/ACT medians and application fee remain blank unless directly sourced.
14,university-of-chicago,University of Chicago,US,IL,Chicago,PRIVATE_NONPROFIT,National University,EVALIO_CURATED_200_PROMINENT_US_COLLEGES_NOT_OFFICIAL_RANKING,COMMON_APP,COMMON_APP,OPTIONAL,VERIFIED_2026_27_FAIRTEST,UNKNOWN,UNKNOWN,UNKNOWN,PENDING_CURRENT_VERIFICATION,4.79,1510,,1570,34,,35,,66939,86856,VERIFIED_LATEST_FEDERAL_SOURCE,2026-09-13,HIGH,https://www.collegedata.fyi/api/schools/search?q=University%20of%20Chicago,https://fairtest.org/test-optional-list/,,https://collegescorecard.ed.gov/school/?144050,Latest available College Scorecard/IPEDS fields; not represented as 2026-27 outcomes. SAT bounds sum the corresponding official section percentiles; SAT/ACT medians and application fee remain blank unless directly sourced.
15,university-of-california-berkeley,University of California-Berkeley,US,CA,Berkeley,PUBLIC,National University,EVALIO_CURATED_200_PROMINENT_US_COLLEGES_NOT_OFFICIAL_RANKING,UC_APPLICATION,UC_APPLICATION,BLIND,VERIFIED_2026_27_FAIRTEST,UNKNOWN,UNKNOWN,UNKNOWN,PENDING_CURRENT_VERIFICATION,11.66,,,,,,,,45627,,VERIFIED_LATEST_FEDERAL_SOURCE,2026-09-13,HIGH,https://www.collegedata.fyi/api/schools/search?q=University%20of%20California%2C%20Berkeley,https://fairtest.org/test-optional-list/,,https://collegescorecard.ed.gov/school/?110635,Latest available College Scorecard/IPEDS fields; not represented as 2026-27 outcomes. SAT bounds sum the corresponding official section percentiles; SAT/ACT medians and application fee remain blank unless directly sourced.
16,university-of-california-los-angeles,University of California-Los Angeles,US,CA,Los Angeles,PUBLIC,National University,EVALIO_CURATED_200_PROMINENT_US_COLLEGES_NOT_OFFICIAL_RANKING,UC_APPLICATION,UC_APPLICATION,BLIND,VERIFIED_2026_27_FAIRTEST,UNKNOWN,UNKNOWN,UNKNOWN,PENDING_CURRENT_VERIFICATION,8.73,,,,,,,,44524,,VERIFIED_LATEST_FEDERAL_SOURCE,2026-09-13,HIGH,https://www.collegedata.fyi/api/schools/search?q=University%20of%20California%2C%20Los%20Angeles,https://fairtest.org/test-optional-list/,,https://collegescorecard.ed.gov/school/?110662,Latest available College Scorecard/IPEDS fields; not represented as 2026-27 outcomes. SAT bounds sum the corresponding official section percentiles; SAT/ACT medians and application fee remain blank unless directly sourced.
17,rice-university,Rice University,US,TX,Houston,PRIVATE_NONPROFIT,National University,EVALIO_CURATED_200_PROMINENT_US_COLLEGES_NOT_OFFICIAL_RANKING,COMMON_APP,COMMON_APP,OPTIONAL,VERIFIED_2026_27_FAIRTEST,UNKNOWN,UNKNOWN,UNKNOWN,PENDING_CURRENT_VERIFICATION,7.88,1500,,1570,34,,36,,58128,74110,VERIFIED_LATEST_FEDERAL_SOURCE,2026-09-13,HIGH,https://www.collegedata.fyi/api/schools/search?q=Rice%20University,https://admission.rice.edu/apply/first-year-domestic-applicants,,https://collegescorecard.ed.gov/school/?227757,Latest available College Scorecard/IPEDS fields; not represented as 2026-27 outcomes. SAT bounds sum the corresponding official section percentiles; SAT/ACT medians and application fee remain blank unless directly sourced.
18,dartmouth-college,Dartmouth College,US,NH,Hanover,PRIVATE_NONPROFIT,National University,EVALIO_CURATED_200_PROMINENT_US_COLLEGES_NOT_OFFICIAL_RANKING,COMMON_APP,COMMON_APP,REQUIRED,VERIFIED_2026_27_FAIRTEST,NEED_BLIND,YES,YES,VERIFIED_CURRENT_OFFICIAL,6.23,1500,,1570,33,,35,,65739,83802,VERIFIED_LATEST_FEDERAL_SOURCE,2026-09-13,HIGH,https://www.collegedata.fyi/api/schools/search?q=Dartmouth%20College,https://admissions.dartmouth.edu/apply/update-testing-policy,https://financialaid.dartmouth.edu/apply-aid/international-students,https://collegescorecard.ed.gov/school/?182670,Latest available College Scorecard/IPEDS fields; not represented as 2026-27 outcomes. SAT bounds sum the corresponding official section percentiles; SAT/ACT medians and application fee remain blank unless directly sourced.
19,vanderbilt-university,Vanderbilt University,US,TN,Nashville,PRIVATE_NONPROFIT,National University,EVALIO_CURATED_200_PROMINENT_US_COLLEGES_NOT_OFFICIAL_RANKING,COMMON_APP,COMMON_APP,OPTIONAL,VERIFIED_2026_27_FAIRTEST,UNKNOWN,UNKNOWN,UNKNOWN,PENDING_CURRENT_VERIFICATION,6.28,1510,,1560,34,,35,,63946,84412,VERIFIED_LATEST_FEDERAL_SOURCE,2026-09-13,HIGH,https://www.collegedata.fyi/api/schools/search?q=Vanderbilt%20University,https://admissions.vanderbilt.edu/apply/testing-policies/,,https://collegescorecard.ed.gov/school/?221999,Latest available College Scorecard/IPEDS fields; not represented as 2026-27 outcomes. SAT bounds sum the corresponding official section percentiles; SAT/ACT medians and application fee remain blank unless directly sourced.
20,university-of-notre-dame,University of Notre Dame,US,IN,Notre Dame,PRIVATE_NONPROFIT,National University,EVALIO_CURATED_200_PROMINENT_US_COLLEGES_NOT_OFFICIAL_RANKING,COMMON_APP,COMMON_APP,OPTIONAL,VERIFIED_2026_27_FAIRTEST,UNKNOWN,UNKNOWN,UNKNOWN,PENDING_CURRENT_VERIFICATION,12.38,1440,,1540,33,,35,,62693,80211,VERIFIED_LATEST_FEDERAL_SOURCE,2026-09-13,HIGH,https://www.collegedata.fyi/api/schools/search?q=University%20of%20Notre%20Dame,https://admissions.nd.edu/apply/application-overview/,,https://collegescorecard.ed.gov/school/?152080,Latest available College Scorecard/IPEDS fields; not represented as 2026-27 outcomes. SAT bounds sum the corresponding official section percentiles; SAT/ACT medians and application fee remain blank unless directly sourced.
21,university-of-michiganann-arbor,University of Michigan-Ann Arbor,US,MI,Ann Arbor,PUBLIC,National University,EVALIO_CURATED_200_PROMINENT_US_COLLEGES_NOT_OFFICIAL_RANKING,COMMON_APP,COMMON_APP,OPTIONAL,VERIFIED_2026_27_FAIRTEST,UNKNOWN,UNKNOWN,UNKNOWN,PENDING_CURRENT_VERIFICATION,17.94,1350,,1530,31,,34,,58072,,VERIFIED_LATEST_FEDERAL_SOURCE,2026-09-13,HIGH,https://www.collegedata.fyi/api/schools/search?q=University%20of%20Michigan%E2%80%94Ann%20Arbor,https://admissions.umich.edu/apply/first-year-applicants/requirements-deadlines/application-changes,,https://collegescorecard.ed.gov/school/?170976,Latest available College Scorecard/IPEDS fields; not represented as 2026-27 outcomes. SAT bounds sum the corresponding official section percentiles; SAT/ACT medians and application fee remain blank unless directly sourced.
22,georgetown-university,Georgetown University,US,DC,Washington,PRIVATE_NONPROFIT,National University,EVALIO_CURATED_200_PROMINENT_US_COLLEGES_NOT_OFFICIAL_RANKING,INSTITUTIONAL,INSTITUTIONAL,REQUIRED,VERIFIED_2026_27_FAIRTEST,UNKNOWN,UNKNOWN,UNKNOWN,PENDING_CURRENT_VERIFICATION,13.08,1390,,1550,32,,34,,65081,84696,VERIFIED_LATEST_FEDERAL_SOURCE,2026-09-13,HIGH,https://www.collegedata.fyi/api/schools/search?q=Georgetown%20University,https://uadmissions.georgetown.edu/applying/first-year-application/,,https://collegescorecard.ed.gov/school/?131496,Latest available College Scorecard/IPEDS fields; not represented as 2026-27 outcomes. SAT bounds sum the corresponding official section percentiles; SAT/ACT medians and application fee remain blank unless directly sourced.
23,university-of-virginia,University of Virginia-Main Campus,US,VA,Charlottesville,PUBLIC,National University,EVALIO_CURATED_200_PROMINENT_US_COLLEGES_NOT_OFFICIAL_RANKING,COMMON_APP,COMMON_APP,OPTIONAL,VERIFIED_2026_27_FAIRTEST,UNKNOWN,UNKNOWN,UNKNOWN,PENDING_CURRENT_VERIFICATION,16.86,1410,,1530,32,,34,,58014,,VERIFIED_LATEST_FEDERAL_SOURCE,2026-09-13,MEDIUM,https://www.collegedata.fyi/api/schools/search?q=University%20of%20Virginia,https://www.devry.edu/admissions/undergraduate-admissions.html,,https://collegescorecard.ed.gov/school/?234076,Latest available College Scorecard/IPEDS fields; not represented as 2026-27 outcomes. SAT bounds sum the corresponding official section percentiles; SAT/ACT medians and application fee remain blank unless directly sourced.
24,washington-university-in-st-louis,Washington University in St Louis,US,MO,Saint Louis,PRIVATE_NONPROFIT,National University,EVALIO_CURATED_200_PROMINENT_US_COLLEGES_NOT_OFFICIAL_RANKING,COMMON_APP,COMMON_APP,OPTIONAL,VERIFIED_2026_27_FAIRTEST,UNKNOWN,UNKNOWN,UNKNOWN,PENDING_CURRENT_VERIFICATION,11.96,1500,,1570,33,,35,,62982,83476,VERIFIED_LATEST_FEDERAL_SOURCE,2026-09-13,HIGH,https://www.collegedata.fyi/api/schools/search?q=Washington%20University%20in%20St.%20Louis,https://admissions.wustl.edu/how-to-apply/application-process/,,https://collegescorecard.ed.gov/school/?179867,Latest available College Scorecard/IPEDS fields; not represented as 2026-27 outcomes. SAT bounds sum the corresponding official section percentiles; SAT/ACT medians and application fee remain blank unless directly sourced.
25,carnegie-mellon-university,Carnegie Mellon University,US,PA,Pittsburgh,PRIVATE_NONPROFIT,National University,EVALIO_CURATED_200_PROMINENT_US_COLLEGES_NOT_OFFICIAL_RANKING,COMMON_APP,COMMON_APP,REQUIRED,VERIFIED_2026_27_FAIRTEST,UNKNOWN,UNKNOWN,UNKNOWN,PENDING_CURRENT_VERIFICATION,11.4,1500,,1570,34,,35,,63829,80514,VERIFIED_LATEST_FEDERAL_SOURCE,2026-09-13,HIGH,https://www.collegedata.fyi/api/schools/search?q=Carnegie%20Mellon%20University,https://www.cmu.edu/admission/standardized-testing,,https://collegescorecard.ed.gov/school/?211440,Latest available College Scorecard/IPEDS fields; not represented as 2026-27 outcomes. SAT bounds sum the corresponding official section percentiles; SAT/ACT medians and application fee remain blank unless directly sourced.
26,emory-university,Emory University,US,GA,Atlanta,PRIVATE_NONPROFIT,National University,EVALIO_CURATED_200_PROMINENT_US_COLLEGES_NOT_OFFICIAL_RANKING,COMMON_APP,COMMON_APP,OPTIONAL,VERIFIED_2026_27_FAIRTEST,UNKNOWN,UNKNOWN,UNKNOWN,PENDING_CURRENT_VERIFICATION,11.1,1460,,1550,32,,34,,60774,78814,VERIFIED_LATEST_FEDERAL_SOURCE,2026-09-13,HIGH,https://www.collegedata.fyi/api/schools/search?q=Emory%20University,https://apply.emory.edu/apply/first-year/tips/standardized-exam-policies.html,,https://collegescorecard.ed.gov/school/?139658,Latest available College Scorecard/IPEDS fields; not represented as 2026-27 outcomes. SAT bounds sum the corresponding official section percentiles; SAT/ACT medians and application fee remain blank unless directly sourced.
27,university-of-southern-california,University of Southern California,US,CA,Los Angeles,PRIVATE_NONPROFIT,National University,EVALIO_CURATED_200_PROMINENT_US_COLLEGES_NOT_OFFICIAL_RANKING,COMMON_APP,COMMON_APP,OPTIONAL,VERIFIED_2026_27_FAIRTEST,UNKNOWN,UNKNOWN,UNKNOWN,PENDING_CURRENT_VERIFICATION,10.02,1440,,1550,32,,35,,68237,84678,VERIFIED_LATEST_FEDERAL_SOURCE,2026-09-13,HIGH,https://www.collegedata.fyi/api/schools/search?q=University%20of%20Southern%20California,https://dornsife.usc.edu/admission/apply/,,https://collegescorecard.ed.gov/school/?123961,Latest available College Scorecard/IPEDS fields; not represented as 2026-27 outcomes. SAT bounds sum the corresponding official section percentiles; SAT/ACT medians and application fee remain blank unless directly sourced.
28,university-of-california-san-diego,University of California-San Diego,US,CA,La Jolla,PUBLIC,National University,EVALIO_CURATED_200_PROMINENT_US_COLLEGES_NOT_OFFICIAL_RANKING,UC_APPLICATION,UC_APPLICATION,BLIND,VERIFIED_2026_27_FAIRTEST,UNKNOWN,UNKNOWN,UNKNOWN,PENDING_CURRENT_VERIFICATION,24.52,,,,,,,,46042,,VERIFIED_LATEST_FEDERAL_SOURCE,2026-09-13,HIGH,https://www.collegedata.fyi/api/schools/search?q=University%20of%20California%2C%20San%20Diego,https://fairtest.org/test-optional-list/,,https://collegescorecard.ed.gov/school/?110680,Latest available College Scorecard/IPEDS fields; not represented as 2026-27 outcomes. SAT bounds sum the corresponding official section percentiles; SAT/ACT medians and application fee remain blank unless directly sourced.
29,university-of-florida,University of Florida,US,FL,Gainesville,PUBLIC,National University,EVALIO_CURATED_200_PROMINENT_US_COLLEGES_NOT_OFFICIAL_RANKING,COMMON_APP,COMMON_APP,REQUIRED,VERIFIED_2026_27_FAIRTEST,UNKNOWN,UNKNOWN,UNKNOWN,PENDING_CURRENT_VERIFICATION,24.03,1300,,1480,28,,33,,28659,,VERIFIED_LATEST_FEDERAL_SOURCE,2026-09-13,HIGH,https://www.collegedata.fyi/api/schools/search?q=University%20of%20Florida,https://fairtest.org/test-optional-list/,,https://collegescorecard.ed.gov/school/?134130,Latest available College Scorecard/IPEDS fields; not represented as 2026-27 outcomes. SAT bounds sum the corresponding official section percentiles; SAT/ACT medians and application fee remain blank unless directly sourced.
30,university-of-california-davis,University of California-Davis,US,CA,Davis,PUBLIC,National University,EVALIO_CURATED_200_PROMINENT_US_COLLEGES_NOT_OFFICIAL_RANKING,UC_APPLICATION,UC_APPLICATION,BLIND,VERIFIED_2026_27_FAIRTEST,UNKNOWN,UNKNOWN,UNKNOWN,PENDING_CURRENT_VERIFICATION,41.63,,,,,,,,46024,,VERIFIED_LATEST_FEDERAL_SOURCE,2026-09-13,HIGH,https://www.collegedata.fyi/api/schools/search?q=University%20of%20California%2C%20Davis,https://fairtest.org/test-optional-list/,,https://collegescorecard.ed.gov/school/?110644,Latest available College Scorecard/IPEDS fields; not represented as 2026-27 outcomes. SAT bounds sum the corresponding official section percentiles; SAT/ACT medians and application fee remain blank unless directly sourced.
31,university-of-texas-at-austin,The University of Texas at Austin,US,TX,Austin,PUBLIC,National University,EVALIO_CURATED_200_PROMINENT_US_COLLEGES_NOT_OFFICIAL_RANKING,COMMON_APP,COMMON_APP;APPLYTEXAS,REQUIRED,VERIFIED_2026_27_FAIRTEST,UNKNOWN,UNKNOWN,UNKNOWN,PENDING_CURRENT_VERIFICATION,29.12,1230,,1490,27,,33,,42778,,VERIFIED_LATEST_FEDERAL_SOURCE,2026-09-13,HIGH,https://www.collegedata.fyi/api/schools/search?q=University%20of%20Texas%20at%20Austin,https://news.utexas.edu/2024/03/11/ut-austin-reinstates-standardized-test-scores-in-admissions/,,https://collegescorecard.ed.gov/school/?228778,Latest available College Scorecard/IPEDS fields; not represented as 2026-27 outcomes. SAT bounds sum the corresponding official section percentiles; SAT/ACT medians and application fee remain blank unless directly sourced.
32,university-of-california-irvine,University of California-Irvine,US,CA,Irvine,PUBLIC,National University,EVALIO_CURATED_200_PROMINENT_US_COLLEGES_NOT_OFFICIAL_RANKING,UC_APPLICATION,UC_APPLICATION,BLIND,VERIFIED_2026_27_FAIRTEST,UNKNOWN,UNKNOWN,UNKNOWN,PENDING_CURRENT_VERIFICATION,25.57,,,,,,,,45014,,VERIFIED_LATEST_FEDERAL_SOURCE,2026-09-13,HIGH,https://www.collegedata.fyi/api/schools/search?q=University%20of%20California%2C%20Irvine,https://fairtest.org/test-optional-list/,,https://collegescorecard.ed.gov/school/?110653,Latest available College Scorecard/IPEDS fields; not represented as 2026-27 outcomes. SAT bounds sum the corresponding official section percentiles; SAT/ACT medians and application fee remain blank unless directly sourced.
33,georgia-institute-of-technology,Georgia Institute of Technology-Main Campus,US,GA,Atlanta,PUBLIC,National University,EVALIO_CURATED_200_PROMINENT_US_COLLEGES_NOT_OFFICIAL_RANKING,COMMON_APP,COMMON_APP,REQUIRED,VERIFIED_2026_27_FAIRTEST,UNKNOWN,UNKNOWN,UNKNOWN,PENDING_CURRENT_VERIFICATION,16.46,1330,,1530,28,,34,,32876,,VERIFIED_LATEST_FEDERAL_SOURCE,2026-09-13,HIGH,https://www.collegedata.fyi/api/schools/search?q=Georgia%20Institute%20of%20Technology,https://admission.gatech.edu/first-year/standardized-tests,,https://collegescorecard.ed.gov/school/?139755,Latest available College Scorecard/IPEDS fields; not represented as 2026-27 outcomes. SAT bounds sum the corresponding official section percentiles; SAT/ACT medians and application fee remain blank unless directly sourced.
34,university-of-california-santa-barbara,University of California-Santa Barbara,US,CA,Santa Barbara,PUBLIC,National University,EVALIO_CURATED_200_PROMINENT_US_COLLEGES_NOT_OFFICIAL_RANKING,UC_APPLICATION,UC_APPLICATION,BLIND,VERIFIED_2026_27_FAIRTEST,UNKNOWN,UNKNOWN,UNKNOWN,PENDING_CURRENT_VERIFICATION,27.78,,,,,,,,45742,,VERIFIED_LATEST_FEDERAL_SOURCE,2026-09-13,HIGH,https://www.collegedata.fyi/api/schools/search?q=University%20of%20California%2C%20Santa%20Barbara,https://fairtest.org/test-optional-list/,,https://collegescorecard.ed.gov/school/?110705,Latest available College Scorecard/IPEDS fields; not represented as 2026-27 outcomes. SAT bounds sum the corresponding official section percentiles; SAT/ACT medians and application fee remain blank unless directly sourced.
35,university-of-illinois-urbana-champaign,University of Illinois Urbana-Champaign,US,IL,Champaign,PUBLIC,National University,EVALIO_CURATED_200_PROMINENT_US_COLLEGES_NOT_OFFICIAL_RANKING,COMMON_APP,COMMON_APP,OPTIONAL,VERIFIED_2026_27_FAIRTEST,UNKNOWN,UNKNOWN,UNKNOWN,PENDING_CURRENT_VERIFICATION,43.69,1270,,1510,29,,34,,34501,,VERIFIED_LATEST_FEDERAL_SOURCE,2026-09-13,HIGH,https://www.collegedata.fyi/api/schools/search?q=University%20of%20Illinois%20Urbana-Champaign,https://www.admissions.illinois.edu/faq/applicant-freshman,,https://collegescorecard.ed.gov/school/?145637,Latest available College Scorecard/IPEDS fields; not represented as 2026-27 outcomes. SAT bounds sum the corresponding official section percentiles; SAT/ACT medians and application fee remain blank unless directly sourced.
36,university-of-wisconsinmadison,University of Wisconsin-Madison,US,WI,Madison,PUBLIC,National University,EVALIO_CURATED_200_PROMINENT_US_COLLEGES_NOT_OFFICIAL_RANKING,COMMON_APP,COMMON_APP,OPTIONAL,VERIFIED_2026_27_FAIRTEST,UNKNOWN,UNKNOWN,UNKNOWN,PENDING_CURRENT_VERIFICATION,43.35,1360,,1510,28,,32,,40603,,VERIFIED_LATEST_FEDERAL_SOURCE,2026-09-13,HIGH,https://www.collegedata.fyi/api/schools/search?q=University%20of%20Wisconsin%E2%80%93Madison,https://admissions.wisc.edu/act_sat_faq/,,https://collegescorecard.ed.gov/school/?240444,Latest available College Scorecard/IPEDS fields; not represented as 2026-27 outcomes. SAT bounds sum the corresponding official section percentiles; SAT/ACT medians and application fee remain blank unless directly sourced.
37,new-york-university,New York University,US,NY,New York,PRIVATE_NONPROFIT,National University,EVALIO_CURATED_200_PROMINENT_US_COLLEGES_NOT_OFFICIAL_RANKING,COMMON_APP,COMMON_APP,OPTIONAL,VERIFIED_2026_27_FAIRTEST,UNKNOWN,UNKNOWN,UNKNOWN,PENDING_CURRENT_VERIFICATION,9.41,1480,,1570,33,,35,,60438,79121,VERIFIED_LATEST_FEDERAL_SOURCE,2026-09-13,HIGH,https://www.collegedata.fyi/api/schools/search?q=New%20York%20University,https://www.nyu.edu/admissions/undergraduate-admissions/how-to-apply/standardized-tests.html,,https://collegescorecard.ed.gov/school/?193900,Latest available College Scorecard/IPEDS fields; not represented as 2026-27 outcomes. SAT bounds sum the corresponding official section percentiles; SAT/ACT medians and application fee remain blank unless directly sourced.
38,boston-college,Boston College,US,MA,Chestnut Hill,PRIVATE_NONPROFIT,National University,EVALIO_CURATED_200_PROMINENT_US_COLLEGES_NOT_OFFICIAL_RANKING,COMMON_APP,COMMON_APP,OPTIONAL,VERIFIED_2026_27_FAIRTEST,UNKNOWN,UNKNOWN,UNKNOWN,PENDING_CURRENT_VERIFICATION,15.65,1430,,1540,33,,34,,67680,83683,VERIFIED_LATEST_FEDERAL_SOURCE,2026-09-13,HIGH,https://www.collegedata.fyi/api/schools/search?q=Boston%20College,https://www.bc.edu/bc-web/admission/apply/test-optional.html,,https://collegescorecard.ed.gov/school/?164924,Latest available College Scorecard/IPEDS fields; not represented as 2026-27 outcomes. SAT bounds sum the corresponding official section percentiles; SAT/ACT medians and application fee remain blank unless directly sourced.
39,university-of-washington,University of Washington-Seattle Campus,US,WA,Seattle,PUBLIC,National University,EVALIO_CURATED_200_PROMINENT_US_COLLEGES_NOT_OFFICIAL_RANKING,COMMON_APP,COMMON_APP,OPTIONAL,VERIFIED_2026_27_FAIRTEST,UNKNOWN,UNKNOWN,UNKNOWN,PENDING_CURRENT_VERIFICATION,42.53,,,,,,,,41997,,VERIFIED_LATEST_FEDERAL_SOURCE,2026-09-13,MEDIUM,https://www.collegedata.fyi/api/schools/search?q=University%20of%20Washington,https://www.washington.edu/news/2020/06/11/uw-removes-standardized-testing-requirement-for-incoming-students-beyond-fall-2021/,,https://collegescorecard.ed.gov/school/?236948,Latest available College Scorecard/IPEDS fields; not represented as 2026-27 outcomes. SAT bounds sum the corresponding official section percentiles; SAT/ACT medians and application fee remain blank unless directly sourced.
40,tufts-university,Tufts University,US,MA,Medford,PRIVATE_NONPROFIT,National University,EVALIO_CURATED_200_PROMINENT_US_COLLEGES_NOT_OFFICIAL_RANKING,COMMON_APP,COMMON_APP,OPTIONAL,VERIFIED_2026_27_FAIRTEST,UNKNOWN,UNKNOWN,UNKNOWN,PENDING_CURRENT_VERIFICATION,10.13,1460,,1550,33,,35,,67844,84600,VERIFIED_LATEST_FEDERAL_SOURCE,2026-09-13,HIGH,https://www.collegedata.fyi/api/schools/search?q=Tufts%20University,https://now.tufts.edu/2023/01/17/applications-undergraduate-class-2027-top-34000,,https://collegescorecard.ed.gov/school/?168148,Latest available College Scorecard/IPEDS fields; not represented as 2026-27 outcomes. SAT bounds sum the corresponding official section percentiles; SAT/ACT medians and application fee remain blank unless directly sourced.
41,rutgers-universitynew-brunswick,Rutgers University-New Brunswick,US,NJ,New Brunswick,PUBLIC,National University,EVALIO_CURATED_200_PROMINENT_US_COLLEGES_NOT_OFFICIAL_RANKING,COMMON_APP,COMMON_APP,OPTIONAL,VERIFIED_2026_27_FAIRTEST,UNKNOWN,UNKNOWN,UNKNOWN,PENDING_CURRENT_VERIFICATION,65.35,1270,,1480,28,,33,,36001,,VERIFIED_LATEST_FEDERAL_SOURCE,2026-09-13,HIGH,https://www.collegedata.fyi/api/schools/search?q=Rutgers%20University%E2%80%93New%20Brunswick,https://admissions.rutgers.edu/FAQ,,https://collegescorecard.ed.gov/school/?186380,Latest available College Scorecard/IPEDS fields; not represented as 2026-27 outcomes. SAT bounds sum the corresponding official section percentiles; SAT/ACT medians and application fee remain blank unless directly sourced.
42,boston-university,Boston University,US,MA,Boston,PRIVATE_NONPROFIT,National University,EVALIO_CURATED_200_PROMINENT_US_COLLEGES_NOT_OFFICIAL_RANKING,COMMON_APP,COMMON_APP,OPTIONAL,VERIFIED_2026_27_FAIRTEST,UNKNOWN,UNKNOWN,UNKNOWN,PENDING_CURRENT_VERIFICATION,10.85,1400,,1520,32,,34,,65168,82694,VERIFIED_LATEST_FEDERAL_SOURCE,2026-09-13,HIGH,https://www.collegedata.fyi/api/schools/search?q=Boston%20University,https://www.bu.edu/admissions/apply/first-year/test-policy/,,https://collegescorecard.ed.gov/school/?164988,Latest available College Scorecard/IPEDS fields; not represented as 2026-27 outcomes. SAT bounds sum the corresponding official section percentiles; SAT/ACT medians and application fee remain blank unless directly sourced.
43,the-ohio-state-university,Ohio State University-Main Campus,US,OH,Columbus,PUBLIC,National University,EVALIO_CURATED_200_PROMINENT_US_COLLEGES_NOT_OFFICIAL_RANKING,COMMON_APP,COMMON_APP,REQUIRED,VERIFIED_2026_27_FAIRTEST,UNKNOWN,UNKNOWN,UNKNOWN,PENDING_CURRENT_VERIFICATION,50.82,1330,,1480,29,,32,,38365,,VERIFIED_LATEST_FEDERAL_SOURCE,2026-09-13,MEDIUM,https://www.collegedata.fyi/api/schools/search?q=The%20Ohio%20State%20University,https://undergrad.osu.edu/apply/freshmen-columbus/apply-step-by-step,,https://collegescorecard.ed.gov/school/?204796,Latest available College Scorecard/IPEDS fields; not represented as 2026-27 outcomes. SAT bounds sum the corresponding official section percentiles; SAT/ACT medians and application fee remain blank unless directly sourced.
44,university-of-maryland-college-park,University of Maryland-College Park,US,MD,College Park,PUBLIC,National University,EVALIO_CURATED_200_PROMINENT_US_COLLEGES_NOT_OFFICIAL_RANKING,COMMON_APP,COMMON_APP,OPTIONAL,VERIFIED_2026_27_FAIRTEST,UNKNOWN,UNKNOWN,UNKNOWN,PENDING_CURRENT_VERIFICATION,44.84,1370,,1520,32,,35,,40306,,VERIFIED_LATEST_FEDERAL_SOURCE,2026-09-13,HIGH,https://www.collegedata.fyi/api/schools/search?q=University%20of%20Maryland%2C%20College%20Park,https://admissions.umd.edu/apply/freshman-application-faqs,,https://collegescorecard.ed.gov/school/?163286,Latest available College Scorecard/IPEDS fields; not represented as 2026-27 outcomes. SAT bounds sum the corresponding official section percentiles; SAT/ACT medians and application fee remain blank unless directly sourced.
45,university-of-rochester,University of Rochester,US,NY,Rochester,PRIVATE_NONPROFIT,National University,EVALIO_CURATED_200_PROMINENT_US_COLLEGES_NOT_OFFICIAL_RANKING,COMMON_APP,COMMON_APP,OPTIONAL,VERIFIED_2026_27_FAIRTEST,UNKNOWN,UNKNOWN,UNKNOWN,PENDING_CURRENT_VERIFICATION,35.85,1400,,1540,31,,34,,64348,82600,VERIFIED_LATEST_FEDERAL_SOURCE,2026-09-13,HIGH,https://www.collegedata.fyi/api/schools/search?q=University%20of%20Rochester,https://enrollment.rochester.edu/testing-policy/#test-optional,,https://collegescorecard.ed.gov/school/?195030,Latest available College Scorecard/IPEDS fields; not represented as 2026-27 outcomes. SAT bounds sum the corresponding official section percentiles; SAT/ACT medians and application fee remain blank unless directly sourced.
46,purdue-university,Purdue University Global,US,IN,West Lafayette,PUBLIC,National University,EVALIO_CURATED_200_PROMINENT_US_COLLEGES_NOT_OFFICIAL_RANKING,COMMON_APP,COMMON_APP,OPTIONAL,VERIFIED_2026_27_FAIRTEST,UNKNOWN,UNKNOWN,UNKNOWN,PENDING_CURRENT_VERIFICATION,,,,,,,,,14421,17994,VERIFIED_LATEST_FEDERAL_SOURCE,2026-09-13,HIGH,https://www.collegedata.fyi/api/schools/search?q=Purdue%20University,https://www.purdueglobal.edu/admissions/general-requirements,,https://collegescorecard.ed.gov/school/?489779,Latest available College Scorecard/IPEDS fields; not represented as 2026-27 outcomes. SAT bounds sum the corresponding official section percentiles; SAT/ACT medians and application fee remain blank unless directly sourced.
47,university-of-north-carolina-at-chapel-hill,University of North Carolina at Chapel Hill,US,NC,Chapel Hill,PUBLIC,National University,EVALIO_CURATED_200_PROMINENT_US_COLLEGES_NOT_OFFICIAL_RANKING,COMMON_APP,COMMON_APP,OPTIONAL,VERIFIED_2026_27_FAIRTEST,UNKNOWN,UNKNOWN,UNKNOWN,PENDING_CURRENT_VERIFICATION,18.74,1370,,1530,30,,34,,39330,,VERIFIED_LATEST_FEDERAL_SOURCE,2026-09-13,HIGH,https://www.collegedata.fyi/api/schools/search?q=University%20of%20North%20Carolina%20at%20Chapel%20Hill,https://www.northcarolina.edu/students/admission/,,https://collegescorecard.ed.gov/school/?199120,Latest available College Scorecard/IPEDS fields; not represented as 2026-27 outcomes. SAT bounds sum the corresponding official section percentiles; SAT/ACT medians and application fee remain blank unless directly sourced.
48,wake-forest-university,Wake Forest University,US,NC,Winston-Salem,PRIVATE_NONPROFIT,National University,EVALIO_CURATED_200_PROMINENT_US_COLLEGES_NOT_OFFICIAL_RANKING,COMMON_APP,COMMON_APP,OPTIONAL,VERIFIED_2026_27_FAIRTEST,UNKNOWN,UNKNOWN,UNKNOWN,PENDING_CURRENT_VERIFICATION,21.56,1390,,1510,32,,34,,64758,82818,VERIFIED_LATEST_FEDERAL_SOURCE,2026-09-13,HIGH,https://www.collegedata.fyi/api/schools/search?q=Wake%20Forest%20University,https://news.wfu.edu/test-optional-admissions/,,https://collegescorecard.ed.gov/school/?199847,Latest available College Scorecard/IPEDS fields; not represented as 2026-27 outcomes. SAT bounds sum the corresponding official section percentiles; SAT/ACT medians and application fee remain blank unless directly sourced.
49,virginia-tech,Virginia Polytechnic Institute and State University,US,VA,Blacksburg,PUBLIC,National University,EVALIO_CURATED_200_PROMINENT_US_COLLEGES_NOT_OFFICIAL_RANKING,COMMON_APP,COMMON_APP,OPTIONAL,VERIFIED_2026_27_FAIRTEST,UNKNOWN,UNKNOWN,UNKNOWN,PENDING_CURRENT_VERIFICATION,57.03,1240,,1420,27,,32,,36694,,VERIFIED_LATEST_FEDERAL_SOURCE,2026-09-13,HIGH,https://www.collegedata.fyi/api/schools/search?q=Virginia%20Tech,https://www.vt.edu/admissions/frequently-asked-questions/test-optional.html,,https://collegescorecard.ed.gov/school/?233921,Latest available College Scorecard/IPEDS fields; not represented as 2026-27 outcomes. SAT bounds sum the corresponding official section percentiles; SAT/ACT medians and application fee remain blank unless directly sourced.
50,texas-a-and-m-university,West Texas A & M University,US,TX,Canyon,PUBLIC,National University,EVALIO_CURATED_200_PROMINENT_US_COLLEGES_NOT_OFFICIAL_RANKING,COMMON_APP,COMMON_APP;APPLYTEXAS,OPTIONAL,VERIFIED_2026_27_FAIRTEST,UNKNOWN,UNKNOWN,UNKNOWN,PENDING_CURRENT_VERIFICATION,97.35,960,,1160,18,,24,,10996,23383,VERIFIED_LATEST_FEDERAL_SOURCE,2026-09-13,HIGH,https://www.collegedata.fyi/api/schools/search?q=Texas%20A%26M%20University,https://www.wtamu.edu/admissions/apply/freshman-admission-requirements.html,,https://collegescorecard.ed.gov/school/?229814,Latest available College Scorecard/IPEDS fields; not represented as 2026-27 outcomes. SAT bounds sum the corresponding official section percentiles; SAT/ACT medians and application fee remain blank unless directly sourced.
51,florida-state-university,Florida State University,US,FL,Tallahassee,PUBLIC,National University,EVALIO_CURATED_200_PROMINENT_US_COLLEGES_NOT_OFFICIAL_RANKING,COMMON_APP,COMMON_APP,REQUIRED,VERIFIED_2026_27_FAIRTEST,UNKNOWN,UNKNOWN,UNKNOWN,PENDING_CURRENT_VERIFICATION,25.38,1240,,1390,27,,31,,18786,23683,VERIFIED_LATEST_FEDERAL_SOURCE,2026-09-13,HIGH,https://www.collegedata.fyi/api/schools/search?q=Florida%20State%20University,https://fairtest.org/test-optional-list/,,https://collegescorecard.ed.gov/school/?134097,Latest available College Scorecard/IPEDS fields; not represented as 2026-27 outcomes. SAT bounds sum the corresponding official section percentiles; SAT/ACT medians and application fee remain blank unless directly sourced.
52,northeastern-university,Northeastern University,US,MA,Boston,PRIVATE_NONPROFIT,National University,EVALIO_CURATED_200_PROMINENT_US_COLLEGES_NOT_OFFICIAL_RANKING,COMMON_APP,COMMON_APP,OPTIONAL,VERIFIED_2026_27_FAIRTEST,UNKNOWN,UNKNOWN,UNKNOWN,PENDING_CURRENT_VERIFICATION,5.65,1460,,1550,33,,35,,63141,81353,VERIFIED_LATEST_FEDERAL_SOURCE,2026-09-13,HIGH,https://www.collegedata.fyi/api/schools/search?q=Northeastern%20University,https://admissions.northeastern.edu/application-information/required-materials/,,https://collegescorecard.ed.gov/school/?167358,Latest available College Scorecard/IPEDS fields; not represented as 2026-27 outcomes. SAT bounds sum the corresponding official section percentiles; SAT/ACT medians and application fee remain blank unless directly sourced.
53,case-western-reserve-university,Case Western Reserve University,US,OH,Cleveland,PRIVATE_NONPROFIT,National University,EVALIO_CURATED_200_PROMINENT_US_COLLEGES_NOT_OFFICIAL_RANKING,COMMON_APP,COMMON_APP,OPTIONAL,VERIFIED_2026_27_FAIRTEST,UNKNOWN,UNKNOWN,UNKNOWN,PENDING_CURRENT_VERIFICATION,28.68,1430,,1540,32,,35,,64671,81533,VERIFIED_LATEST_FEDERAL_SOURCE,2026-09-13,HIGH,https://www.collegedata.fyi/api/schools/search?q=Case%20Western%20Reserve%20University,https://case.edu/admission/apply/test-optional,,https://collegescorecard.ed.gov/school/?201645,Latest available College Scorecard/IPEDS fields; not represented as 2026-27 outcomes. SAT bounds sum the corresponding official section percentiles; SAT/ACT medians and application fee remain blank unless directly sourced.
54,tulane-university,Tulane University of Louisiana,US,LA,New Orleans,PRIVATE_NONPROFIT,National University,EVALIO_CURATED_200_PROMINENT_US_COLLEGES_NOT_OFFICIAL_RANKING,COMMON_APP,COMMON_APP,OPTIONAL,VERIFIED_2026_27_FAIRTEST,UNKNOWN,UNKNOWN,UNKNOWN,PENDING_CURRENT_VERIFICATION,14.59,1390,,1510,31,,33,,65538,83761,VERIFIED_LATEST_FEDERAL_SOURCE,2026-09-13,MEDIUM,https://www.collegedata.fyi/api/schools/search?q=Tulane%20University,https://admission.tulane.edu/apply/instructions/standardized-tests,,https://collegescorecard.ed.gov/school/?160755,Latest available College Scorecard/IPEDS fields; not represented as 2026-27 outcomes. SAT bounds sum the corresponding official section percentiles; SAT/ACT medians and application fee remain blank unless directly sourced.
55,university-of-miami,University of Miami,US,FL,Coral Gables,PRIVATE_NONPROFIT,National University,EVALIO_CURATED_200_PROMINENT_US_COLLEGES_NOT_OFFICIAL_RANKING,COMMON_APP,COMMON_APP,REQUIRED,VERIFIED_2026_27_FAIRTEST,UNKNOWN,UNKNOWN,UNKNOWN,PENDING_CURRENT_VERIFICATION,18.51,1330,,1470,30,,33,,59926,77708,VERIFIED_LATEST_FEDERAL_SOURCE,2026-09-13,HIGH,https://www.collegedata.fyi/api/schools/search?q=University%20of%20Miami,https://www.wlrn.org/education/2025-01-28/um-standardized-test-requirements,,https://collegescorecard.ed.gov/school/?135726,Latest available College Scorecard/IPEDS fields; not represented as 2026-27 outcomes. SAT bounds sum the corresponding official section percentiles; SAT/ACT medians and application fee remain blank unless directly sourced.
56,university-of-georgia,University of Georgia,US,GA,Athens,PUBLIC,National University,EVALIO_CURATED_200_PROMINENT_US_COLLEGES_NOT_OFFICIAL_RANKING,COMMON_APP,COMMON_APP,REQUIRED,VERIFIED_2026_27_FAIRTEST,UNKNOWN,UNKNOWN,UNKNOWN,PENDING_CURRENT_VERIFICATION,37.2,1160,,1390,25,,32,,30220,,VERIFIED_LATEST_FEDERAL_SOURCE,2026-09-13,HIGH,https://www.collegedata.fyi/api/schools/search?q=University%20of%20Georgia,https://fairtest.org/test-optional-list/,,https://collegescorecard.ed.gov/school/?139959,Latest available College Scorecard/IPEDS fields; not represented as 2026-27 outcomes. SAT bounds sum the corresponding official section percentiles; SAT/ACT medians and application fee remain blank unless directly sourced.
57,lehigh-university,Lehigh University,US,PA,Bethlehem,PRIVATE_NONPROFIT,National University,EVALIO_CURATED_200_PROMINENT_US_COLLEGES_NOT_OFFICIAL_RANKING,COMMON_APP,COMMON_APP,OPTIONAL,VERIFIED_2026_27_FAIRTEST,UNKNOWN,UNKNOWN,UNKNOWN,PENDING_CURRENT_VERIFICATION,29.26,1350,,1490,31,,33,,62180,77515,VERIFIED_LATEST_FEDERAL_SOURCE,2026-09-13,HIGH,https://www.collegedata.fyi/api/schools/search?q=Lehigh%20University,"https://www1.lehigh.edu/admissions/admissions-requirements#:~:text=Lehigh%20University%20has%20adopted%20a,ACT%20test%20scores%20for%20consideration",,https://collegescorecard.ed.gov/school/?213543,Latest available College Scorecard/IPEDS fields; not represented as 2026-27 outcomes. SAT bounds sum the corresponding official section percentiles; SAT/ACT medians and application fee remain blank unless directly sourced.
58,villanova-university,Villanova University,US,PA,Villanova,PRIVATE_NONPROFIT,National University,EVALIO_CURATED_200_PROMINENT_US_COLLEGES_NOT_OFFICIAL_RANKING,COMMON_APP,COMMON_APP,OPTIONAL,VERIFIED_2026_27_FAIRTEST,UNKNOWN,UNKNOWN,UNKNOWN,PENDING_CURRENT_VERIFICATION,25.12,1400,,1510,32,,34,,64701,80866,VERIFIED_LATEST_FEDERAL_SOURCE,2026-09-13,HIGH,https://www.collegedata.fyi/api/schools/search?q=Villanova%20University,https://www.villanova.edu/university/undergraduate-admission/faqs.html,,https://collegescorecard.ed.gov/school/?216597,Latest available College Scorecard/IPEDS fields; not represented as 2026-27 outcomes. SAT bounds sum the corresponding official section percentiles; SAT/ACT medians and application fee remain blank unless directly sourced.
59,rensselaer-polytechnic-institute,Rensselaer Polytechnic Institute,US,NY,Troy,PRIVATE_NONPROFIT,National University,EVALIO_CURATED_200_PROMINENT_US_COLLEGES_NOT_OFFICIAL_RANKING,COMMON_APP,COMMON_APP,OPTIONAL,VERIFIED_2026_27_FAIRTEST,UNKNOWN,UNKNOWN,UNKNOWN,PENDING_CURRENT_VERIFICATION,58.45,1330,,1500,30,,34,,61884,79934,VERIFIED_LATEST_FEDERAL_SOURCE,2026-09-13,HIGH,https://www.collegedata.fyi/api/schools/search?q=Rensselaer%20Polytechnic%20Institute,https://undergrad.admissions.rpi.edu/prospective-students/prospective-students-frequently-asked-questions/fall-2027-admission-cycle-test,,https://collegescorecard.ed.gov/school/?194824,Latest available College Scorecard/IPEDS fields; not represented as 2026-27 outcomes. SAT bounds sum the corresponding official section percentiles; SAT/ACT medians and application fee remain blank unless directly sourced.
60,brandeis-university,Brandeis University,US,MA,Waltham,PRIVATE_NONPROFIT,National University,EVALIO_CURATED_200_PROMINENT_US_COLLEGES_NOT_OFFICIAL_RANKING,COMMON_APP,COMMON_APP,OPTIONAL,VERIFIED_2026_27_FAIRTEST,UNKNOWN,UNKNOWN,UNKNOWN,PENDING_CURRENT_VERIFICATION,35.31,1390,,1530,31,,34,,64946,82123,VERIFIED_LATEST_FEDERAL_SOURCE,2026-09-13,HIGH,https://www.collegedata.fyi/api/schools/search?q=Brandeis%20University,https://www.brandeis.edu/admissions/apply/testing.html,,https://collegescorecard.ed.gov/school/?165015,Latest available College Scorecard/IPEDS fields; not represented as 2026-27 outcomes. SAT bounds sum the corresponding official section percentiles; SAT/ACT medians and application fee remain blank unless directly sourced.
61,william-and-mary,William & Mary,US,VA,Williamsburg,PUBLIC,National University,EVALIO_CURATED_200_PROMINENT_US_COLLEGES_NOT_OFFICIAL_RANKING,COMMON_APP,COMMON_APP,OPTIONAL,VERIFIED_2026_27_FAIRTEST,UNKNOWN,UNKNOWN,UNKNOWN,PENDING_CURRENT_VERIFICATION,32.72,1365,,1510,32,,34,,49412,,VERIFIED_LATEST_FEDERAL_SOURCE,2026-09-13,HIGH,https://www.collegedata.fyi/api/schools/search?q=William%20%26%20Mary,https://www.wm.edu/admission/undergraduateadmission/how-to-apply/freshmanapplicants/standardizedtesting/test-optional-faq/index.php,,https://collegescorecard.ed.gov/school/?231624,Latest available College Scorecard/IPEDS fields; not represented as 2026-27 outcomes. SAT bounds sum the corresponding official section percentiles; SAT/ACT medians and application fee remain blank unless directly sourced.
62,clemson-university,Clemson University,US,SC,Clemson,PUBLIC,National University,EVALIO_CURATED_200_PROMINENT_US_COLLEGES_NOT_OFFICIAL_RANKING,COMMON_APP,COMMON_APP,OPTIONAL,VERIFIED_2026_27_FAIRTEST,UNKNOWN,UNKNOWN,UNKNOWN,PENDING_CURRENT_VERIFICATION,38.05,1230,,1390,28,,32,,39498,,VERIFIED_LATEST_FEDERAL_SOURCE,2026-09-13,HIGH,https://www.collegedata.fyi/api/schools/search?q=Clemson%20University,https://www.clemson.edu/admissions/applying-to-clemson/freshman-students.html,,https://collegescorecard.ed.gov/school/?217882,Latest available College Scorecard/IPEDS fields; not represented as 2026-27 outcomes. SAT bounds sum the corresponding official section percentiles; SAT/ACT medians and application fee remain blank unless directly sourced.
63,southern-methodist-university,Southern Methodist University,US,TX,Dallas,PRIVATE_NONPROFIT,National University,EVALIO_CURATED_200_PROMINENT_US_COLLEGES_NOT_OFFICIAL_RANKING,COMMON_APP,COMMON_APP,OPTIONAL,VERIFIED_2026_27_FAIRTEST,UNKNOWN,UNKNOWN,UNKNOWN,PENDING_CURRENT_VERIFICATION,61.22,1320,,1480,30,,34,,64460,82532,VERIFIED_LATEST_FEDERAL_SOURCE,2026-09-13,HIGH,https://www.collegedata.fyi/api/schools/search?q=Southern%20Methodist%20University,https://www.smu.edu/Admission/Apply/Frequently-Asked-Questions-TestOptional,,https://collegescorecard.ed.gov/school/?228246,Latest available College Scorecard/IPEDS fields; not represented as 2026-27 outcomes. SAT bounds sum the corresponding official section percentiles; SAT/ACT medians and application fee remain blank unless directly sourced.
64,george-washington-university,George Washington University,US,DC,Washington,PRIVATE_NONPROFIT,National University,EVALIO_CURATED_200_PROMINENT_US_COLLEGES_NOT_OFFICIAL_RANKING,COMMON_APP,COMMON_APP,OPTIONAL,VERIFIED_2026_27_FAIRTEST,UNKNOWN,UNKNOWN,UNKNOWN,PENDING_CURRENT_VERIFICATION,43.54,1350,,1500,31,,34,,64990,80727,VERIFIED_LATEST_FEDERAL_SOURCE,2026-09-13,HIGH,https://www.collegedata.fyi/api/schools/search?q=George%20Washington%20University,https://fairtest.org/test-optional-list/,,https://collegescorecard.ed.gov/school/?131469,Latest available College Scorecard/IPEDS fields; not represented as 2026-27 outcomes. SAT bounds sum the corresponding official section percentiles; SAT/ACT medians and application fee remain blank unless directly sourced.
65,pennsylvania-state-university,Pennsylvania State University-Main Campus,US,PA,University Park,PUBLIC,National University,EVALIO_CURATED_200_PROMINENT_US_COLLEGES_NOT_OFFICIAL_RANKING,COMMON_APP,COMMON_APP,OPTIONAL,VERIFIED_2026_27_FAIRTEST,UNKNOWN,UNKNOWN,UNKNOWN,PENDING_CURRENT_VERIFICATION,54.22,1220,,1400,27,,32,,40188,,VERIFIED_LATEST_FEDERAL_SOURCE,2026-09-13,HIGH,https://www.collegedata.fyi/api/schools/search?q=Pennsylvania%20State%20University,https://www.pennwest.edu/admissions,,https://collegescorecard.ed.gov/school/?214777,Latest available College Scorecard/IPEDS fields; not represented as 2026-27 outcomes. SAT bounds sum the corresponding official section percentiles; SAT/ACT medians and application fee remain blank unless directly sourced.
66,university-of-minnesota-twin-cities,University of Minnesota-Twin Cities,US,MN,Minneapolis,PUBLIC,National University,EVALIO_CURATED_200_PROMINENT_US_COLLEGES_NOT_OFFICIAL_RANKING,COMMON_APP,COMMON_APP,OPTIONAL,VERIFIED_2026_27_FAIRTEST,UNKNOWN,UNKNOWN,UNKNOWN,PENDING_CURRENT_VERIFICATION,77.03,1310,,1480,27,,31,,36402,,VERIFIED_LATEST_FEDERAL_SOURCE,2026-09-13,HIGH,https://www.collegedata.fyi/api/schools/search?q=University%20of%20Minnesota%20Twin%20Cities,https://admissions.tc.umn.edu/apply/application-checklist/application-checklist-freshman,,https://collegescorecard.ed.gov/school/?174066,Latest available College Scorecard/IPEDS fields; not represented as 2026-27 outcomes. SAT bounds sum the corresponding official section percentiles; SAT/ACT medians and application fee remain blank unless directly sourced.
67,indiana-university-bloomington,Indiana University-Bloomington,US,IN,Bloomington,PUBLIC,National University,EVALIO_CURATED_200_PROMINENT_US_COLLEGES_NOT_OFFICIAL_RANKING,COMMON_APP,COMMON_APP,OPTIONAL,VERIFIED_2026_27_FAIRTEST,UNKNOWN,UNKNOWN,UNKNOWN,PENDING_CURRENT_VERIFICATION,80.37,1170,,1400,27,,32,,40482,,VERIFIED_LATEST_FEDERAL_SOURCE,2026-09-13,HIGH,https://www.collegedata.fyi/api/schools/search?q=Indiana%20University%20Bloomington,"https://admissions.indiana.edu/test-optional/index.html#:~:text=IU%20Bloomington%20has%20adopted%20a,as%20part%20of%20the%20application.",,https://collegescorecard.ed.gov/school/?151351,Latest available College Scorecard/IPEDS fields; not represented as 2026-27 outcomes. SAT bounds sum the corresponding official section percentiles; SAT/ACT medians and application fee remain blank unless directly sourced.
68,michigan-state-university,Michigan State University,US,MI,East Lansing,PUBLIC,National University,EVALIO_CURATED_200_PROMINENT_US_COLLEGES_NOT_OFFICIAL_RANKING,COMMON_APP,COMMON_APP,OPTIONAL,VERIFIED_2026_27_FAIRTEST,UNKNOWN,UNKNOWN,UNKNOWN,PENDING_CURRENT_VERIFICATION,83.92,1150,,1350,26,,31,,43372,,VERIFIED_LATEST_FEDERAL_SOURCE,2026-09-13,HIGH,https://www.collegedata.fyi/api/schools/search?q=Michigan%20State%20University,https://admissions.msu.edu/apply/first-year/act-sat-test-optional,,https://collegescorecard.ed.gov/school/?171100,Latest available College Scorecard/IPEDS fields; not represented as 2026-27 outcomes. SAT bounds sum the corresponding official section percentiles; SAT/ACT medians and application fee remain blank unless directly sourced.
69,north-carolina-state-university,North Carolina A & T State University,US,NC,Greensboro,PUBLIC,National University,EVALIO_CURATED_200_PROMINENT_US_COLLEGES_NOT_OFFICIAL_RANKING,COMMON_APP,COMMON_APP,OPTIONAL,VERIFIED_2026_27_FAIRTEST,UNKNOWN,UNKNOWN,UNKNOWN,PENDING_CURRENT_VERIFICATION,46.17,960,,1190,16,,22,,20408,,VERIFIED_LATEST_FEDERAL_SOURCE,2026-09-13,HIGH,https://www.collegedata.fyi/api/schools/search?q=North%20Carolina%20State%20University,https://www.northcarolina.edu/standard-test-requirement-waiver/,,https://collegescorecard.ed.gov/school/?199102,Latest available College Scorecard/IPEDS fields; not represented as 2026-27 outcomes. SAT bounds sum the corresponding official section percentiles; SAT/ACT medians and application fee remain blank unless directly sourced.
70,university-of-california-santa-cruz,University of California-Santa Cruz,US,CA,Santa Cruz,PUBLIC,National University,EVALIO_CURATED_200_PROMINENT_US_COLLEGES_NOT_OFFICIAL_RANKING,UC_APPLICATION,UC_APPLICATION,BLIND,VERIFIED_2026_27_FAIRTEST,UNKNOWN,UNKNOWN,UNKNOWN,PENDING_CURRENT_VERIFICATION,62.54,,,,,,,,45337,,VERIFIED_LATEST_FEDERAL_SOURCE,2026-09-13,HIGH,https://www.collegedata.fyi/api/schools/search?q=University%20of%20California%2C%20Santa%20Cruz,https://fairtest.org/test-optional-list/,,https://collegescorecard.ed.gov/school/?110714,Latest available College Scorecard/IPEDS fields; not represented as 2026-27 outcomes. SAT bounds sum the corresponding official section percentiles; SAT/ACT medians and application fee remain blank unless directly sourced.
71,university-of-california-riverside,University of California-Riverside,US,CA,Riverside,PUBLIC,National University,EVALIO_CURATED_200_PROMINENT_US_COLLEGES_NOT_OFFICIAL_RANKING,UC_APPLICATION,UC_APPLICATION,BLIND,VERIFIED_2026_27_FAIRTEST,UNKNOWN,UNKNOWN,UNKNOWN,PENDING_CURRENT_VERIFICATION,63.3,,,,,,,,44947,,VERIFIED_LATEST_FEDERAL_SOURCE,2026-09-13,HIGH,https://www.collegedata.fyi/api/schools/search?q=University%20of%20California%2C%20Riverside,https://fairtest.org/test-optional-list/,,https://collegescorecard.ed.gov/school/?110671,Latest available College Scorecard/IPEDS fields; not represented as 2026-27 outcomes. SAT bounds sum the corresponding official section percentiles; SAT/ACT medians and application fee remain blank unless directly sourced.
72,university-of-colorado-boulder,University of Colorado Boulder,US,CO,Boulder,PUBLIC,National University,EVALIO_CURATED_200_PROMINENT_US_COLLEGES_NOT_OFFICIAL_RANKING,COMMON_APP,COMMON_APP,OPTIONAL,VERIFIED_2026_27_FAIRTEST,UNKNOWN,UNKNOWN,UNKNOWN,PENDING_CURRENT_VERIFICATION,83.28,1230,,1420,28,,33,,41943,,VERIFIED_LATEST_FEDERAL_SOURCE,2026-09-13,HIGH,https://www.collegedata.fyi/api/schools/search?q=University%20of%20Colorado%20Boulder,https://www.colorado.edu/admissions/first-year/selection,,https://collegescorecard.ed.gov/school/?126614,Latest available College Scorecard/IPEDS fields; not represented as 2026-27 outcomes. SAT bounds sum the corresponding official section percentiles; SAT/ACT medians and application fee remain blank unless directly sourced.
73,university-of-connecticut,University of Connecticut,US,CT,Storrs,PUBLIC,National University,EVALIO_CURATED_200_PROMINENT_US_COLLEGES_NOT_OFFICIAL_RANKING,COMMON_APP,COMMON_APP,OPTIONAL,VERIFIED_2026_27_FAIRTEST,UNKNOWN,UNKNOWN,UNKNOWN,PENDING_CURRENT_VERIFICATION,53.95,1210,,1420,29,,33,,43034,,VERIFIED_LATEST_FEDERAL_SOURCE,2026-09-13,HIGH,https://www.collegedata.fyi/api/schools/search?q=University%20of%20Connecticut,https://admissions.uconn.edu/?p=574,,https://collegescorecard.ed.gov/school/?129020,Latest available College Scorecard/IPEDS fields; not represented as 2026-27 outcomes. SAT bounds sum the corresponding official section percentiles; SAT/ACT medians and application fee remain blank unless directly sourced.
74,university-of-pittsburgh,University of Pittsburgh-Pittsburgh Campus,US,PA,Pittsburgh,PUBLIC,National University,EVALIO_CURATED_200_PROMINENT_US_COLLEGES_NOT_OFFICIAL_RANKING,COMMON_APP,COMMON_APP,OPTIONAL,VERIFIED_2026_27_FAIRTEST,UNKNOWN,UNKNOWN,UNKNOWN,PENDING_CURRENT_VERIFICATION,49.7,1270,,1450,29,,33,,39890,,VERIFIED_LATEST_FEDERAL_SOURCE,2026-09-13,HIGH,https://www.collegedata.fyi/api/schools/search?q=University%20of%20Pittsburgh,https://www.upb.pitt.edu/how-apply,,https://collegescorecard.ed.gov/school/?215293,Latest available College Scorecard/IPEDS fields; not represented as 2026-27 outcomes. SAT bounds sum the corresponding official section percentiles; SAT/ACT medians and application fee remain blank unless directly sourced.
75,syracuse-university,Syracuse University,US,NY,Syracuse,PRIVATE_NONPROFIT,National University,EVALIO_CURATED_200_PROMINENT_US_COLLEGES_NOT_OFFICIAL_RANKING,COMMON_APP,COMMON_APP,OPTIONAL,VERIFIED_2026_27_FAIRTEST,UNKNOWN,UNKNOWN,UNKNOWN,PENDING_CURRENT_VERIFICATION,41.69,1260,,1430,28,,32,,63061,80396,VERIFIED_LATEST_FEDERAL_SOURCE,2026-09-13,HIGH,https://www.collegedata.fyi/api/schools/search?q=Syracuse%20University,https://news.syr.edu/2026/05/29/syracuse-university-extends-test-optional-policy-for-fall-2027-admission/,,https://collegescorecard.ed.gov/school/?196413,Latest available College Scorecard/IPEDS fields; not represented as 2026-27 outcomes. SAT bounds sum the corresponding official section percentiles; SAT/ACT medians and application fee remain blank unless directly sourced.
76,american-university,American University,US,DC,Washington,PRIVATE_NONPROFIT,National University,EVALIO_CURATED_200_PROMINENT_US_COLLEGES_NOT_OFFICIAL_RANKING,COMMON_APP,COMMON_APP,OPTIONAL,VERIFIED_2026_27_FAIRTEST,UNKNOWN,UNKNOWN,UNKNOWN,PENDING_CURRENT_VERIFICATION,47.38,1300,,1450,29,,33,,56543,71549,VERIFIED_LATEST_FEDERAL_SOURCE,2026-09-13,HIGH,https://www.collegedata.fyi/api/schools/search?q=American%20University,https://fairtest.org/test-optional-list/,,https://collegescorecard.ed.gov/school/?131159,Latest available College Scorecard/IPEDS fields; not represented as 2026-27 outcomes. SAT bounds sum the corresponding official section percentiles; SAT/ACT medians and application fee remain blank unless directly sourced.
77,baylor-university,Baylor University,US,TX,Waco,PRIVATE_NONPROFIT,National University,EVALIO_CURATED_200_PROMINENT_US_COLLEGES_NOT_OFFICIAL_RANKING,COMMON_APP,COMMON_APP,OPTIONAL,VERIFIED_2026_27_FAIRTEST,UNKNOWN,UNKNOWN,UNKNOWN,PENDING_CURRENT_VERIFICATION,50.99,1210,,1400,27,,32,,54844,70130,VERIFIED_LATEST_FEDERAL_SOURCE,2026-09-13,HIGH,https://www.collegedata.fyi/api/schools/search?q=Baylor%20University,https://admissions.web.baylor.edu/admission/incoming-freshman/test-optional-process,,https://collegescorecard.ed.gov/school/?223232,Latest available College Scorecard/IPEDS fields; not represented as 2026-27 outcomes. SAT bounds sum the corresponding official section percentiles; SAT/ACT medians and application fee remain blank unless directly sourced.
78,texas-christian-university,Texas Christian University,US,TX,Fort Worth,PRIVATE_NONPROFIT,National University,EVALIO_CURATED_200_PROMINENT_US_COLLEGES_NOT_OFFICIAL_RANKING,COMMON_APP,COMMON_APP,OPTIONAL,VERIFIED_2026_27_FAIRTEST,UNKNOWN,UNKNOWN,UNKNOWN,PENDING_CURRENT_VERIFICATION,42.6,1150,,1375,26,,31,,57220,72778,VERIFIED_LATEST_FEDERAL_SOURCE,2026-09-13,HIGH,https://www.collegedata.fyi/api/schools/search?q=Texas%20Christian%20University,https://admissions.tcu.edu/apply/first-year/testing-policy-sat-act.php,,https://collegescorecard.ed.gov/school/?228875,Latest available College Scorecard/IPEDS fields; not represented as 2026-27 outcomes. SAT bounds sum the corresponding official section percentiles; SAT/ACT medians and application fee remain blank unless directly sourced.
79,santa-clara-university,Santa Clara University,US,CA,Santa Clara,PRIVATE_NONPROFIT,National University,EVALIO_CURATED_200_PROMINENT_US_COLLEGES_NOT_OFFICIAL_RANKING,COMMON_APP,COMMON_APP,OPTIONAL,VERIFIED_2026_27_FAIRTEST,UNKNOWN,UNKNOWN,UNKNOWN,PENDING_CURRENT_VERIFICATION,43.84,1340,,1500,30,,33,,59241,77768,VERIFIED_LATEST_FEDERAL_SOURCE,2026-09-13,HIGH,https://www.collegedata.fyi/api/schools/search?q=Santa%20Clara%20University,https://www.scu.edu/admission/undergraduate/first-year-students/test-optional/,,https://collegescorecard.ed.gov/school/?122931,Latest available College Scorecard/IPEDS fields; not represented as 2026-27 outcomes. SAT bounds sum the corresponding official section percentiles; SAT/ACT medians and application fee remain blank unless directly sourced.
80,pepperdine-university,Pepperdine University,US,CA,Malibu,PRIVATE_NONPROFIT,National University,EVALIO_CURATED_200_PROMINENT_US_COLLEGES_NOT_OFFICIAL_RANKING,COMMON_APP,COMMON_APP,OPTIONAL,VERIFIED_2026_27_FAIRTEST,UNKNOWN,UNKNOWN,UNKNOWN,PENDING_CURRENT_VERIFICATION,49.85,1250,,1450,26,,32,,66742,85202,VERIFIED_LATEST_FEDERAL_SOURCE,2026-09-13,HIGH,https://www.collegedata.fyi/api/schools/search?q=Pepperdine%20University,https://seaver.pepperdine.edu/admission/application/undergraduate/requirements/sat-act.htm,,https://collegescorecard.ed.gov/school/?121150,Latest available College Scorecard/IPEDS fields; not represented as 2026-27 outcomes. SAT bounds sum the corresponding official section percentiles; SAT/ACT medians and application fee remain blank unless directly sourced.
81,fordham-university,Fordham University,US,NY,Bronx,PRIVATE_NONPROFIT,National University,EVALIO_CURATED_200_PROMINENT_US_COLLEGES_NOT_OFFICIAL_RANKING,COMMON_APP,COMMON_APP,OPTIONAL,VERIFIED_2026_27_FAIRTEST,UNKNOWN,UNKNOWN,UNKNOWN,PENDING_CURRENT_VERIFICATION,56.28,1330,,1490,30,,33,,61992,77351,VERIFIED_LATEST_FEDERAL_SOURCE,2026-09-13,HIGH,https://www.collegedata.fyi/api/schools/search?q=Fordham%20University,https://www.fordham.edu/undergraduate-admission/apply/what-were-looking-for/testing-policy/,,https://collegescorecard.ed.gov/school/?191241,Latest available College Scorecard/IPEDS fields; not represented as 2026-27 outcomes. SAT bounds sum the corresponding official section percentiles; SAT/ACT medians and application fee remain blank unless directly sourced.
82,stevens-institute-of-technology,Stevens Institute of Technology,US,NJ,Hoboken,PRIVATE_NONPROFIT,National University,EVALIO_CURATED_200_PROMINENT_US_COLLEGES_NOT_OFFICIAL_RANKING,COMMON_APP,COMMON_APP,OPTIONAL,VERIFIED_2026_27_FAIRTEST,UNKNOWN,UNKNOWN,UNKNOWN,PENDING_CURRENT_VERIFICATION,43.44,1370,,1500,31,,34,,60952,76449,VERIFIED_LATEST_FEDERAL_SOURCE,2026-09-13,HIGH,https://www.collegedata.fyi/api/schools/search?q=Stevens%20Institute%20of%20Technology,https://www.stevens.edu/admission-aid/undergraduate-admissions/first-year-students,,https://collegescorecard.ed.gov/school/?186867,Latest available College Scorecard/IPEDS fields; not represented as 2026-27 outcomes. SAT bounds sum the corresponding official section percentiles; SAT/ACT medians and application fee remain blank unless directly sourced.
83,worcester-polytechnic-institute,Worcester Polytechnic Institute,US,MA,Worcester,PRIVATE_NONPROFIT,National University,EVALIO_CURATED_200_PROMINENT_US_COLLEGES_NOT_OFFICIAL_RANKING,COMMON_APP,COMMON_APP,OPTIONAL,VERIFIED_2026_27_FAIRTEST,UNKNOWN,UNKNOWN,UNKNOWN,PENDING_CURRENT_VERIFICATION,58.5,,,,,,,,59070,75678,VERIFIED_LATEST_FEDERAL_SOURCE,2026-09-13,HIGH,https://www.collegedata.fyi/api/schools/search?q=Worcester%20Polytechnic%20Institute,https://www.wpi.edu/admissions/undergraduate/apply/how-to,,https://collegescorecard.ed.gov/school/?168421,Latest available College Scorecard/IPEDS fields; not represented as 2026-27 outcomes. SAT bounds sum the corresponding official section percentiles; SAT/ACT medians and application fee remain blank unless directly sourced.
84,drexel-university,Drexel University,US,PA,Philadelphia,PRIVATE_NONPROFIT,National University,EVALIO_CURATED_200_PROMINENT_US_COLLEGES_NOT_OFFICIAL_RANKING,COMMON_APP,COMMON_APP,OPTIONAL,VERIFIED_2026_27_FAIRTEST,UNKNOWN,UNKNOWN,UNKNOWN,PENDING_CURRENT_VERIFICATION,77.53,1230,,1430,27,,33,,60663,75167,VERIFIED_LATEST_FEDERAL_SOURCE,2026-09-13,HIGH,https://www.collegedata.fyi/api/schools/search?q=Drexel%20University,https://drexel.edu/admissions/apply/undergrad-instructions/first-year-instructions/standardized-tests,,https://collegescorecard.ed.gov/school/?212054,Latest available College Scorecard/IPEDS fields; not represented as 2026-27 outcomes. SAT bounds sum the corresponding official section percentiles; SAT/ACT medians and application fee remain blank unless directly sourced.
85,rochester-institute-of-technology,Rochester Institute of Technology,US,NY,Rochester,PRIVATE_NONPROFIT,National University,EVALIO_CURATED_200_PROMINENT_US_COLLEGES_NOT_OFFICIAL_RANKING,COMMON_APP,COMMON_APP,OPTIONAL,VERIFIED_2026_27_FAIRTEST,UNKNOWN,UNKNOWN,UNKNOWN,PENDING_CURRENT_VERIFICATION,71.4,1280,,1460,29,,33,,57016,71714,VERIFIED_LATEST_FEDERAL_SOURCE,2026-09-13,HIGH,https://www.collegedata.fyi/api/schools/search?q=Rochester%20Institute%20of%20Technology,https://www.rit.edu/news/rit-will-no-longer-require-sat-or-act-scores-applicants-beginning-fall-2021,,https://collegescorecard.ed.gov/school/?195003,Latest available College Scorecard/IPEDS fields; not represented as 2026-27 outcomes. SAT bounds sum the corresponding official section percentiles; SAT/ACT medians and application fee remain blank unless directly sourced.
86,stony-brook-university,Stony Brook University,US,NY,Stony Brook,PUBLIC,National University,EVALIO_CURATED_200_PROMINENT_US_COLLEGES_NOT_OFFICIAL_RANKING,COMMON_APP,COMMON_APP;SUNY,OPTIONAL,VERIFIED_2026_27_FAIRTEST,UNKNOWN,UNKNOWN,UNKNOWN,PENDING_CURRENT_VERIFICATION,49.01,1320,,1490,28,,33,,30350,,VERIFIED_LATEST_FEDERAL_SOURCE,2026-09-13,HIGH,https://www.collegedata.fyi/api/schools/search?q=Stony%20Brook%20University,https://www.stonybrook.edu/undergraduate-admissions/apply/test-optional.php,,https://collegescorecard.ed.gov/school/?196097,Latest available College Scorecard/IPEDS fields; not represented as 2026-27 outcomes. SAT bounds sum the corresponding official section percentiles; SAT/ACT medians and application fee remain blank unless directly sourced.
87,binghamton-university,Binghamton University,US,NY,Vestal,PUBLIC,National University,EVALIO_CURATED_200_PROMINENT_US_COLLEGES_NOT_OFFICIAL_RANKING,COMMON_APP,COMMON_APP;SUNY,OPTIONAL,VERIFIED_2026_27_FAIRTEST,UNKNOWN,UNKNOWN,UNKNOWN,PENDING_CURRENT_VERIFICATION,37.73,1320,,1490,29,,34,,29453,29657,VERIFIED_LATEST_FEDERAL_SOURCE,2026-09-13,HIGH,https://www.collegedata.fyi/api/schools/search?q=Binghamton%20University,https://www.binghamton.edu/admissions/info/test-optional-faqs.html,,https://collegescorecard.ed.gov/school/?196079,Latest available College Scorecard/IPEDS fields; not represented as 2026-27 outcomes. SAT bounds sum the corresponding official section percentiles; SAT/ACT medians and application fee remain blank unless directly sourced.
88,university-at-buffalo,University at Buffalo,US,NY,Buffalo,PUBLIC,National University,EVALIO_CURATED_200_PROMINENT_US_COLLEGES_NOT_OFFICIAL_RANKING,COMMON_APP,COMMON_APP;SUNY,OPTIONAL,VERIFIED_2026_27_FAIRTEST,UNKNOWN,UNKNOWN,UNKNOWN,PENDING_CURRENT_VERIFICATION,69.3,1210,,1380,27,,32,,30572,,VERIFIED_LATEST_FEDERAL_SOURCE,2026-09-13,HIGH,https://www.collegedata.fyi/api/schools/search?q=University%20at%20Buffalo,https://www.buffalo.edu/admissions/apply/first-year.standardized-tests.html,,https://collegescorecard.ed.gov/school/?196088,Latest available College Scorecard/IPEDS fields; not represented as 2026-27 outcomes. SAT bounds sum the corresponding official section percentiles; SAT/ACT medians and application fee remain blank unless directly sourced.
89,university-of-delaware,University of Delaware,US,DE,Newark,PUBLIC,National University,EVALIO_CURATED_200_PROMINENT_US_COLLEGES_NOT_OFFICIAL_RANKING,COMMON_APP,COMMON_APP,OPTIONAL,VERIFIED_2026_27_FAIRTEST,UNKNOWN,UNKNOWN,UNKNOWN,PENDING_CURRENT_VERIFICATION,65.11,1200,,1360,27,,31,,39720,,VERIFIED_LATEST_FEDERAL_SOURCE,2026-09-13,HIGH,https://www.collegedata.fyi/api/schools/search?q=University%20of%20Delaware,https://www.udel.edu/apply/undergraduate-admissions/apply-to-ud/freshman-admissions/,,https://collegescorecard.ed.gov/school/?130943,Latest available College Scorecard/IPEDS fields; not represented as 2026-27 outcomes. SAT bounds sum the corresponding official section percentiles; SAT/ACT medians and application fee remain blank unless directly sourced.
90,university-of-massachusetts-amherst,University of Massachusetts-Amherst,US,MA,Amherst,PUBLIC,National University,EVALIO_CURATED_200_PROMINENT_US_COLLEGES_NOT_OFFICIAL_RANKING,COMMON_APP,COMMON_APP,OPTIONAL,VERIFIED_2026_27_FAIRTEST,UNKNOWN,UNKNOWN,UNKNOWN,PENDING_CURRENT_VERIFICATION,57.77,1300,,1480,29,,33,,39293,,VERIFIED_LATEST_FEDERAL_SOURCE,2026-09-13,HIGH,https://www.collegedata.fyi/api/schools/search?q=University%20of%20Massachusetts%20Amherst,https://www.umass.edu/admissions/undergraduate-admissions/connect/information-policies/test-optional-policy,,https://collegescorecard.ed.gov/school/?166629,Latest available College Scorecard/IPEDS fields; not represented as 2026-27 outcomes. SAT bounds sum the corresponding official section percentiles; SAT/ACT medians and application fee remain blank unless directly sourced.
91,university-of-iowa,University of Iowa,US,IA,Iowa City,PUBLIC,National University,EVALIO_CURATED_200_PROMINENT_US_COLLEGES_NOT_OFFICIAL_RANKING,COMMON_APP,COMMON_APP,OPTIONAL,VERIFIED_2026_27_FAIRTEST,UNKNOWN,UNKNOWN,UNKNOWN,PENDING_CURRENT_VERIFICATION,84.67,1130,,1320,22,,28,,32927,,VERIFIED_LATEST_FEDERAL_SOURCE,2026-09-13,HIGH,https://www.collegedata.fyi/api/schools/search?q=University%20of%20Iowa,https://www.uidaho.edu/admissions/apply/first-year/admission-requirements/gpa-and-test-scores,,https://collegescorecard.ed.gov/school/?153658,Latest available College Scorecard/IPEDS fields; not represented as 2026-27 outcomes. SAT bounds sum the corresponding official section percentiles; SAT/ACT medians and application fee remain blank unless directly sourced.
92,university-of-arizona,University of Arizona,US,AZ,Tucson,PUBLIC,National University,EVALIO_CURATED_200_PROMINENT_US_COLLEGES_NOT_OFFICIAL_RANKING,COMMON_APP,COMMON_APP,OPTIONAL,VERIFIED_2026_27_FAIRTEST,UNKNOWN,UNKNOWN,UNKNOWN,PENDING_CURRENT_VERIFICATION,85.66,1160,,1420,21,,30,,41095,,VERIFIED_LATEST_FEDERAL_SOURCE,2026-09-13,HIGH,https://www.collegedata.fyi/api/schools/search?q=University%20of%20Arizona,https://www.arizona.edu/admissions/first-year/apply,,https://collegescorecard.ed.gov/school/?104179,Latest available College Scorecard/IPEDS fields; not represented as 2026-27 outcomes. SAT bounds sum the corresponding official section percentiles; SAT/ACT medians and application fee remain blank unless directly sourced.
93,arizona-state-university,Arizona State University-West,US,AZ,Glendale,PUBLIC,National University,EVALIO_CURATED_200_PROMINENT_US_COLLEGES_NOT_OFFICIAL_RANKING,COMMON_APP,COMMON_APP,OPTIONAL,VERIFIED_2026_27_FAIRTEST,UNKNOWN,UNKNOWN,UNKNOWN,PENDING_CURRENT_VERIFICATION,,,,,,,,,32193,,VERIFIED_LATEST_FEDERAL_SOURCE,2026-09-13,HIGH,https://www.collegedata.fyi/api/schools/search?q=Arizona%20State%20University,https://admission.asu.edu/apply/first-year/admission,,https://collegescorecard.ed.gov/school/?10415101,Latest available College Scorecard/IPEDS fields; not represented as 2026-27 outcomes. SAT bounds sum the corresponding official section percentiles; SAT/ACT medians and application fee remain blank unless directly sourced.
94,university-of-oregon,University of Oregon,US,OR,Eugene,PUBLIC,National University,EVALIO_CURATED_200_PROMINENT_US_COLLEGES_NOT_OFFICIAL_RANKING,COMMON_APP,COMMON_APP,OPTIONAL,VERIFIED_2026_27_FAIRTEST,UNKNOWN,UNKNOWN,UNKNOWN,PENDING_CURRENT_VERIFICATION,85.11,1130,,1360,22,,30,,43302,,VERIFIED_LATEST_FEDERAL_SOURCE,2026-09-13,HIGH,https://www.collegedata.fyi/api/schools/search?q=University%20of%20Oregon,https://admissions.uoregon.edu/testoptional,,https://collegescorecard.ed.gov/school/?209551,Latest available College Scorecard/IPEDS fields; not represented as 2026-27 outcomes. SAT bounds sum the corresponding official section percentiles; SAT/ACT medians and application fee remain blank unless directly sourced.
95,oregon-state-university,Oregon State University,US,OR,Corvallis,PUBLIC,National University,EVALIO_CURATED_200_PROMINENT_US_COLLEGES_NOT_OFFICIAL_RANKING,COMMON_APP,COMMON_APP,OPTIONAL,VERIFIED_2026_27_FAIRTEST,UNKNOWN,UNKNOWN,UNKNOWN,PENDING_CURRENT_VERIFICATION,78.85,,,,,,,,35664,,VERIFIED_LATEST_FEDERAL_SOURCE,2026-09-13,HIGH,https://www.collegedata.fyi/api/schools/search?q=Oregon%20State%20University,https://admissions.oregonstate.edu/admission-requirements-0,,https://collegescorecard.ed.gov/school/?209542,Latest available College Scorecard/IPEDS fields; not represented as 2026-27 outcomes. SAT bounds sum the corresponding official section percentiles; SAT/ACT medians and application fee remain blank unless directly sourced.
96,university-of-utah,University of Utah,US,UT,Salt Lake City,PUBLIC,National University,EVALIO_CURATED_200_PROMINENT_US_COLLEGES_NOT_OFFICIAL_RANKING,COMMON_APP,COMMON_APP,OPTIONAL,VERIFIED_2026_27_FAIRTEST,UNKNOWN,UNKNOWN,UNKNOWN,PENDING_CURRENT_VERIFICATION,87.17,1180,,1398,22,,29,,29837,,VERIFIED_LATEST_FEDERAL_SOURCE,2026-09-13,HIGH,https://www.collegedata.fyi/api/schools/search?q=University%20of%20Utah,https://www.ksl.com/article/50879586/university-of-utah-board-of-trustees-votes-to-retain-test-optional-admissions-policy,,https://collegescorecard.ed.gov/school/?230764,Latest available College Scorecard/IPEDS fields; not represented as 2026-27 outcomes. SAT bounds sum the corresponding official section percentiles; SAT/ACT medians and application fee remain blank unless directly sourced.
97,brigham-young-university,Brigham Young University,US,UT,Provo,PRIVATE_NONPROFIT,National University,EVALIO_CURATED_200_PROMINENT_US_COLLEGES_NOT_OFFICIAL_RANKING,INSTITUTIONAL,INSTITUTIONAL,OPTIONAL,VERIFIED_2026_27_FAIRTEST,UNKNOWN,UNKNOWN,UNKNOWN,PENDING_CURRENT_VERIFICATION,69.19,1290,,1450,28,,32,,6496,20879,VERIFIED_LATEST_FEDERAL_SOURCE,2026-09-13,HIGH,https://www.collegedata.fyi/api/schools/search?q=Brigham%20Young%20University,https://enrollment.byu.edu/admissions/educational-history,,https://collegescorecard.ed.gov/school/?230038,Latest available College Scorecard/IPEDS fields; not represented as 2026-27 outcomes. SAT bounds sum the corresponding official section percentiles; SAT/ACT medians and application fee remain blank unless directly sourced.
98,colorado-school-of-mines,Colorado School of Mines,US,CO,Golden,PUBLIC,National University,EVALIO_CURATED_200_PROMINENT_US_COLLEGES_NOT_OFFICIAL_RANKING,COMMON_APP,COMMON_APP,OPTIONAL,VERIFIED_2026_27_FAIRTEST,UNKNOWN,UNKNOWN,UNKNOWN,PENDING_CURRENT_VERIFICATION,59.71,1320,,1470,29,,33,,44376,,VERIFIED_LATEST_FEDERAL_SOURCE,2026-09-13,HIGH,https://www.collegedata.fyi/api/schools/search?q=Colorado%20School%20of%20Mines,https://www.mines.edu/undergraduate-admissions/first-year/,,https://collegescorecard.ed.gov/school/?126775,Latest available College Scorecard/IPEDS fields; not represented as 2026-27 outcomes. SAT bounds sum the corresponding official section percentiles; SAT/ACT medians and application fee remain blank unless directly sourced.
99,auburn-university,Auburn University,US,AL,Auburn,PUBLIC,National University,EVALIO_CURATED_200_PROMINENT_US_COLLEGES_NOT_OFFICIAL_RANKING,COMMON_APP,COMMON_APP,REQUIRED,VERIFIED_2026_27_FAIRTEST,UNKNOWN,UNKNOWN,UNKNOWN,PENDING_CURRENT_VERIFICATION,50.47,1240,,1380,25,,31,,33944,34402,VERIFIED_LATEST_FEDERAL_SOURCE,2026-09-13,HIGH,https://www.collegedata.fyi/api/schools/search?q=Auburn%20University,https://www.auburn.edu/admissions/prospective-students/freshmen/index.php,,https://collegescorecard.ed.gov/school/?100858,Latest available College Scorecard/IPEDS fields; not represented as 2026-27 outcomes. SAT bounds sum the corresponding official section percentiles; SAT/ACT medians and application fee remain blank unless directly sourced.
100,university-of-tennessee-knoxville,The University of Tennessee-Knoxville,US,TN,Knoxville,PUBLIC,National University,EVALIO_CURATED_200_PROMINENT_US_COLLEGES_NOT_OFFICIAL_RANKING,COMMON_APP,COMMON_APP,REQUIRED,VERIFIED_2026_27_FAIRTEST,UNKNOWN,UNKNOWN,UNKNOWN,PENDING_CURRENT_VERIFICATION,45.99,1190,,1340,25,,31,,31974,32658,VERIFIED_LATEST_FEDERAL_SOURCE,2026-09-13,HIGH,https://www.collegedata.fyi/api/schools/search?q=University%20of%20Tennessee%2C%20Knoxville,https://www.wate.com/wp-content/uploads/sites/42/2023/09/UT-Admissions-policy-proposal.pdf,,https://collegescorecard.ed.gov/school/?221759,Latest available College Scorecard/IPEDS fields; not represented as 2026-27 outcomes. SAT bounds sum the corresponding official section percentiles; SAT/ACT medians and application fee remain blank unless directly sourced.
101,university-of-alabama,The University of Alabama,US,AL,Tuscaloosa,PUBLIC,National University,EVALIO_CURATED_200_PROMINENT_US_COLLEGES_NOT_OFFICIAL_RANKING,COMMON_APP,COMMON_APP,OPTIONAL,VERIFIED_2026_27_FAIRTEST,UNKNOWN,UNKNOWN,UNKNOWN,PENDING_CURRENT_VERIFICATION,75.82,1170,,1400,24,,31,,33200,,VERIFIED_LATEST_FEDERAL_SOURCE,2026-09-13,HIGH,https://www.collegedata.fyi/api/schools/search?q=University%20of%20Alabama,https://www.uab.edu/reporter/in-the-know/uab-announces-phased-approach-to-update-admissions-review-process,,https://collegescorecard.ed.gov/school/?100751,Latest available College Scorecard/IPEDS fields; not represented as 2026-27 outcomes. SAT bounds sum the corresponding official section percentiles; SAT/ACT medians and application fee remain blank unless directly sourced.
102,university-of-kentucky,University of Kentucky,US,KY,Lexington,PUBLIC,National University,EVALIO_CURATED_200_PROMINENT_US_COLLEGES_NOT_OFFICIAL_RANKING,COMMON_APP,COMMON_APP,OPTIONAL,VERIFIED_2026_27_FAIRTEST,UNKNOWN,UNKNOWN,UNKNOWN,PENDING_CURRENT_VERIFICATION,92.38,1080,,1290,21,,28,,33406,,VERIFIED_LATEST_FEDERAL_SOURCE,2026-09-13,HIGH,https://www.collegedata.fyi/api/schools/search?q=University%20of%20Kentucky,https://admission.uky.edu/news/test-optional,,https://collegescorecard.ed.gov/school/?157085,Latest available College Scorecard/IPEDS fields; not represented as 2026-27 outcomes. SAT bounds sum the corresponding official section percentiles; SAT/ACT medians and application fee remain blank unless directly sourced.
103,university-of-cincinnati,University of Cincinnati-Main Campus,US,OH,Cincinnati,PUBLIC,National University,EVALIO_CURATED_200_PROMINENT_US_COLLEGES_NOT_OFFICIAL_RANKING,COMMON_APP,COMMON_APP,OPTIONAL,VERIFIED_2026_27_FAIRTEST,UNKNOWN,UNKNOWN,UNKNOWN,PENDING_CURRENT_VERIFICATION,87.67,1150,,1360,24,,29,,30582,,VERIFIED_LATEST_FEDERAL_SOURCE,2026-09-13,MEDIUM,https://www.collegedata.fyi/api/schools/search?q=University%20of%20Cincinnati,https://www.admissions.uc.edu/test-optional.html,,https://collegescorecard.ed.gov/school/?201885,Latest available College Scorecard/IPEDS fields; not represented as 2026-27 outcomes. SAT bounds sum the corresponding official section percentiles; SAT/ACT medians and application fee remain blank unless directly sourced.
104,university-of-houston,University of Houston,US,TX,Houston,PUBLIC,National University,EVALIO_CURATED_200_PROMINENT_US_COLLEGES_NOT_OFFICIAL_RANKING,COMMON_APP,COMMON_APP;APPLYTEXAS,OPTIONAL,VERIFIED_2026_27_FAIRTEST,UNKNOWN,UNKNOWN,UNKNOWN,PENDING_CURRENT_VERIFICATION,69.53,1150,,1330,23,,28,,22191,25056,VERIFIED_LATEST_FEDERAL_SOURCE,2026-09-13,HIGH,https://www.collegedata.fyi/api/schools/search?q=University%20of%20Houston,https://uh.edu/undergraduate-admissions/apply/freshman/,,https://collegescorecard.ed.gov/school/?225511,Latest available College Scorecard/IPEDS fields; not represented as 2026-27 outcomes. SAT bounds sum the corresponding official section percentiles; SAT/ACT medians and application fee remain blank unless directly sourced.
105,university-of-south-florida,University of South Florida,US,FL,Tampa,PUBLIC,National University,EVALIO_CURATED_200_PROMINENT_US_COLLEGES_NOT_OFFICIAL_RANKING,COMMON_APP,COMMON_APP,REQUIRED,VERIFIED_2026_27_FAIRTEST,UNKNOWN,UNKNOWN,UNKNOWN,PENDING_CURRENT_VERIFICATION,40.96,1140,,1330,24,,29,,17324,22301,VERIFIED_LATEST_FEDERAL_SOURCE,2026-09-13,HIGH,https://www.collegedata.fyi/api/schools/search?q=University%20of%20South%20Florida,https://fairtest.org/test-optional-list/,,https://collegescorecard.ed.gov/school/?137351,Latest available College Scorecard/IPEDS fields; not represented as 2026-27 outcomes. SAT bounds sum the corresponding official section percentiles; SAT/ACT medians and application fee remain blank unless directly sourced.
106,university-of-central-florida,University of Central Florida,US,FL,Orlando,PUBLIC,National University,EVALIO_CURATED_200_PROMINENT_US_COLLEGES_NOT_OFFICIAL_RANKING,COMMON_APP,COMMON_APP,REQUIRED,VERIFIED_2026_27_FAIRTEST,UNKNOWN,UNKNOWN,UNKNOWN,PENDING_CURRENT_VERIFICATION,39.52,1190,,1350,25,,29,,22467,22819,VERIFIED_LATEST_FEDERAL_SOURCE,2026-09-13,HIGH,https://www.collegedata.fyi/api/schools/search?q=University%20of%20Central%20Florida,https://fairtest.org/test-optional-list/,,https://collegescorecard.ed.gov/school/?132903,Latest available College Scorecard/IPEDS fields; not represented as 2026-27 outcomes. SAT bounds sum the corresponding official section percentiles; SAT/ACT medians and application fee remain blank unless directly sourced.
107,florida-international-university,Florida International University,US,FL,Miami,PUBLIC,National University,EVALIO_CURATED_200_PROMINENT_US_COLLEGES_NOT_OFFICIAL_RANKING,COMMON_APP,COMMON_APP,REQUIRED,VERIFIED_2026_27_FAIRTEST,UNKNOWN,UNKNOWN,UNKNOWN,PENDING_CURRENT_VERIFICATION,58.84,1060,,1250,20,,26,,18963,20556,VERIFIED_LATEST_FEDERAL_SOURCE,2026-09-13,HIGH,https://www.collegedata.fyi/api/schools/search?q=Florida%20International%20University,https://fairtest.org/test-optional-list/,,https://collegescorecard.ed.gov/school/?133951,Latest available College Scorecard/IPEDS fields; not represented as 2026-27 outcomes. SAT bounds sum the corresponding official section percentiles; SAT/ACT medians and application fee remain blank unless directly sourced.
108,florida-atlantic-university,Florida Atlantic University,US,FL,Boca Raton,PUBLIC,National University,EVALIO_CURATED_200_PROMINENT_US_COLLEGES_NOT_OFFICIAL_RANKING,COMMON_APP,COMMON_APP,REQUIRED,VERIFIED_2026_27_FAIRTEST,UNKNOWN,UNKNOWN,UNKNOWN,PENDING_CURRENT_VERIFICATION,73.44,1040,,1210,20,,26,,17324,21054,VERIFIED_LATEST_FEDERAL_SOURCE,2026-09-13,HIGH,https://www.collegedata.fyi/api/schools/search?q=Florida%20Atlantic%20University,https://fairtest.org/test-optional-list/,,https://collegescorecard.ed.gov/school/?133669,Latest available College Scorecard/IPEDS fields; not represented as 2026-27 outcomes. SAT bounds sum the corresponding official section percentiles; SAT/ACT medians and application fee remain blank unless directly sourced.
109,george-mason-university,George Mason University,US,VA,Fairfax,PUBLIC,National University,EVALIO_CURATED_200_PROMINENT_US_COLLEGES_NOT_OFFICIAL_RANKING,COMMON_APP,COMMON_APP,OPTIONAL,VERIFIED_2026_27_FAIRTEST,UNKNOWN,UNKNOWN,UNKNOWN,PENDING_CURRENT_VERIFICATION,88.83,1140,,1340,25,,30,,39397,,VERIFIED_LATEST_FEDERAL_SOURCE,2026-09-13,HIGH,https://www.collegedata.fyi/api/schools/search?q=George%20Mason%20University,https://www.gmu.edu/freshman/requirements/score-optional,,https://collegescorecard.ed.gov/school/?232186,Latest available College Scorecard/IPEDS fields; not represented as 2026-27 outcomes. SAT bounds sum the corresponding official section percentiles; SAT/ACT medians and application fee remain blank unless directly sourced.
110,virginia-commonwealth-university,Virginia Commonwealth University,US,VA,Richmond,PUBLIC,National University,EVALIO_CURATED_200_PROMINENT_US_COLLEGES_NOT_OFFICIAL_RANKING,COMMON_APP,COMMON_APP,OPTIONAL,VERIFIED_2026_27_FAIRTEST,UNKNOWN,UNKNOWN,UNKNOWN,PENDING_CURRENT_VERIFICATION,93.06,1030,,1270,22,,30,,39042,,VERIFIED_LATEST_FEDERAL_SOURCE,2026-09-13,HIGH,https://www.collegedata.fyi/api/schools/search?q=Virginia%20Commonwealth%20University,https://fairtest.org/test-optional-list/,,https://collegescorecard.ed.gov/school/?234030,Latest available College Scorecard/IPEDS fields; not represented as 2026-27 outcomes. SAT bounds sum the corresponding official section percentiles; SAT/ACT medians and application fee remain blank unless directly sourced.
111,james-madison-university,James Madison University,US,VA,Harrisonburg,PUBLIC,National University,EVALIO_CURATED_200_PROMINENT_US_COLLEGES_NOT_OFFICIAL_RANKING,COMMON_APP,COMMON_APP,OPTIONAL,VERIFIED_2026_27_FAIRTEST,UNKNOWN,UNKNOWN,UNKNOWN,PENDING_CURRENT_VERIFICATION,76.25,1170,,1320,25,,29,,30790,,VERIFIED_LATEST_FEDERAL_SOURCE,2026-09-13,HIGH,https://www.collegedata.fyi/api/schools/search?q=James%20Madison%20University,https://fairtest.org/test-optional-list/,,https://collegescorecard.ed.gov/school/?232423,Latest available College Scorecard/IPEDS fields; not represented as 2026-27 outcomes. SAT bounds sum the corresponding official section percentiles; SAT/ACT medians and application fee remain blank unless directly sourced.
112,university-of-north-carolina-at-charlotte,University of North Carolina at Charlotte,US,NC,Charlotte,PUBLIC,National University,EVALIO_CURATED_200_PROMINENT_US_COLLEGES_NOT_OFFICIAL_RANKING,COMMON_APP,COMMON_APP,OPTIONAL,VERIFIED_2026_27_FAIRTEST,UNKNOWN,UNKNOWN,UNKNOWN,PENDING_CURRENT_VERIFICATION,80.21,1110,,1320,21,,27,,21876,22034,VERIFIED_LATEST_FEDERAL_SOURCE,2026-09-13,HIGH,https://www.collegedata.fyi/api/schools/search?q=University%20of%20North%20Carolina%20at%20Charlotte,https://www.northcarolina.edu/students/admission/,,https://collegescorecard.ed.gov/school/?199139,Latest available College Scorecard/IPEDS fields; not represented as 2026-27 outcomes. SAT bounds sum the corresponding official section percentiles; SAT/ACT medians and application fee remain blank unless directly sourced.
113,university-of-north-carolina-wilmington,University of North Carolina Wilmington,US,NC,Wilmington,PUBLIC,National University,EVALIO_CURATED_200_PROMINENT_US_COLLEGES_NOT_OFFICIAL_RANKING,COMMON_APP,COMMON_APP,OPTIONAL,VERIFIED_2026_27_FAIRTEST,UNKNOWN,UNKNOWN,UNKNOWN,PENDING_CURRENT_VERIFICATION,74.01,1220,,1360,24,,28,,22985,25913,VERIFIED_LATEST_FEDERAL_SOURCE,2026-09-13,HIGH,https://www.collegedata.fyi/api/schools/search?q=University%20of%20North%20Carolina%20Wilmington,https://www.northcarolina.edu/students/admission/,,https://collegescorecard.ed.gov/school/?199218,Latest available College Scorecard/IPEDS fields; not represented as 2026-27 outcomes. SAT bounds sum the corresponding official section percentiles; SAT/ACT medians and application fee remain blank unless directly sourced.
114,san-diego-state-university,San Diego State University,US,CA,San Diego,PUBLIC,National University,EVALIO_CURATED_200_PROMINENT_US_COLLEGES_NOT_OFFICIAL_RANKING,CAL_STATE_APPLY,CAL_STATE_APPLY,BLIND,VERIFIED_2026_27_FAIRTEST,UNKNOWN,UNKNOWN,UNKNOWN,PENDING_CURRENT_VERIFICATION,34.44,,,,,,,,20170,27357,VERIFIED_LATEST_FEDERAL_SOURCE,2026-09-13,HIGH,https://www.collegedata.fyi/api/schools/search?q=San%20Diego%20State%20University,https://fairtest.org/test-optional-list/,,https://collegescorecard.ed.gov/school/?122409,Latest available College Scorecard/IPEDS fields; not represented as 2026-27 outcomes. SAT bounds sum the corresponding official section percentiles; SAT/ACT medians and application fee remain blank unless directly sourced.
115,california-polytechnic-state-university-san-luis-obispo,California Polytechnic State University-San Luis Obispo,US,CA,San Luis Obispo,PUBLIC,National University,EVALIO_CURATED_200_PROMINENT_US_COLLEGES_NOT_OFFICIAL_RANKING,CAL_STATE_APPLY,CAL_STATE_APPLY,BLIND,VERIFIED_2026_27_FAIRTEST,UNKNOWN,UNKNOWN,UNKNOWN,PENDING_CURRENT_VERIFICATION,29.75,,,,,,,,30995,,VERIFIED_LATEST_FEDERAL_SOURCE,2026-09-13,HIGH,https://www.collegedata.fyi/api/schools/search?q=California%20Polytechnic%20State%20University%2C%20San%20Luis%20Obispo,https://www.calstate.edu/apply/freshman/getting_into_the_csu/pages/testing-requirements.aspx,,https://collegescorecard.ed.gov/school/?110422,Latest available College Scorecard/IPEDS fields; not represented as 2026-27 outcomes. SAT bounds sum the corresponding official section percentiles; SAT/ACT medians and application fee remain blank unless directly sourced.
116,san-jose-state-university,San Jose State University,US,CA,San Jose,PUBLIC,National University,EVALIO_CURATED_200_PROMINENT_US_COLLEGES_NOT_OFFICIAL_RANKING,CAL_STATE_APPLY,CAL_STATE_APPLY,BLIND,VERIFIED_2026_27_FAIRTEST,UNKNOWN,UNKNOWN,UNKNOWN,PENDING_CURRENT_VERIFICATION,80.23,,,,,,,,19872,25695,VERIFIED_LATEST_FEDERAL_SOURCE,2026-09-13,HIGH,https://www.collegedata.fyi/api/schools/search?q=San%20Jos%C3%A9%20State%20University,https://fairtest.org/test-optional-list/,,https://collegescorecard.ed.gov/school/?122755,Latest available College Scorecard/IPEDS fields; not represented as 2026-27 outcomes. SAT bounds sum the corresponding official section percentiles; SAT/ACT medians and application fee remain blank unless directly sourced.
117,california-state-university-long-beach,California State University-Long Beach,US,CA,Long Beach,PUBLIC,National University,EVALIO_CURATED_200_PROMINENT_US_COLLEGES_NOT_OFFICIAL_RANKING,CAL_STATE_APPLY,CAL_STATE_APPLY,BLIND,VERIFIED_2026_27_FAIRTEST,UNKNOWN,UNKNOWN,UNKNOWN,PENDING_CURRENT_VERIFICATION,47.12,,,,,,,,18888,20310,VERIFIED_LATEST_FEDERAL_SOURCE,2026-09-13,HIGH,https://www.collegedata.fyi/api/schools/search?q=California%20State%20University%2C%20Long%20Beach,https://www.calstate.edu/apply/freshman/getting_into_the_csu/pages/testing-requirements.aspx,,https://collegescorecard.ed.gov/school/?110583,Latest available College Scorecard/IPEDS fields; not represented as 2026-27 outcomes. SAT bounds sum the corresponding official section percentiles; SAT/ACT medians and application fee remain blank unless directly sourced.
118,california-state-university-fullerton,California State University-Fullerton,US,CA,Fullerton,PUBLIC,National University,EVALIO_CURATED_200_PROMINENT_US_COLLEGES_NOT_OFFICIAL_RANKING,CAL_STATE_APPLY,CAL_STATE_APPLY,BLIND,VERIFIED_2026_27_FAIRTEST,UNKNOWN,UNKNOWN,UNKNOWN,PENDING_CURRENT_VERIFICATION,86.74,,,,,,,,18953,,VERIFIED_LATEST_FEDERAL_SOURCE,2026-09-13,HIGH,https://www.collegedata.fyi/api/schools/search?q=California%20State%20University%2C%20Fullerton,https://www.calstate.edu/apply/freshman/getting_into_the_csu/pages/testing-requirements.aspx,,https://collegescorecard.ed.gov/school/?110565,Latest available College Scorecard/IPEDS fields; not represented as 2026-27 outcomes. SAT bounds sum the corresponding official section percentiles; SAT/ACT medians and application fee remain blank unless directly sourced.
119,university-of-california-merced,University of California-Merced,US,CA,Merced,PUBLIC,National University,EVALIO_CURATED_200_PROMINENT_US_COLLEGES_NOT_OFFICIAL_RANKING,UC_APPLICATION,UC_APPLICATION,BLIND,VERIFIED_2026_27_FAIRTEST,UNKNOWN,UNKNOWN,UNKNOWN,PENDING_CURRENT_VERIFICATION,39.18,,,,,,,,44944,,VERIFIED_LATEST_FEDERAL_SOURCE,2026-09-13,HIGH,https://www.collegedata.fyi/api/schools/search?q=University%20of%20California%2C%20Merced,https://fairtest.org/test-optional-list/,,https://collegescorecard.ed.gov/school/?445188,Latest available College Scorecard/IPEDS fields; not represented as 2026-27 outcomes. SAT bounds sum the corresponding official section percentiles; SAT/ACT medians and application fee remain blank unless directly sourced.
120,loyola-marymount-university,Loyola Marymount University,US,CA,Los Angeles,PRIVATE_NONPROFIT,National University,EVALIO_CURATED_200_PROMINENT_US_COLLEGES_NOT_OFFICIAL_RANKING,COMMON_APP,COMMON_APP,OPTIONAL,VERIFIED_2026_27_FAIRTEST,UNKNOWN,UNKNOWN,UNKNOWN,PENDING_CURRENT_VERIFICATION,40.29,,,,,,,,58974,75867,VERIFIED_LATEST_FEDERAL_SOURCE,2026-09-13,HIGH,https://www.collegedata.fyi/api/schools/search?q=Loyola%20Marymount%20University,https://admission.lmu.edu/learnmore/prospectivestudents/frequentlyaskedquestions/,,https://collegescorecard.ed.gov/school/?117946,Latest available College Scorecard/IPEDS fields; not represented as 2026-27 outcomes. SAT bounds sum the corresponding official section percentiles; SAT/ACT medians and application fee remain blank unless directly sourced.
121,university-of-san-francisco,University of San Francisco,US,CA,San Francisco,PRIVATE_NONPROFIT,National University,EVALIO_CURATED_200_PROMINENT_US_COLLEGES_NOT_OFFICIAL_RANKING,COMMON_APP,COMMON_APP,OPTIONAL,VERIFIED_2026_27_FAIRTEST,UNKNOWN,UNKNOWN,UNKNOWN,PENDING_CURRENT_VERIFICATION,50.77,1210,,1390,26,,31,,58222,76421,VERIFIED_LATEST_FEDERAL_SOURCE,2026-09-13,HIGH,https://www.collegedata.fyi/api/schools/search?q=University%20of%20San%20Francisco,https://www.usfca.edu/admission/undergraduate/test-optional,,https://collegescorecard.ed.gov/school/?122612,Latest available College Scorecard/IPEDS fields; not represented as 2026-27 outcomes. SAT bounds sum the corresponding official section percentiles; SAT/ACT medians and application fee remain blank unless directly sourced.
122,chapman-university,Chapman University,US,CA,Orange,PRIVATE_NONPROFIT,National University,EVALIO_CURATED_200_PROMINENT_US_COLLEGES_NOT_OFFICIAL_RANKING,COMMON_APP,COMMON_APP,OPTIONAL,VERIFIED_2026_27_FAIRTEST,UNKNOWN,UNKNOWN,UNKNOWN,PENDING_CURRENT_VERIFICATION,55.61,1250,,1430,28,,32,,62784,81327,VERIFIED_LATEST_FEDERAL_SOURCE,2026-09-13,HIGH,https://www.collegedata.fyi/api/schools/search?q=Chapman%20University,https://www.chapman.edu/admission/undergraduate/how-to-apply/test-optional.aspx,,https://collegescorecard.ed.gov/school/?111948,Latest available College Scorecard/IPEDS fields; not represented as 2026-27 outcomes. SAT bounds sum the corresponding official section percentiles; SAT/ACT medians and application fee remain blank unless directly sourced.
123,university-of-denver,University of Denver,US,CO,Denver,PRIVATE_NONPROFIT,National University,EVALIO_CURATED_200_PROMINENT_US_COLLEGES_NOT_OFFICIAL_RANKING,COMMON_APP,COMMON_APP,OPTIONAL,VERIFIED_2026_27_FAIRTEST,UNKNOWN,UNKNOWN,UNKNOWN,PENDING_CURRENT_VERIFICATION,71.19,1240,,1410,29,,32,,59340,75020,VERIFIED_LATEST_FEDERAL_SOURCE,2026-09-13,HIGH,https://www.collegedata.fyi/api/schools/search?q=University%20of%20Denver,https://fairtest.org/test-optional-list/,,https://collegescorecard.ed.gov/school/?127060,Latest available College Scorecard/IPEDS fields; not represented as 2026-27 outcomes. SAT bounds sum the corresponding official section percentiles; SAT/ACT medians and application fee remain blank unless directly sourced.
124,gonzaga-university,Gonzaga University,US,WA,Spokane,PRIVATE_NONPROFIT,National University,EVALIO_CURATED_200_PROMINENT_US_COLLEGES_NOT_OFFICIAL_RANKING,COMMON_APP,COMMON_APP,OPTIONAL,VERIFIED_2026_27_FAIRTEST,UNKNOWN,UNKNOWN,UNKNOWN,PENDING_CURRENT_VERIFICATION,75.96,1220,,1410,26,,31,,53500,69290,VERIFIED_LATEST_FEDERAL_SOURCE,2026-09-13,HIGH,https://www.collegedata.fyi/api/schools/search?q=Gonzaga%20University,https://fairtest.org/test-optional-list/,,https://collegescorecard.ed.gov/school/?235316,Latest available College Scorecard/IPEDS fields; not represented as 2026-27 outcomes. SAT bounds sum the corresponding official section percentiles; SAT/ACT medians and application fee remain blank unless directly sourced.
125,seattle-university,Seattle University,US,WA,Seattle,PRIVATE_NONPROFIT,National University,EVALIO_CURATED_200_PROMINENT_US_COLLEGES_NOT_OFFICIAL_RANKING,COMMON_APP,COMMON_APP,OPTIONAL,VERIFIED_2026_27_FAIRTEST,UNKNOWN,UNKNOWN,UNKNOWN,PENDING_CURRENT_VERIFICATION,76.05,1130,,1350,23,,30,,54285,68633,VERIFIED_LATEST_FEDERAL_SOURCE,2026-09-13,HIGH,https://www.collegedata.fyi/api/schools/search?q=Seattle%20University,https://www.seattleu.edu/undergraduate-admissions/apply/freshman/requirements/sat-and-act-exams/test-optional-admissions,,https://collegescorecard.ed.gov/school/?236595,Latest available College Scorecard/IPEDS fields; not represented as 2026-27 outcomes. SAT bounds sum the corresponding official section percentiles; SAT/ACT medians and application fee remain blank unless directly sourced.
126,university-of-portland,University of Portland,US,OR,Portland,PRIVATE_NONPROFIT,National University,EVALIO_CURATED_200_PROMINENT_US_COLLEGES_NOT_OFFICIAL_RANKING,COMMON_APP,COMMON_APP,OPTIONAL,VERIFIED_2026_27_FAIRTEST,UNKNOWN,UNKNOWN,UNKNOWN,PENDING_CURRENT_VERIFICATION,95.39,1190,,1356,25,,30,,54900,69183,VERIFIED_LATEST_FEDERAL_SOURCE,2026-09-13,HIGH,https://www.collegedata.fyi/api/schools/search?q=University%20of%20Portland,https://www.up.edu/admissions-aid/first-year-students/index.html,,https://collegescorecard.ed.gov/school/?209825,Latest available College Scorecard/IPEDS fields; not represented as 2026-27 outcomes. SAT bounds sum the corresponding official section percentiles; SAT/ACT medians and application fee remain blank unless directly sourced.
127,williams-college,Williams College,US,MA,Williamstown,PRIVATE_NONPROFIT,Liberal Arts College,EVALIO_CURATED_200_PROMINENT_US_COLLEGES_NOT_OFFICIAL_RANKING,COMMON_APP,COMMON_APP,OPTIONAL,VERIFIED_2026_27_FAIRTEST,UNKNOWN,UNKNOWN,UNKNOWN,PENDING_CURRENT_VERIFICATION,9.99,1470,,1560,33,,35,,64860,81164,VERIFIED_LATEST_FEDERAL_SOURCE,2026-09-13,HIGH,https://www.collegedata.fyi/api/schools/search?q=Williams%20College,https://hub.williams.edu/institutional-research/files/2026/04/Williams-CDS-2025-2026-V2.pdf,,https://collegescorecard.ed.gov/school/?168342,Latest available College Scorecard/IPEDS fields; not represented as 2026-27 outcomes. SAT bounds sum the corresponding official section percentiles; SAT/ACT medians and application fee remain blank unless directly sourced.
128,amherst-college,Amherst College,US,MA,Amherst,PRIVATE_NONPROFIT,Liberal Arts College,EVALIO_CURATED_200_PROMINENT_US_COLLEGES_NOT_OFFICIAL_RANKING,COMMON_APP,COMMON_APP,OPTIONAL,VERIFIED_2026_27_FAIRTEST,NEED_BLIND,YES,YES,VERIFIED_CURRENT_OFFICIAL,9.82,1360,,1550,31,,35,,67280,83650,VERIFIED_LATEST_FEDERAL_SOURCE,2026-09-13,HIGH,https://www.collegedata.fyi/api/schools/search?q=Amherst%20College,https://www.amherst.edu/admission/apply/firstyear/testing,https://www.amherst.edu/admission/financial_aid/international,https://collegescorecard.ed.gov/school/?164465,Latest available College Scorecard/IPEDS fields; not represented as 2026-27 outcomes. SAT bounds sum the corresponding official section percentiles; SAT/ACT medians and application fee remain blank unless directly sourced.
129,swarthmore-college,Swarthmore College,US,PA,Swarthmore,PRIVATE_NONPROFIT,Liberal Arts College,EVALIO_CURATED_200_PROMINENT_US_COLLEGES_NOT_OFFICIAL_RANKING,COMMON_APP,COMMON_APP,OPTIONAL,VERIFIED_2026_27_FAIRTEST,UNKNOWN,UNKNOWN,UNKNOWN,PENDING_CURRENT_VERIFICATION,6.94,1460,,1560,33,,34,,62412,80014,VERIFIED_LATEST_FEDERAL_SOURCE,2026-09-13,HIGH,https://www.collegedata.fyi/api/schools/search?q=Swarthmore%20College,https://swarthmorephoenix.com/2025/11/20/swarthmore-continues-test-optional-policy-2/,,https://collegescorecard.ed.gov/school/?216287,Latest available College Scorecard/IPEDS fields; not represented as 2026-27 outcomes. SAT bounds sum the corresponding official section percentiles; SAT/ACT medians and application fee remain blank unless directly sourced.
130,pomona-college,Pomona College,US,CA,Claremont,PRIVATE_NONPROFIT,Liberal Arts College,EVALIO_CURATED_200_PROMINENT_US_COLLEGES_NOT_OFFICIAL_RANKING,COMMON_APP,COMMON_APP,OPTIONAL,VERIFIED_2026_27_FAIRTEST,UNKNOWN,UNKNOWN,UNKNOWN,PENDING_CURRENT_VERIFICATION,6.76,1480,,1560,33,,35,,62326,81196,VERIFIED_LATEST_FEDERAL_SOURCE,2026-09-13,HIGH,https://www.collegedata.fyi/api/schools/search?q=Pomona%20College,https://www.pomona.edu/news/2023/11/15-pomona-college-makes-test-optional-admissions-policy-permanent,,https://collegescorecard.ed.gov/school/?121345,Latest available College Scorecard/IPEDS fields; not represented as 2026-27 outcomes. SAT bounds sum the corresponding official section percentiles; SAT/ACT medians and application fee remain blank unless directly sourced.
131,wellesley-college,Wellesley College,US,MA,Wellesley,PRIVATE_NONPROFIT,Liberal Arts College,EVALIO_CURATED_200_PROMINENT_US_COLLEGES_NOT_OFFICIAL_RANKING,COMMON_APP,COMMON_APP,OPTIONAL,VERIFIED_2026_27_FAIRTEST,UNKNOWN,UNKNOWN,UNKNOWN,PENDING_CURRENT_VERIFICATION,13.91,1440,,1550,33,,35,,64320,83050,VERIFIED_LATEST_FEDERAL_SOURCE,2026-09-13,HIGH,https://www.collegedata.fyi/api/schools/search?q=Wellesley%20College,https://www.wellesley.edu/admission-aid/apply,,https://collegescorecard.ed.gov/school/?168218,Latest available College Scorecard/IPEDS fields; not represented as 2026-27 outcomes. SAT bounds sum the corresponding official section percentiles; SAT/ACT medians and application fee remain blank unless directly sourced.
132,bowdoin-college,Bowdoin College,US,ME,Brunswick,PRIVATE_NONPROFIT,Liberal Arts College,EVALIO_CURATED_200_PROMINENT_US_COLLEGES_NOT_OFFICIAL_RANKING,COMMON_APP,COMMON_APP,OPTIONAL,VERIFIED_2026_27_FAIRTEST,NEED_BLIND,YES,YES,VERIFIED_CURRENT_OFFICIAL,8.02,1480,,1550,33,,35,,64910,80390,VERIFIED_LATEST_FEDERAL_SOURCE,2026-09-13,HIGH,https://www.collegedata.fyi/api/schools/search?q=Bowdoin%20College,https://www.bowdoin.edu/admissions/our-process/test-optional-policy/index.html,https://www.bowdoin.edu/admissions/apply/international-students/,https://collegescorecard.ed.gov/school/?161004,Latest available College Scorecard/IPEDS fields; not represented as 2026-27 outcomes. SAT bounds sum the corresponding official section percentiles; SAT/ACT medians and application fee remain blank unless directly sourced.
133,claremont-mckenna-college,Claremont McKenna College,US,CA,Claremont,PRIVATE_NONPROFIT,Liberal Arts College,EVALIO_CURATED_200_PROMINENT_US_COLLEGES_NOT_OFFICIAL_RANKING,COMMON_APP,COMMON_APP,OPTIONAL,VERIFIED_2026_27_FAIRTEST,UNKNOWN,UNKNOWN,UNKNOWN,PENDING_CURRENT_VERIFICATION,11.12,1450,,1560,33,,35,,64150,82127,VERIFIED_LATEST_FEDERAL_SOURCE,2026-09-13,HIGH,https://www.collegedata.fyi/api/schools/search?q=Claremont%20McKenna%20College,https://www.cmc.edu/admission/first-year-application-instructions#collapse-792,,https://collegescorecard.ed.gov/school/?112260,Latest available College Scorecard/IPEDS fields; not represented as 2026-27 outcomes. SAT bounds sum the corresponding official section percentiles; SAT/ACT medians and application fee remain blank unless directly sourced.
134,carleton-college,Carleton College,US,MN,Northfield,PRIVATE_NONPROFIT,Liberal Arts College,EVALIO_CURATED_200_PROMINENT_US_COLLEGES_NOT_OFFICIAL_RANKING,COMMON_APP,COMMON_APP,OPTIONAL,VERIFIED_2026_27_FAIRTEST,UNKNOWN,UNKNOWN,UNKNOWN,PENDING_CURRENT_VERIFICATION,22.28,1430,,1550,32,,34,,65457,81350,VERIFIED_LATEST_FEDERAL_SOURCE,2026-09-13,HIGH,https://www.collegedata.fyi/api/schools/search?q=Carleton%20College,https://www.carleton.edu/admissions/apply/steps/criteria/,,https://collegescorecard.ed.gov/school/?173258,Latest available College Scorecard/IPEDS fields; not represented as 2026-27 outcomes. SAT bounds sum the corresponding official section percentiles; SAT/ACT medians and application fee remain blank unless directly sourced.
135,middlebury-college,Middlebury College,US,VT,Middlebury,PRIVATE_NONPROFIT,Liberal Arts College,EVALIO_CURATED_200_PROMINENT_US_COLLEGES_NOT_OFFICIAL_RANKING,COMMON_APP,COMMON_APP,OPTIONAL,VERIFIED_2026_27_FAIRTEST,UNKNOWN,UNKNOWN,UNKNOWN,PENDING_CURRENT_VERIFICATION,10.37,1430,,1550,33,,34,,65280,82260,VERIFIED_LATEST_FEDERAL_SOURCE,2026-09-13,HIGH,https://www.collegedata.fyi/api/schools/search?q=Middlebury%20College,https://www.middlebury.edu/college/admissions/apply/standardized-tests,,https://collegescorecard.ed.gov/school/?230959,Latest available College Scorecard/IPEDS fields; not represented as 2026-27 outcomes. SAT bounds sum the corresponding official section percentiles; SAT/ACT medians and application fee remain blank unless directly sourced.
136,barnard-college,Barnard College,US,NY,New York,PRIVATE_NONPROFIT,Liberal Arts College,EVALIO_CURATED_200_PROMINENT_US_COLLEGES_NOT_OFFICIAL_RANKING,COMMON_APP,COMMON_APP,OPTIONAL,VERIFIED_2026_27_FAIRTEST,UNKNOWN,UNKNOWN,UNKNOWN,PENDING_CURRENT_VERIFICATION,7.96,1453,,1550,32,,34,,66246,84023,VERIFIED_LATEST_FEDERAL_SOURCE,2026-09-13,HIGH,https://www.collegedata.fyi/api/schools/search?q=Barnard%20College,https://barnard.edu/temporary-test-optional-policy-faq,,https://collegescorecard.ed.gov/school/?189097,Latest available College Scorecard/IPEDS fields; not represented as 2026-27 outcomes. SAT bounds sum the corresponding official section percentiles; SAT/ACT medians and application fee remain blank unless directly sourced.
137,harvey-mudd-college,Harvey Mudd College,US,CA,Claremont,PRIVATE_NONPROFIT,Liberal Arts College,EVALIO_CURATED_200_PROMINENT_US_COLLEGES_NOT_OFFICIAL_RANKING,COMMON_APP,COMMON_APP,OPTIONAL,VERIFIED_2026_27_FAIRTEST,UNKNOWN,UNKNOWN,UNKNOWN,PENDING_CURRENT_VERIFICATION,13.06,1480,,1560,34,,36,,66255,84896,VERIFIED_LATEST_FEDERAL_SOURCE,2026-09-13,HIGH,https://www.collegedata.fyi/api/schools/search?q=Harvey%20Mudd%20College,https://www.hmc.edu/admission/apply/first-year-students/,,https://collegescorecard.ed.gov/school/?115409,Latest available College Scorecard/IPEDS fields; not represented as 2026-27 outcomes. SAT bounds sum the corresponding official section percentiles; SAT/ACT medians and application fee remain blank unless directly sourced.
138,wesleyan-university,Wesleyan University,US,CT,Middletown,PRIVATE_NONPROFIT,Liberal Arts College,EVALIO_CURATED_200_PROMINENT_US_COLLEGES_NOT_OFFICIAL_RANKING,COMMON_APP,COMMON_APP,OPTIONAL,VERIFIED_2026_27_FAIRTEST,UNKNOWN,UNKNOWN,UNKNOWN,PENDING_CURRENT_VERIFICATION,17.1,1450,,1540,33,,35,,67316,85172,VERIFIED_LATEST_FEDERAL_SOURCE,2026-09-13,HIGH,https://www.collegedata.fyi/api/schools/search?q=Wesleyan%20University,"https://www.wesleyan.edu/admission/apply/application-process.html#:~:text=Standardized%20Testing%E2%80%94Wesleyan%20does%20not,of%20the%20application%20for%20admission.",,https://collegescorecard.ed.gov/school/?130697,Latest available College Scorecard/IPEDS fields; not represented as 2026-27 outcomes. SAT bounds sum the corresponding official section percentiles; SAT/ACT medians and application fee remain blank unless directly sourced.
139,grinnell-college,Grinnell College,US,IA,Grinnell,PRIVATE_NONPROFIT,Liberal Arts College,EVALIO_CURATED_200_PROMINENT_US_COLLEGES_NOT_OFFICIAL_RANKING,COMMON_APP,COMMON_APP,OPTIONAL,VERIFIED_2026_27_FAIRTEST,UNKNOWN,UNKNOWN,UNKNOWN,PENDING_CURRENT_VERIFICATION,12.68,1418,,1550,31,,34,,64862,79228,VERIFIED_LATEST_FEDERAL_SOURCE,2026-09-13,HIGH,https://www.collegedata.fyi/api/schools/search?q=Grinnell%20College,https://www.grinnell.edu/admission/apply/first-year/requirements#testing ,,https://collegescorecard.ed.gov/school/?153384,Latest available College Scorecard/IPEDS fields; not represented as 2026-27 outcomes. SAT bounds sum the corresponding official section percentiles; SAT/ACT medians and application fee remain blank unless directly sourced.
140,hamilton-college,Hamilton College,US,NY,Clinton,PRIVATE_NONPROFIT,Liberal Arts College,EVALIO_CURATED_200_PROMINENT_US_COLLEGES_NOT_OFFICIAL_RANKING,COMMON_APP,COMMON_APP,OPTIONAL,VERIFIED_2026_27_FAIRTEST,UNKNOWN,UNKNOWN,UNKNOWN,PENDING_CURRENT_VERIFICATION,11.77,1410,,1550,32,,35,,65740,80380,VERIFIED_LATEST_FEDERAL_SOURCE,2026-09-13,HIGH,https://www.collegedata.fyi/api/schools/search?q=Hamilton%20College,https://www.hamilton.edu/admission/apply/testing,,https://collegescorecard.ed.gov/school/?191515,Latest available College Scorecard/IPEDS fields; not represented as 2026-27 outcomes. SAT bounds sum the corresponding official section percentiles; SAT/ACT medians and application fee remain blank unless directly sourced.
141,haverford-college,Haverford College,US,PA,Haverford,PRIVATE_NONPROFIT,Liberal Arts College,EVALIO_CURATED_200_PROMINENT_US_COLLEGES_NOT_OFFICIAL_RANKING,COMMON_APP,COMMON_APP,OPTIONAL,VERIFIED_2026_27_FAIRTEST,UNKNOWN,UNKNOWN,UNKNOWN,PENDING_CURRENT_VERIFICATION,12.91,1430,,1540,33,,35,,68300,84605,VERIFIED_LATEST_FEDERAL_SOURCE,2026-09-13,HIGH,https://www.collegedata.fyi/api/schools/search?q=Haverford%20College,http://haverfordclerk.com/tried-and-true-haverford-goes-permanently-test-optional/,,https://collegescorecard.ed.gov/school/?212911,Latest available College Scorecard/IPEDS fields; not represented as 2026-27 outcomes. SAT bounds sum the corresponding official section percentiles; SAT/ACT medians and application fee remain blank unless directly sourced.
142,smith-college,Smith College,US,MA,Northampton,PRIVATE_NONPROFIT,Liberal Arts College,EVALIO_CURATED_200_PROMINENT_US_COLLEGES_NOT_OFFICIAL_RANKING,COMMON_APP,COMMON_APP,OPTIONAL,VERIFIED_2026_27_FAIRTEST,UNKNOWN,UNKNOWN,UNKNOWN,PENDING_CURRENT_VERIFICATION,19.73,1408,,1540,32,,34,,61568,82134,VERIFIED_LATEST_FEDERAL_SOURCE,2026-09-13,HIGH,https://www.collegedata.fyi/api/schools/search?q=Smith%20College,https://fairtest.org/test-optional-list/,,https://collegescorecard.ed.gov/school/?167835,Latest available College Scorecard/IPEDS fields; not represented as 2026-27 outcomes. SAT bounds sum the corresponding official section percentiles; SAT/ACT medians and application fee remain blank unless directly sourced.
143,vassar-college,Vassar College,US,NY,Poughkeepsie,PRIVATE_NONPROFIT,Liberal Arts College,EVALIO_CURATED_200_PROMINENT_US_COLLEGES_NOT_OFFICIAL_RANKING,COMMON_APP,COMMON_APP,OPTIONAL,VERIFIED_2026_27_FAIRTEST,UNKNOWN,UNKNOWN,UNKNOWN,PENDING_CURRENT_VERIFICATION,17.73,1435,,1550,33,,35,,67805,83573,VERIFIED_LATEST_FEDERAL_SOURCE,2026-09-13,HIGH,https://www.collegedata.fyi/api/schools/search?q=Vassar%20College,https://www.vassar.edu/news/vassar-makes-test-optional-policy-permanent-applicants,,https://collegescorecard.ed.gov/school/?197133,Latest available College Scorecard/IPEDS fields; not represented as 2026-27 outcomes. SAT bounds sum the corresponding official section percentiles; SAT/ACT medians and application fee remain blank unless directly sourced.
144,colgate-university,Colgate University,US,NY,Hamilton,PRIVATE_NONPROFIT,Liberal Arts College,EVALIO_CURATED_200_PROMINENT_US_COLLEGES_NOT_OFFICIAL_RANKING,COMMON_APP,COMMON_APP,OPTIONAL,VERIFIED_2026_27_FAIRTEST,UNKNOWN,UNKNOWN,UNKNOWN,PENDING_CURRENT_VERIFICATION,11.95,1430,,1530,33,,34,,67024,83650,VERIFIED_LATEST_FEDERAL_SOURCE,2026-09-13,HIGH,https://www.collegedata.fyi/api/schools/search?q=Colgate%20University,https://www.colgate.edu/news/stories/colgate-remain-test-optional-through-2026,,https://collegescorecard.ed.gov/school/?190099,Latest available College Scorecard/IPEDS fields; not represented as 2026-27 outcomes. SAT bounds sum the corresponding official section percentiles; SAT/ACT medians and application fee remain blank unless directly sourced.
145,davidson-college,Davidson College,US,NC,Davidson,PRIVATE_NONPROFIT,Liberal Arts College,EVALIO_CURATED_200_PROMINENT_US_COLLEGES_NOT_OFFICIAL_RANKING,COMMON_APP,COMMON_APP,OPTIONAL,VERIFIED_2026_27_FAIRTEST,UNKNOWN,UNKNOWN,UNKNOWN,PENDING_CURRENT_VERIFICATION,14.48,1360,,1510,31,,34,,60300,75865,VERIFIED_LATEST_FEDERAL_SOURCE,2026-09-13,HIGH,https://www.collegedata.fyi/api/schools/search?q=Davidson%20College,https://www.davidson.edu/news/2020/03/30/davidson-college-goes-test-optional-three-year-pilot,,https://collegescorecard.ed.gov/school/?198385,Latest available College Scorecard/IPEDS fields; not represented as 2026-27 outcomes. SAT bounds sum the corresponding official section percentiles; SAT/ACT medians and application fee remain blank unless directly sourced.
146,washington-and-lee-university,Washington and Lee University,US,VA,Lexington,PRIVATE_NONPROFIT,Liberal Arts College,EVALIO_CURATED_200_PROMINENT_US_COLLEGES_NOT_OFFICIAL_RANKING,COMMON_APP,COMMON_APP,OPTIONAL,VERIFIED_2026_27_FAIRTEST,UNKNOWN,UNKNOWN,UNKNOWN,PENDING_CURRENT_VERIFICATION,17.36,1410,,1530,32,,35,,64525,82990,VERIFIED_LATEST_FEDERAL_SOURCE,2026-09-13,HIGH,https://www.collegedata.fyi/api/schools/search?q=Washington%20and%20Lee%20University,https://www.wlu.edu/admissions/apply/test-optional-policy,,https://collegescorecard.ed.gov/school/?234207,Latest available College Scorecard/IPEDS fields; not represented as 2026-27 outcomes. SAT bounds sum the corresponding official section percentiles; SAT/ACT medians and application fee remain blank unless directly sourced.
147,colby-college,Colby College,US,ME,Waterville,PRIVATE_NONPROFIT,Liberal Arts College,EVALIO_CURATED_200_PROMINENT_US_COLLEGES_NOT_OFFICIAL_RANKING,COMMON_APP,COMMON_APP,OPTIONAL,VERIFIED_2026_27_FAIRTEST,UNKNOWN,UNKNOWN,UNKNOWN,PENDING_CURRENT_VERIFICATION,6.83,1440,,1550,32,,34,,66600,81550,VERIFIED_LATEST_FEDERAL_SOURCE,2026-09-13,HIGH,https://www.collegedata.fyi/api/schools/search?q=Colby%20College,https://fairtest.org/test-optional-list/,,https://collegescorecard.ed.gov/school/?161086,Latest available College Scorecard/IPEDS fields; not represented as 2026-27 outcomes. SAT bounds sum the corresponding official section percentiles; SAT/ACT medians and application fee remain blank unless directly sourced.
148,bates-college,Bates College,US,ME,Lewiston,PRIVATE_NONPROFIT,Liberal Arts College,EVALIO_CURATED_200_PROMINENT_US_COLLEGES_NOT_OFFICIAL_RANKING,COMMON_APP,COMMON_APP,OPTIONAL,VERIFIED_2026_27_FAIRTEST,UNKNOWN,UNKNOWN,UNKNOWN,PENDING_CURRENT_VERIFICATION,13.02,1400,,1510,31,,33,,63478,80440,VERIFIED_LATEST_FEDERAL_SOURCE,2026-09-13,HIGH,https://www.collegedata.fyi/api/schools/search?q=Bates%20College,https://fairtest.org/test-optional-list/,,https://collegescorecard.ed.gov/school/?160977,Latest available College Scorecard/IPEDS fields; not represented as 2026-27 outcomes. SAT bounds sum the corresponding official section percentiles; SAT/ACT medians and application fee remain blank unless directly sourced.
149,macalester-college,Macalester College,US,MN,Saint Paul,PRIVATE_NONPROFIT,Liberal Arts College,EVALIO_CURATED_200_PROMINENT_US_COLLEGES_NOT_OFFICIAL_RANKING,COMMON_APP,COMMON_APP,OPTIONAL,VERIFIED_2026_27_FAIRTEST,UNKNOWN,UNKNOWN,UNKNOWN,PENDING_CURRENT_VERIFICATION,28.21,1350,,1510,30,,33,,64908,78900,VERIFIED_LATEST_FEDERAL_SOURCE,2026-09-13,HIGH,https://www.collegedata.fyi/api/schools/search?q=Macalester%20College,https://www.macalester.edu/news/2020/04/macalester-college-adopts-test-optional-admissions-policy/,,https://collegescorecard.ed.gov/school/?173902,Latest available College Scorecard/IPEDS fields; not represented as 2026-27 outcomes. SAT bounds sum the corresponding official section percentiles; SAT/ACT medians and application fee remain blank unless directly sourced.
150,scripps-college,Scripps College,US,CA,Claremont,PRIVATE_NONPROFIT,Liberal Arts College,EVALIO_CURATED_200_PROMINENT_US_COLLEGES_NOT_OFFICIAL_RANKING,COMMON_APP,COMMON_APP,OPTIONAL,VERIFIED_2026_27_FAIRTEST,UNKNOWN,UNKNOWN,UNKNOWN,PENDING_CURRENT_VERIFICATION,33.94,1420,,1530,32,,34,,63434,83330,VERIFIED_LATEST_FEDERAL_SOURCE,2026-09-13,HIGH,https://www.collegedata.fyi/api/schools/search?q=Scripps%20College,https://www.scrippscollege.edu/admission/apply/first-year-applicants,,https://collegescorecard.ed.gov/school/?123165,Latest available College Scorecard/IPEDS fields; not represented as 2026-27 outcomes. SAT bounds sum the corresponding official section percentiles; SAT/ACT medians and application fee remain blank unless directly sourced.
151,bryn-mawr-college,Bryn Mawr College,US,PA,Bryn Mawr,PRIVATE_NONPROFIT,Liberal Arts College,EVALIO_CURATED_200_PROMINENT_US_COLLEGES_NOT_OFFICIAL_RANKING,COMMON_APP,COMMON_APP,OPTIONAL,VERIFIED_2026_27_FAIRTEST,UNKNOWN,UNKNOWN,UNKNOWN,PENDING_CURRENT_VERIFICATION,31.06,1300,,1470,30,,33,,62560,79380,VERIFIED_LATEST_FEDERAL_SOURCE,2026-09-13,HIGH,https://www.collegedata.fyi/api/schools/search?q=Bryn%20Mawr%20College,https://fairtest.org/test-optional-list/,,https://collegescorecard.ed.gov/school/?211273,Latest available College Scorecard/IPEDS fields; not represented as 2026-27 outcomes. SAT bounds sum the corresponding official section percentiles; SAT/ACT medians and application fee remain blank unless directly sourced.
152,bucknell-university,Bucknell University,US,PA,Lewisburg,PRIVATE_NONPROFIT,Liberal Arts College,EVALIO_CURATED_200_PROMINENT_US_COLLEGES_NOT_OFFICIAL_RANKING,COMMON_APP,COMMON_APP,OPTIONAL,VERIFIED_2026_27_FAIRTEST,UNKNOWN,UNKNOWN,UNKNOWN,PENDING_CURRENT_VERIFICATION,32.01,1300,,1450,31,,33,,64772,79956,VERIFIED_LATEST_FEDERAL_SOURCE,2026-09-13,HIGH,https://www.collegedata.fyi/api/schools/search?q=Bucknell%20University,https://www.bucknell.edu/admissions-aid/apply-bucknell/undergraduate-admission-requirements,,https://collegescorecard.ed.gov/school/?211291,Latest available College Scorecard/IPEDS fields; not represented as 2026-27 outcomes. SAT bounds sum the corresponding official section percentiles; SAT/ACT medians and application fee remain blank unless directly sourced.
153,lafayette-college,Lafayette College,US,PA,Easton,PRIVATE_NONPROFIT,Liberal Arts College,EVALIO_CURATED_200_PROMINENT_US_COLLEGES_NOT_OFFICIAL_RANKING,COMMON_APP,COMMON_APP,OPTIONAL,VERIFIED_2026_27_FAIRTEST,UNKNOWN,UNKNOWN,UNKNOWN,PENDING_CURRENT_VERIFICATION,31.47,1340,,1490,30,,33,,62574,78854,VERIFIED_LATEST_FEDERAL_SOURCE,2026-09-13,HIGH,https://www.collegedata.fyi/api/schools/search?q=Lafayette%20College,https://admissions.lafayette.edu/apply/,,https://collegescorecard.ed.gov/school/?213385,Latest available College Scorecard/IPEDS fields; not represented as 2026-27 outcomes. SAT bounds sum the corresponding official section percentiles; SAT/ACT medians and application fee remain blank unless directly sourced.
154,college-of-the-holy-cross,College of the Holy Cross,US,MA,Worcester,PRIVATE_NONPROFIT,Liberal Arts College,EVALIO_CURATED_200_PROMINENT_US_COLLEGES_NOT_OFFICIAL_RANKING,COMMON_APP,COMMON_APP,OPTIONAL,VERIFIED_2026_27_FAIRTEST,UNKNOWN,UNKNOWN,UNKNOWN,PENDING_CURRENT_VERIFICATION,21.1,1250,,1420,28,,32,,60850,76510,VERIFIED_LATEST_FEDERAL_SOURCE,2026-09-13,HIGH,https://www.collegedata.fyi/api/schools/search?q=College%20of%20the%20Holy%20Cross,https://fairtest.org/test-optional-list/,,https://collegescorecard.ed.gov/school/?166124,Latest available College Scorecard/IPEDS fields; not represented as 2026-27 outcomes. SAT bounds sum the corresponding official section percentiles; SAT/ACT medians and application fee remain blank unless directly sourced.
155,university-of-richmond,University of Richmond,US,VA,University of Richmond,PRIVATE_NONPROFIT,Liberal Arts College,EVALIO_CURATED_200_PROMINENT_US_COLLEGES_NOT_OFFICIAL_RANKING,COMMON_APP,COMMON_APP,OPTIONAL,VERIFIED_2026_27_FAIRTEST,UNKNOWN,UNKNOWN,UNKNOWN,PENDING_CURRENT_VERIFICATION,23.31,1410,,1530,32,,34,,62600,77290,VERIFIED_LATEST_FEDERAL_SOURCE,2026-09-13,HIGH,https://www.collegedata.fyi/api/schools/search?q=University%20of%20Richmond,https://www.admissions.richmond.edu/process/index.html,,https://collegescorecard.ed.gov/school/?233374,Latest available College Scorecard/IPEDS fields; not represented as 2026-27 outcomes. SAT bounds sum the corresponding official section percentiles; SAT/ACT medians and application fee remain blank unless directly sourced.
156,denison-university,Denison University,US,OH,Granville,PRIVATE_NONPROFIT,Liberal Arts College,EVALIO_CURATED_200_PROMINENT_US_COLLEGES_NOT_OFFICIAL_RANKING,COMMON_APP,COMMON_APP,OPTIONAL,VERIFIED_2026_27_FAIRTEST,UNKNOWN,UNKNOWN,UNKNOWN,PENDING_CURRENT_VERIFICATION,16.93,1300,,1470,29,,32,,64000,76900,VERIFIED_LATEST_FEDERAL_SOURCE,2026-09-13,HIGH,https://www.collegedata.fyi/api/schools/search?q=Denison%20University,https://fairtest.org/test-optional-list/,,https://collegescorecard.ed.gov/school/?202523,Latest available College Scorecard/IPEDS fields; not represented as 2026-27 outcomes. SAT bounds sum the corresponding official section percentiles; SAT/ACT medians and application fee remain blank unless directly sourced.
157,kenyon-college,Kenyon College,US,OH,Gambier,PRIVATE_NONPROFIT,Liberal Arts College,EVALIO_CURATED_200_PROMINENT_US_COLLEGES_NOT_OFFICIAL_RANKING,COMMON_APP,COMMON_APP,OPTIONAL,VERIFIED_2026_27_FAIRTEST,UNKNOWN,UNKNOWN,UNKNOWN,PENDING_CURRENT_VERIFICATION,30.71,1360,,1500,31,,34,,69330,83800,VERIFIED_LATEST_FEDERAL_SOURCE,2026-09-13,HIGH,https://www.collegedata.fyi/api/schools/search?q=Kenyon%20College,https://www.kenyon.edu/admissions-aid/apply-to-kenyon/standardized-testing-policy/,,https://collegescorecard.ed.gov/school/?203535,Latest available College Scorecard/IPEDS fields; not represented as 2026-27 outcomes. SAT bounds sum the corresponding official section percentiles; SAT/ACT medians and application fee remain blank unless directly sourced.
158,occidental-college,Occidental College,US,CA,Los Angeles,PRIVATE_NONPROFIT,Liberal Arts College,EVALIO_CURATED_200_PROMINENT_US_COLLEGES_NOT_OFFICIAL_RANKING,COMMON_APP,COMMON_APP,OPTIONAL,VERIFIED_2026_27_FAIRTEST,UNKNOWN,UNKNOWN,UNKNOWN,PENDING_CURRENT_VERIFICATION,39.89,1360,,1500,31,,34,,63446,80636,VERIFIED_LATEST_FEDERAL_SOURCE,2026-09-13,HIGH,https://www.collegedata.fyi/api/schools/search?q=Occidental%20College,https://www.oxy.edu/admission-aid/apply/fall-2021-application-process,,https://collegescorecard.ed.gov/school/?120254,Latest available College Scorecard/IPEDS fields; not represented as 2026-27 outcomes. SAT bounds sum the corresponding official section percentiles; SAT/ACT medians and application fee remain blank unless directly sourced.
159,skidmore-college,Skidmore College,US,NY,Saratoga Springs,PRIVATE_NONPROFIT,Liberal Arts College,EVALIO_CURATED_200_PROMINENT_US_COLLEGES_NOT_OFFICIAL_RANKING,COMMON_APP,COMMON_APP,OPTIONAL,VERIFIED_2026_27_FAIRTEST,UNKNOWN,UNKNOWN,UNKNOWN,PENDING_CURRENT_VERIFICATION,22.92,1300,,1460,30,,33,,65030,81890,VERIFIED_LATEST_FEDERAL_SOURCE,2026-09-13,HIGH,https://www.collegedata.fyi/api/schools/search?q=Skidmore%20College,https://catalog.skidmore.edu/admission,,https://collegescorecard.ed.gov/school/?195526,Latest available College Scorecard/IPEDS fields; not represented as 2026-27 outcomes. SAT bounds sum the corresponding official section percentiles; SAT/ACT medians and application fee remain blank unless directly sourced.
160,trinity-college,Trinity College,US,CT,Hartford,PRIVATE_NONPROFIT,Liberal Arts College,EVALIO_CURATED_200_PROMINENT_US_COLLEGES_NOT_OFFICIAL_RANKING,COMMON_APP,COMMON_APP,OPTIONAL,VERIFIED_2026_27_FAIRTEST,UNKNOWN,UNKNOWN,UNKNOWN,PENDING_CURRENT_VERIFICATION,33.52,1310,,1460,30,,33,,67420,83090,VERIFIED_LATEST_FEDERAL_SOURCE,2026-09-13,HIGH,https://www.collegedata.fyi/api/schools/search?q=Trinity%20College,https://www.trincoll.edu/admissions/undergraduate-admissions/faq/,,https://collegescorecard.ed.gov/school/?130590,Latest available College Scorecard/IPEDS fields; not represented as 2026-27 outcomes. SAT bounds sum the corresponding official section percentiles; SAT/ACT medians and application fee remain blank unless directly sourced.
161,connecticut-college,Connecticut College,US,CT,New London,PRIVATE_NONPROFIT,Liberal Arts College,EVALIO_CURATED_200_PROMINENT_US_COLLEGES_NOT_OFFICIAL_RANKING,COMMON_APP,COMMON_APP,OPTIONAL,VERIFIED_2026_27_FAIRTEST,UNKNOWN,UNKNOWN,UNKNOWN,PENDING_CURRENT_VERIFICATION,38.28,1340,,1470,31,,33,,64812,82219,VERIFIED_LATEST_FEDERAL_SOURCE,2026-09-13,HIGH,https://www.collegedata.fyi/api/schools/search?q=Connecticut%20College,https://fairtest.org/test-optional-list/,,https://collegescorecard.ed.gov/school/?128902,Latest available College Scorecard/IPEDS fields; not represented as 2026-27 outcomes. SAT bounds sum the corresponding official section percentiles; SAT/ACT medians and application fee remain blank unless directly sourced.
162,oberlin-college,Oberlin College,US,OH,Oberlin,PRIVATE_NONPROFIT,Liberal Arts College,EVALIO_CURATED_200_PROMINENT_US_COLLEGES_NOT_OFFICIAL_RANKING,COMMON_APP,COMMON_APP,OPTIONAL,VERIFIED_2026_27_FAIRTEST,UNKNOWN,UNKNOWN,UNKNOWN,PENDING_CURRENT_VERIFICATION,32.98,1370,,1510,30,,33,,64646,84230,VERIFIED_LATEST_FEDERAL_SOURCE,2026-09-13,HIGH,https://www.collegedata.fyi/api/schools/search?q=Oberlin%20College,https://www.oberlin.edu/admissions-and-aid/arts-and-sciences/testing-policy,,https://collegescorecard.ed.gov/school/?204501,Latest available College Scorecard/IPEDS fields; not represented as 2026-27 outcomes. SAT bounds sum the corresponding official section percentiles; SAT/ACT medians and application fee remain blank unless directly sourced.
163,pitzer-college,Pitzer College,US,CA,Claremont,PRIVATE_NONPROFIT,Liberal Arts College,EVALIO_CURATED_200_PROMINENT_US_COLLEGES_NOT_OFFICIAL_RANKING,COMMON_APP,COMMON_APP,BLIND,VERIFIED_2026_27_FAIRTEST,UNKNOWN,UNKNOWN,UNKNOWN,PENDING_CURRENT_VERIFICATION,16.66,,,,,,,,62692,82832,VERIFIED_LATEST_FEDERAL_SOURCE,2026-09-13,HIGH,https://www.collegedata.fyi/api/schools/search?q=Pitzer%20College,https://www.pitzer.edu/admission/admission/apply/first-year-applicants/,,https://collegescorecard.ed.gov/school/?121257,Latest available College Scorecard/IPEDS fields; not represented as 2026-27 outcomes. SAT bounds sum the corresponding official section percentiles; SAT/ACT medians and application fee remain blank unless directly sourced.
164,colorado-college,Colorado College,US,CO,Colorado Springs,PRIVATE_NONPROFIT,Liberal Arts College,EVALIO_CURATED_200_PROMINENT_US_COLLEGES_NOT_OFFICIAL_RANKING,COMMON_APP,COMMON_APP,OPTIONAL,VERIFIED_2026_27_FAIRTEST,UNKNOWN,UNKNOWN,UNKNOWN,PENDING_CURRENT_VERIFICATION,20.03,1365,,1520,31,,34,,67932,83228,VERIFIED_LATEST_FEDERAL_SOURCE,2026-09-13,HIGH,https://www.collegedata.fyi/api/schools/search?q=Colorado%20College,https://fairtest.org/test-optional-list/,,https://collegescorecard.ed.gov/school/?126678,Latest available College Scorecard/IPEDS fields; not represented as 2026-27 outcomes. SAT bounds sum the corresponding official section percentiles; SAT/ACT medians and application fee remain blank unless directly sourced.
165,rhodes-college,Rhodes College,US,TN,Memphis,PRIVATE_NONPROFIT,Liberal Arts College,EVALIO_CURATED_200_PROMINENT_US_COLLEGES_NOT_OFFICIAL_RANKING,COMMON_APP,COMMON_APP,OPTIONAL,VERIFIED_2026_27_FAIRTEST,UNKNOWN,UNKNOWN,UNKNOWN,PENDING_CURRENT_VERIFICATION,49.68,1290,,1490,28,,33,,54892,68055,VERIFIED_LATEST_FEDERAL_SOURCE,2026-09-13,HIGH,https://www.collegedata.fyi/api/schools/search?q=Rhodes%20College,https://www.rhodes.edu/admission-aid/apply-rhodes/test-optional-faqs,,https://collegescorecard.ed.gov/school/?221351,Latest available College Scorecard/IPEDS fields; not represented as 2026-27 outcomes. SAT bounds sum the corresponding official section percentiles; SAT/ACT medians and application fee remain blank unless directly sourced.
166,sewanee-the-university-of-the-south,The University of the South,US,TN,Sewanee,PRIVATE_NONPROFIT,Liberal Arts College,EVALIO_CURATED_200_PROMINENT_US_COLLEGES_NOT_OFFICIAL_RANKING,COMMON_APP,COMMON_APP,OPTIONAL,VERIFIED_2026_27_FAIRTEST,UNKNOWN,UNKNOWN,UNKNOWN,PENDING_CURRENT_VERIFICATION,50.9,1236,,1398,27,,32,,53698,68704,VERIFIED_LATEST_FEDERAL_SOURCE,2026-09-13,HIGH,https://www.collegedata.fyi/api/schools/search?q=Sewanee%3A%20The%20University%20of%20the%20South,https://new.sewanee.edu/admission-aid/application-process/application-review/,,https://collegescorecard.ed.gov/school/?221519,Latest available College Scorecard/IPEDS fields; not represented as 2026-27 outcomes. SAT bounds sum the corresponding official section percentiles; SAT/ACT medians and application fee remain blank unless directly sourced.
167,furman-university,Furman University,US,SC,Greenville,PRIVATE_NONPROFIT,Liberal Arts College,EVALIO_CURATED_200_PROMINENT_US_COLLEGES_NOT_OFFICIAL_RANKING,COMMON_APP,COMMON_APP,OPTIONAL,VERIFIED_2026_27_FAIRTEST,UNKNOWN,UNKNOWN,UNKNOWN,PENDING_CURRENT_VERIFICATION,52.57,1260,,1425,28,,32,,58312,73760,VERIFIED_LATEST_FEDERAL_SOURCE,2026-09-13,HIGH,https://www.collegedata.fyi/api/schools/search?q=Furman%20University,https://fairtest.org/test-optional-list/,,https://collegescorecard.ed.gov/school/?218070,Latest available College Scorecard/IPEDS fields; not represented as 2026-27 outcomes. SAT bounds sum the corresponding official section percentiles; SAT/ACT medians and application fee remain blank unless directly sourced.
168,whitman-college,Whitman College,US,WA,Walla Walla,PRIVATE_NONPROFIT,Liberal Arts College,EVALIO_CURATED_200_PROMINENT_US_COLLEGES_NOT_OFFICIAL_RANKING,COMMON_APP,COMMON_APP,OPTIONAL,VERIFIED_2026_27_FAIRTEST,UNKNOWN,UNKNOWN,UNKNOWN,PENDING_CURRENT_VERIFICATION,49.99,1270,,1480,27,,33,,61492,75042,VERIFIED_LATEST_FEDERAL_SOURCE,2026-09-13,HIGH,https://www.collegedata.fyi/api/schools/search?q=Whitman%20College,"https://www.whitman.edu/admission-and-aid/applying-to-whitman/testing-policy#:~:text=Whitman%20College%20is%20test%2Doptional,part%20of%20the%20admission%20process.",,https://collegescorecard.ed.gov/school/?237057,Latest available College Scorecard/IPEDS fields; not represented as 2026-27 outcomes. SAT bounds sum the corresponding official section percentiles; SAT/ACT medians and application fee remain blank unless directly sourced.
169,franklin-and-marshall-college,Franklin and Marshall College,US,PA,Lancaster,PRIVATE_NONPROFIT,Liberal Arts College,EVALIO_CURATED_200_PROMINENT_US_COLLEGES_NOT_OFFICIAL_RANKING,COMMON_APP,COMMON_APP,OPTIONAL,VERIFIED_2026_27_FAIRTEST,UNKNOWN,UNKNOWN,UNKNOWN,PENDING_CURRENT_VERIFICATION,31.83,1298,,1460,29,,32,,68380,83184,VERIFIED_LATEST_FEDERAL_SOURCE,2026-09-13,HIGH,https://www.collegedata.fyi/api/schools/search?q=Franklin%20%26%20Marshall%20College,https://www.fandm.edu/admission/apply/standardized-test-option,,https://collegescorecard.ed.gov/school/?212577,Latest available College Scorecard/IPEDS fields; not represented as 2026-27 outcomes. SAT bounds sum the corresponding official section percentiles; SAT/ACT medians and application fee remain blank unless directly sourced.
170,gettysburg-college,Gettysburg College,US,PA,Gettysburg,PRIVATE_NONPROFIT,Liberal Arts College,EVALIO_CURATED_200_PROMINENT_US_COLLEGES_NOT_OFFICIAL_RANKING,COMMON_APP,COMMON_APP,OPTIONAL,VERIFIED_2026_27_FAIRTEST,UNKNOWN,UNKNOWN,UNKNOWN,PENDING_CURRENT_VERIFICATION,47.51,1240,,1460,27,,32,,64230,80400,VERIFIED_LATEST_FEDERAL_SOURCE,2026-09-13,HIGH,https://www.collegedata.fyi/api/schools/search?q=Gettysburg%20College,https://www.gettysburg.edu/admissions-aid/applying-gettysburg/,,https://collegescorecard.ed.gov/school/?212674,Latest available College Scorecard/IPEDS fields; not represented as 2026-27 outcomes. SAT bounds sum the corresponding official section percentiles; SAT/ACT medians and application fee remain blank unless directly sourced.
171,dickinson-college,Dickinson College,US,PA,Carlisle,PRIVATE_NONPROFIT,Liberal Arts College,EVALIO_CURATED_200_PROMINENT_US_COLLEGES_NOT_OFFICIAL_RANKING,COMMON_APP,COMMON_APP,OPTIONAL,VERIFIED_2026_27_FAIRTEST,UNKNOWN,UNKNOWN,UNKNOWN,PENDING_CURRENT_VERIFICATION,43.08,,,,,,,,63475,80329,VERIFIED_LATEST_FEDERAL_SOURCE,2026-09-13,HIGH,https://www.collegedata.fyi/api/schools/search?q=Dickinson%20College,https://www.dickinson.edu/info/20256/apply/996/standardized_testing_information,,https://collegescorecard.ed.gov/school/?212009,Latest available College Scorecard/IPEDS fields; not represented as 2026-27 outcomes. SAT bounds sum the corresponding official section percentiles; SAT/ACT medians and application fee remain blank unless directly sourced.
172,depauw-university,DePauw University,US,IN,Greencastle,PRIVATE_NONPROFIT,Liberal Arts College,EVALIO_CURATED_200_PROMINENT_US_COLLEGES_NOT_OFFICIAL_RANKING,COMMON_APP,COMMON_APP,OPTIONAL,VERIFIED_2026_27_FAIRTEST,UNKNOWN,UNKNOWN,UNKNOWN,PENDING_CURRENT_VERIFICATION,54.06,1140,,1430,26,,31,,57070,72560,VERIFIED_LATEST_FEDERAL_SOURCE,2026-09-13,HIGH,https://www.collegedata.fyi/api/schools/search?q=DePauw%20University,https://www.depauw.edu/admission-aid/apply/first-year-applicants/test-optional-faqs/,,https://collegescorecard.ed.gov/school/?150400,Latest available College Scorecard/IPEDS fields; not represented as 2026-27 outcomes. SAT bounds sum the corresponding official section percentiles; SAT/ACT medians and application fee remain blank unless directly sourced.
173,college-of-wooster,The College of Wooster,US,OH,Wooster,PRIVATE_NONPROFIT,Liberal Arts College,EVALIO_CURATED_200_PROMINENT_US_COLLEGES_NOT_OFFICIAL_RANKING,COMMON_APP,COMMON_APP,OPTIONAL,VERIFIED_2026_27_FAIRTEST,UNKNOWN,UNKNOWN,UNKNOWN,PENDING_CURRENT_VERIFICATION,54.32,1250,,1450,27,,32,,59550,73075,VERIFIED_LATEST_FEDERAL_SOURCE,2026-09-13,HIGH,https://www.collegedata.fyi/api/schools/search?q=College%20of%20Wooster,"https://wooster.edu/admissions/apply/requirements/#:~:text=ACT%20or%20SAT%20scores.,for%20the%20College%20Scholar%20Award.)",,https://collegescorecard.ed.gov/school/?206589,Latest available College Scorecard/IPEDS fields; not represented as 2026-27 outcomes. SAT bounds sum the corresponding official section percentiles; SAT/ACT medians and application fee remain blank unless directly sourced.
174,lawrence-university,Lawrence University,US,WI,Appleton,PRIVATE_NONPROFIT,Liberal Arts College,EVALIO_CURATED_200_PROMINENT_US_COLLEGES_NOT_OFFICIAL_RANKING,COMMON_APP,COMMON_APP,OPTIONAL,VERIFIED_2026_27_FAIRTEST,UNKNOWN,UNKNOWN,UNKNOWN,PENDING_CURRENT_VERIFICATION,63.03,1200,,1430,27,,32,,55461,67824,VERIFIED_LATEST_FEDERAL_SOURCE,2026-09-13,HIGH,https://www.collegedata.fyi/api/schools/search?q=Lawrence%20University,http://www.lawrence.edu/admissions,,https://collegescorecard.ed.gov/school/?239017,Latest available College Scorecard/IPEDS fields; not represented as 2026-27 outcomes. SAT bounds sum the corresponding official section percentiles; SAT/ACT medians and application fee remain blank unless directly sourced.
175,kalamazoo-college,Kalamazoo College,US,MI,Kalamazoo,PRIVATE_NONPROFIT,Liberal Arts College,EVALIO_CURATED_200_PROMINENT_US_COLLEGES_NOT_OFFICIAL_RANKING,COMMON_APP,COMMON_APP,OPTIONAL,VERIFIED_2026_27_FAIRTEST,UNKNOWN,UNKNOWN,UNKNOWN,PENDING_CURRENT_VERIFICATION,76.23,1188,,1373,,,,,58764,71173,VERIFIED_LATEST_FEDERAL_SOURCE,2026-09-13,HIGH,https://www.collegedata.fyi/api/schools/search?q=Kalamazoo%20College,https://fairtest.org/test-optional-list/,,https://collegescorecard.ed.gov/school/?170532,Latest available College Scorecard/IPEDS fields; not represented as 2026-27 outcomes. SAT bounds sum the corresponding official section percentiles; SAT/ACT medians and application fee remain blank unless directly sourced.
176,st-olaf-college,St Olaf College,US,MN,Northfield,PRIVATE_NONPROFIT,Liberal Arts College,EVALIO_CURATED_200_PROMINENT_US_COLLEGES_NOT_OFFICIAL_RANKING,COMMON_APP,COMMON_APP,OPTIONAL,VERIFIED_2026_27_FAIRTEST,UNKNOWN,UNKNOWN,UNKNOWN,PENDING_CURRENT_VERIFICATION,52.15,1260,,1470,28,,32,,56970,69200,VERIFIED_LATEST_FEDERAL_SOURCE,2026-09-13,HIGH,https://www.collegedata.fyi/api/schools/search?q=St.%20Olaf%20College,https://wp.stolaf.edu/news/st-olaf-goes-test-optional-for-admissions,,https://collegescorecard.ed.gov/school/?174844,Latest available College Scorecard/IPEDS fields; not represented as 2026-27 outcomes. SAT bounds sum the corresponding official section percentiles; SAT/ACT medians and application fee remain blank unless directly sourced.
177,gustavus-adolphus-college,Gustavus Adolphus College,US,MN,Saint Peter,PRIVATE_NONPROFIT,Liberal Arts College,EVALIO_CURATED_200_PROMINENT_US_COLLEGES_NOT_OFFICIAL_RANKING,COMMON_APP,COMMON_APP,OPTIONAL,VERIFIED_2026_27_FAIRTEST,UNKNOWN,UNKNOWN,UNKNOWN,PENDING_CURRENT_VERIFICATION,61.8,,,,25,,31,,54310,65976,VERIFIED_LATEST_FEDERAL_SOURCE,2026-09-13,HIGH,https://www.collegedata.fyi/api/schools/search?q=Gustavus%20Adolphus%20College,https://gustavus.edu/search/?q=test+policy+for+international+student,,https://collegescorecard.ed.gov/school/?173647,Latest available College Scorecard/IPEDS fields; not represented as 2026-27 outcomes. SAT bounds sum the corresponding official section percentiles; SAT/ACT medians and application fee remain blank unless directly sourced.
178,union-college,Union College,US,NY,Schenectady,PRIVATE_NONPROFIT,Liberal Arts College,EVALIO_CURATED_200_PROMINENT_US_COLLEGES_NOT_OFFICIAL_RANKING,COMMON_APP,COMMON_APP,OPTIONAL,VERIFIED_2026_27_FAIRTEST,UNKNOWN,UNKNOWN,UNKNOWN,PENDING_CURRENT_VERIFICATION,43.79,1310,,1480,30,,33,,66456,81627,VERIFIED_LATEST_FEDERAL_SOURCE,2026-09-13,HIGH,https://www.collegedata.fyi/api/schools/search?q=Union%20College,https://www.union.edu/admissions/apply/test-policy,,https://collegescorecard.ed.gov/school/?196866,Latest available College Scorecard/IPEDS fields; not represented as 2026-27 outcomes. SAT bounds sum the corresponding official section percentiles; SAT/ACT medians and application fee remain blank unless directly sourced.
179,reed-college,Reed College,US,OR,Portland,PRIVATE_NONPROFIT,Liberal Arts College,EVALIO_CURATED_200_PROMINENT_US_COLLEGES_NOT_OFFICIAL_RANKING,COMMON_APP,COMMON_APP,BLIND,VERIFIED_2026_27_FAIRTEST,UNKNOWN,UNKNOWN,UNKNOWN,PENDING_CURRENT_VERIFICATION,27.16,1300,,1510,29,,34,,67020,83310,VERIFIED_LATEST_FEDERAL_SOURCE,2026-09-13,HIGH,https://www.collegedata.fyi/api/schools/search?q=Reed%20College,https://www.reed.edu/ir/cds/cds2425/CDS_secC_202425.pdf,,https://collegescorecard.ed.gov/school/?209922,Latest available College Scorecard/IPEDS fields; not represented as 2026-27 outcomes. SAT bounds sum the corresponding official section percentiles; SAT/ACT medians and application fee remain blank unless directly sourced.
180,mount-holyoke-college,Mount Holyoke College,US,MA,South Hadley,PRIVATE_NONPROFIT,Liberal Arts College,EVALIO_CURATED_200_PROMINENT_US_COLLEGES_NOT_OFFICIAL_RANKING,COMMON_APP,COMMON_APP,OPTIONAL,VERIFIED_2026_27_FAIRTEST,UNKNOWN,UNKNOWN,UNKNOWN,PENDING_CURRENT_VERIFICATION,38.29,1350,,1500,31,,33,,64142,77545,VERIFIED_LATEST_FEDERAL_SOURCE,2026-09-13,HIGH,https://www.collegedata.fyi/api/schools/search?q=Mount%20Holyoke%20College,https://www.mtholyoke.edu/admission/apply-undergraduate-first-year/standardized-testing-policies,,https://collegescorecard.ed.gov/school/?166939,Latest available College Scorecard/IPEDS fields; not represented as 2026-27 outcomes. SAT bounds sum the corresponding official section percentiles; SAT/ACT medians and application fee remain blank unless directly sourced.
181,spelman-college,Spelman College,US,GA,Atlanta,PRIVATE_NONPROFIT,Liberal Arts College,EVALIO_CURATED_200_PROMINENT_US_COLLEGES_NOT_OFFICIAL_RANKING,COMMON_APP,COMMON_APP,OPTIONAL,VERIFIED_2026_27_FAIRTEST,UNKNOWN,UNKNOWN,UNKNOWN,PENDING_CURRENT_VERIFICATION,34.09,1060,,1270,21,,27,,30058,49349,VERIFIED_LATEST_FEDERAL_SOURCE,2026-09-13,HIGH,https://www.collegedata.fyi/api/schools/search?q=Spelman%20College,https://www.spelman.edu/admissions/applying-to-spelman/test-optional-admissions-policy.html,,https://collegescorecard.ed.gov/school/?141060,Latest available College Scorecard/IPEDS fields; not represented as 2026-27 outcomes. SAT bounds sum the corresponding official section percentiles; SAT/ACT medians and application fee remain blank unless directly sourced.
182,morehouse-college,Morehouse College,US,GA,Atlanta,PRIVATE_NONPROFIT,Liberal Arts College,EVALIO_CURATED_200_PROMINENT_US_COLLEGES_NOT_OFFICIAL_RANKING,COMMON_APP,COMMON_APP,OPTIONAL,VERIFIED_2026_27_FAIRTEST,UNKNOWN,UNKNOWN,UNKNOWN,PENDING_CURRENT_VERIFICATION,51.39,,,,19,,23,,31725,47347,VERIFIED_LATEST_FEDERAL_SOURCE,2026-09-13,HIGH,https://www.collegedata.fyi/api/schools/search?q=Morehouse%20College,https://morehouse.edu/info-for-counselors,,https://collegescorecard.ed.gov/school/?140553,Latest available College Scorecard/IPEDS fields; not represented as 2026-27 outcomes. SAT bounds sum the corresponding official section percentiles; SAT/ACT medians and application fee remain blank unless directly sourced.
183,sarah-lawrence-college,Sarah Lawrence College,US,NY,Bronxville,PRIVATE_NONPROFIT,Liberal Arts College,EVALIO_CURATED_200_PROMINENT_US_COLLEGES_NOT_OFFICIAL_RANKING,COMMON_APP,COMMON_APP,OPTIONAL,VERIFIED_2026_27_FAIRTEST,UNKNOWN,UNKNOWN,UNKNOWN,PENDING_CURRENT_VERIFICATION,58.93,1270,,1440,29,,33,,63678,79320,VERIFIED_LATEST_FEDERAL_SOURCE,2026-09-13,HIGH,https://www.collegedata.fyi/api/schools/search?q=Sarah%20Lawrence%20College,https://fairtest.org/test-optional-list/,,https://collegescorecard.ed.gov/school/?195304,Latest available College Scorecard/IPEDS fields; not represented as 2026-27 outcomes. SAT bounds sum the corresponding official section percentiles; SAT/ACT medians and application fee remain blank unless directly sourced.
184,bard-college,Bard College,US,NY,Annandale-On-Hudson,PRIVATE_NONPROFIT,Liberal Arts College,EVALIO_CURATED_200_PROMINENT_US_COLLEGES_NOT_OFFICIAL_RANKING,COMMON_APP,COMMON_APP,OPTIONAL,VERIFIED_2026_27_FAIRTEST,UNKNOWN,UNKNOWN,UNKNOWN,PENDING_CURRENT_VERIFICATION,52.29,1290,,1440,30,,32,,63612,81661,VERIFIED_LATEST_FEDERAL_SOURCE,2026-09-13,HIGH,https://www.collegedata.fyi/api/schools/search?q=Bard%20College,https://fairtest.org/test-optional-list/,,https://collegescorecard.ed.gov/school/?189088,Latest available College Scorecard/IPEDS fields; not represented as 2026-27 outcomes. SAT bounds sum the corresponding official section percentiles; SAT/ACT medians and application fee remain blank unless directly sourced.
185,centre-college,Centre College,US,KY,Danville,PRIVATE_NONPROFIT,Liberal Arts College,EVALIO_CURATED_200_PROMINENT_US_COLLEGES_NOT_OFFICIAL_RANKING,COMMON_APP,COMMON_APP,OPTIONAL,VERIFIED_2026_27_FAIRTEST,UNKNOWN,UNKNOWN,UNKNOWN,PENDING_CURRENT_VERIFICATION,54.34,1230,,1423,26,,32,,50550,63354,VERIFIED_LATEST_FEDERAL_SOURCE,2026-09-13,HIGH,https://www.collegedata.fyi/api/schools/search?q=Centre%20College,https://www.centre.edu/news/centre-test-optional-policy-college-admission,,https://collegescorecard.ed.gov/school/?156408,Latest available College Scorecard/IPEDS fields; not represented as 2026-27 outcomes. SAT bounds sum the corresponding official section percentiles; SAT/ACT medians and application fee remain blank unless directly sourced.
186,berea-college,Berea College,US,KY,Berea,PRIVATE_NONPROFIT,Liberal Arts College,EVALIO_CURATED_200_PROMINENT_US_COLLEGES_NOT_OFFICIAL_RANKING,COMMON_APP,COMMON_APP,OPTIONAL,VERIFIED_2026_27_FAIRTEST,UNKNOWN,UNKNOWN,UNKNOWN,PENDING_CURRENT_VERIFICATION,32.71,1156,,1335,24,,27,,49326,56068,VERIFIED_LATEST_FEDERAL_SOURCE,2026-09-13,HIGH,https://www.collegedata.fyi/api/schools/search?q=Berea%20College,https://www.berea.edu/admissions/admission-requirements,,https://collegescorecard.ed.gov/school/?156295,Latest available College Scorecard/IPEDS fields; not represented as 2026-27 outcomes. SAT bounds sum the corresponding official section percentiles; SAT/ACT medians and application fee remain blank unless directly sourced.
187,trinity-university,Trinity University,US,TX,San Antonio,PRIVATE_NONPROFIT,Liberal Arts College,EVALIO_CURATED_200_PROMINENT_US_COLLEGES_NOT_OFFICIAL_RANKING,COMMON_APP,COMMON_APP,OPTIONAL,VERIFIED_2026_27_FAIRTEST,UNKNOWN,UNKNOWN,UNKNOWN,PENDING_CURRENT_VERIFICATION,28.16,1320,,1465,30,,33,,51352,65774,VERIFIED_LATEST_FEDERAL_SOURCE,2026-09-13,HIGH,https://www.collegedata.fyi/api/schools/search?q=Trinity%20University,https://trinity.edu/admissions-aid/why-trinity,,https://collegescorecard.ed.gov/school/?229267,Latest available College Scorecard/IPEDS fields; not represented as 2026-27 outcomes. SAT bounds sum the corresponding official section percentiles; SAT/ACT medians and application fee remain blank unless directly sourced.
188,babson-college,Babson College,US,MA,Wellesley,PRIVATE_NONPROFIT,Specialty/Business,EVALIO_CURATED_200_PROMINENT_US_COLLEGES_NOT_OFFICIAL_RANKING,COMMON_APP,COMMON_APP,OPTIONAL,VERIFIED_2026_27_FAIRTEST,UNKNOWN,UNKNOWN,UNKNOWN,PENDING_CURRENT_VERIFICATION,19.74,1380,,1500,30,,33,,56032,77248,VERIFIED_LATEST_FEDERAL_SOURCE,2026-09-13,HIGH,https://www.collegedata.fyi/api/schools/search?q=Babson%20College,https://www.babson.edu/undergraduate/admission/how-to-apply/standardized-testing/,,https://collegescorecard.ed.gov/school/?164580,Latest available College Scorecard/IPEDS fields; not represented as 2026-27 outcomes. SAT bounds sum the corresponding official section percentiles; SAT/ACT medians and application fee remain blank unless directly sourced.
189,bentley-university,Bentley University,US,MA,Waltham,PRIVATE_NONPROFIT,Specialty/Business,EVALIO_CURATED_200_PROMINENT_US_COLLEGES_NOT_OFFICIAL_RANKING,COMMON_APP,COMMON_APP,OPTIONAL,VERIFIED_2026_27_FAIRTEST,UNKNOWN,UNKNOWN,UNKNOWN,PENDING_CURRENT_VERIFICATION,48.44,1250,,1410,29,,32,,58150,77082,VERIFIED_LATEST_FEDERAL_SOURCE,2026-09-13,HIGH,https://www.collegedata.fyi/api/schools/search?q=Bentley%20University,https://www.bentley.edu/undergraduate/apply/first-year-applicant,,https://collegescorecard.ed.gov/school/?164739,Latest available College Scorecard/IPEDS fields; not represented as 2026-27 outcomes. SAT bounds sum the corresponding official section percentiles; SAT/ACT medians and application fee remain blank unless directly sourced.
190,franklin-w-olin-college-of-engineering,Franklin W Olin College of Engineering,US,MA,Needham,PRIVATE_NONPROFIT,Specialty/Engineering,EVALIO_CURATED_200_PROMINENT_US_COLLEGES_NOT_OFFICIAL_RANKING,COMMON_APP,COMMON_APP,OPTIONAL,VERIFIED_2026_27_FAIRTEST,UNKNOWN,UNKNOWN,UNKNOWN,PENDING_CURRENT_VERIFICATION,21.66,1480,,1560,34,,35,,64458,81486,VERIFIED_LATEST_FEDERAL_SOURCE,2026-09-13,HIGH,https://www.collegedata.fyi/api/schools/search?q=Franklin%20W.%20Olin%20College%20of%20Engineering,https://www.olin.edu/admission/apply/admission-process,,https://collegescorecard.ed.gov/school/?441982,Latest available College Scorecard/IPEDS fields; not represented as 2026-27 outcomes. SAT bounds sum the corresponding official section percentiles; SAT/ACT medians and application fee remain blank unless directly sourced.
191,the-cooper-union,The Cooper Union for the Advancement of Science and Art,US,NY,New York,PRIVATE_NONPROFIT,Specialty/Engineering-Art,EVALIO_CURATED_200_PROMINENT_US_COLLEGES_NOT_OFFICIAL_RANKING,COMMON_APP,COMMON_APP,OPTIONAL,VERIFIED_2026_27_FAIRTEST,UNKNOWN,UNKNOWN,UNKNOWN,PENDING_CURRENT_VERIFICATION,19.05,1400,,1520,33,,34,,46820,67088,VERIFIED_LATEST_FEDERAL_SOURCE,2026-09-13,HIGH,https://www.collegedata.fyi/api/schools/search?q=The%20Cooper%20Union,https://cooper.edu/admissions/standardized-test-requirements,,https://collegescorecard.ed.gov/school/?190372,Latest available College Scorecard/IPEDS fields; not represented as 2026-27 outcomes. SAT bounds sum the corresponding official section percentiles; SAT/ACT medians and application fee remain blank unless directly sourced.
192,rose-hulman-institute-of-technology,Rose-Hulman Institute of Technology,US,IN,Terre Haute,PRIVATE_NONPROFIT,Specialty/Engineering,EVALIO_CURATED_200_PROMINENT_US_COLLEGES_NOT_OFFICIAL_RANKING,COMMON_APP,COMMON_APP,OPTIONAL,VERIFIED_2026_27_FAIRTEST,UNKNOWN,UNKNOWN,UNKNOWN,PENDING_CURRENT_VERIFICATION,72.81,1280,,1470,29,,34,,56674,74226,VERIFIED_LATEST_FEDERAL_SOURCE,2026-09-13,HIGH,https://www.collegedata.fyi/api/schools/search?q=Rose-Hulman%20Institute%20of%20Technology,https://www.rose-hulman.edu/admissions-and-aid/the-application-process/application-and-deadlines/application-evaluation-criteria.html,,https://collegescorecard.ed.gov/school/?152318,Latest available College Scorecard/IPEDS fields; not represented as 2026-27 outcomes. SAT bounds sum the corresponding official section percentiles; SAT/ACT medians and application fee remain blank unless directly sourced.
193,rhode-island-school-of-design,Rhode Island School of Design,US,RI,Providence,PRIVATE_NONPROFIT,Specialty/Art,EVALIO_CURATED_200_PROMINENT_US_COLLEGES_NOT_OFFICIAL_RANKING,COMMON_APP,COMMON_APP,OPTIONAL,VERIFIED_2026_27_FAIRTEST,UNKNOWN,UNKNOWN,UNKNOWN,PENDING_CURRENT_VERIFICATION,13.81,1370,,1540,30,,33,,59760,78857,VERIFIED_LATEST_FEDERAL_SOURCE,2026-09-13,HIGH,https://www.collegedata.fyi/api/schools/search?q=Rhode%20Island%20School%20of%20Design,https://fairtest.org/test-optional-list/,,https://collegescorecard.ed.gov/school/?217493,Latest available College Scorecard/IPEDS fields; not represented as 2026-27 outcomes. SAT bounds sum the corresponding official section percentiles; SAT/ACT medians and application fee remain blank unless directly sourced.
194,berklee-college-of-music,Berklee College of Music,US,MA,Boston,PRIVATE_NONPROFIT,Specialty/Music,EVALIO_CURATED_200_PROMINENT_US_COLLEGES_NOT_OFFICIAL_RANKING,INSTITUTIONAL,INSTITUTIONAL,OPTIONAL,VERIFIED_2026_27_FAIRTEST,UNKNOWN,UNKNOWN,UNKNOWN,PENDING_CURRENT_VERIFICATION,49.91,,,,,,,,50270,69874,VERIFIED_LATEST_FEDERAL_SOURCE,2026-09-13,HIGH,https://www.collegedata.fyi/api/schools/search?q=Berklee%20College%20of%20Music,https://fairtest.org/test-optional-list/,,https://collegescorecard.ed.gov/school/?164748,Latest available College Scorecard/IPEDS fields; not represented as 2026-27 outcomes. SAT bounds sum the corresponding official section percentiles; SAT/ACT medians and application fee remain blank unless directly sourced.
195,the-juilliard-school,The Juilliard School,US,NY,New York,PRIVATE_NONPROFIT,Specialty/Performing Arts,EVALIO_CURATED_200_PROMINENT_US_COLLEGES_NOT_OFFICIAL_RANKING,INSTITUTIONAL,INSTITUTIONAL,OPTIONAL,VERIFIED_2026_27_FAIRTEST,UNKNOWN,UNKNOWN,UNKNOWN,PENDING_CURRENT_VERIFICATION,8.96,,,,,,,,56550,81090,VERIFIED_LATEST_FEDERAL_SOURCE,2026-09-13,HIGH,https://www.collegedata.fyi/api/schools/search?q=The%20Juilliard%20School,https://fairtest.org/test-optional-list/,,https://collegescorecard.ed.gov/school/?192110,Latest available College Scorecard/IPEDS fields; not represented as 2026-27 outcomes. SAT bounds sum the corresponding official section percentiles; SAT/ACT medians and application fee remain blank unless directly sourced.
196,school-of-the-art-institute-of-chicago,School of the Art Institute of Chicago,US,IL,Chicago,PRIVATE_NONPROFIT,Specialty/Art,EVALIO_CURATED_200_PROMINENT_US_COLLEGES_NOT_OFFICIAL_RANKING,COMMON_APP,COMMON_APP,OPTIONAL,VERIFIED_2026_27_FAIRTEST,UNKNOWN,UNKNOWN,UNKNOWN,PENDING_CURRENT_VERIFICATION,76.42,,,,,,,,54530,74138,VERIFIED_LATEST_FEDERAL_SOURCE,2026-09-13,HIGH,https://www.collegedata.fyi/api/schools/search?q=School%20of%20the%20Art%20Institute%20of%20Chicago,https://www.saic.edu/admissions/freshmen/how-to-apply,,https://collegescorecard.ed.gov/school/?143048,Latest available College Scorecard/IPEDS fields; not represented as 2026-27 outcomes. SAT bounds sum the corresponding official section percentiles; SAT/ACT medians and application fee remain blank unless directly sourced.
197,howard-university,Howard University,US,DC,Washington,PRIVATE_NONPROFIT,National University/HBCU,EVALIO_CURATED_200_PROMINENT_US_COLLEGES_NOT_OFFICIAL_RANKING,COMMON_APP,COMMON_APP,OPTIONAL,VERIFIED_2026_27_FAIRTEST,UNKNOWN,UNKNOWN,UNKNOWN,PENDING_CURRENT_VERIFICATION,34.89,1100,,1298,22,,28,,33344,51450,VERIFIED_LATEST_FEDERAL_SOURCE,2026-09-13,HIGH,https://www.collegedata.fyi/api/schools/search?q=Howard%20University,https://admission.howard.edu/undergraduate/admission-policy,,https://collegescorecard.ed.gov/school/?131520,Latest available College Scorecard/IPEDS fields; not represented as 2026-27 outcomes. SAT bounds sum the corresponding official section percentiles; SAT/ACT medians and application fee remain blank unless directly sourced.
198,loyola-university-chicago,Loyola University Chicago,US,IL,Chicago,PRIVATE_NONPROFIT,National University,EVALIO_CURATED_200_PROMINENT_US_COLLEGES_NOT_OFFICIAL_RANKING,COMMON_APP,COMMON_APP,OPTIONAL,VERIFIED_2026_27_FAIRTEST,UNKNOWN,UNKNOWN,UNKNOWN,PENDING_CURRENT_VERIFICATION,81.39,1160,,1340,27,,31,,51716,64167,VERIFIED_LATEST_FEDERAL_SOURCE,2026-09-13,HIGH,https://www.collegedata.fyi/api/schools/search?q=Loyola%20University%20Chicago,https://www.luc.edu/undergrad/apply/freshman/requirements/,,https://collegescorecard.ed.gov/school/?146719,Latest available College Scorecard/IPEDS fields; not represented as 2026-27 outcomes. SAT bounds sum the corresponding official section percentiles; SAT/ACT medians and application fee remain blank unless directly sourced.
199,marquette-university,Marquette University,US,WI,Milwaukee,PRIVATE_NONPROFIT,National University,EVALIO_CURATED_200_PROMINENT_US_COLLEGES_NOT_OFFICIAL_RANKING,COMMON_APP,COMMON_APP,OPTIONAL,VERIFIED_2026_27_FAIRTEST,UNKNOWN,UNKNOWN,UNKNOWN,PENDING_CURRENT_VERIFICATION,87.44,1190,,1360,26,,31,,48700,63233,VERIFIED_LATEST_FEDERAL_SOURCE,2026-09-13,HIGH,https://www.collegedata.fyi/api/schools/search?q=Marquette%20University,https://fairtest.org/test-optional-list/,,https://collegescorecard.ed.gov/school/?239105,Latest available College Scorecard/IPEDS fields; not represented as 2026-27 outcomes. SAT bounds sum the corresponding official section percentiles; SAT/ACT medians and application fee remain blank unless directly sourced.
200,samford-university,Samford University,US,AL,Birmingham,PRIVATE_NONPROFIT,National University,EVALIO_CURATED_200_PROMINENT_US_COLLEGES_NOT_OFFICIAL_RANKING,COMMON_APP,COMMON_APP,OPTIONAL,VERIFIED_2026_27_FAIRTEST,UNKNOWN,UNKNOWN,UNKNOWN,PENDING_CURRENT_VERIFICATION,82.23,1070,,1260,23,,29,,38144,53934,VERIFIED_LATEST_FEDERAL_SOURCE,2026-09-13,HIGH,https://www.collegedata.fyi/api/schools/search?q=Samford%20University,https://www.samford.edu/admission/apply,,https://collegescorecard.ed.gov/school/?102049,Latest available College Scorecard/IPEDS fields; not represented as 2026-27 outcomes. SAT bounds sum the corresponding official section percentiles; SAT/ACT medians and application fee remain blank unless directly sourced.
