evalio_seed_order,school_id,school_name,country_code,state_region,city,institution_type,selection_group,selection_basis,application_platform_primary,application_platforms,test_policy_2026_27,test_policy_status,international_aid_policy,international_need_based_aid,meets_full_demonstrated_need_international,aid_policy_status,acceptance_rate,sat_25,sat_50,sat_75,act_25,act_50,act_75,app_fee_usd,tuition_usd,estimated_cost_of_attendance_usd,admissions_metrics_status,data_as_of,identity_confidence,collegedata_search_url,test_policy_source_url,aid_policy_source_url,current_data_reference,notes
1,princeton-university,Princeton University,US,NJ,Princeton,PRIVATE_NONPROFIT,National University,EVALIO_CURATED_200_PROMINENT_US_COLLEGES_NOT_OFFICIAL_RANKING,COMMON_APP,COMMON_APP,UNKNOWN,PENDING_CURRENT_VERIFICATION,NEED_BLIND,YES,YES,VERIFIED_CURRENT_OFFICIAL,,,,,,,,,,,PENDING_CURRENT_SOURCE_IMPORT,2026-09-13,MEDIUM,https://www.collegedata.fyi/api/schools/search?q=Princeton%20University,https://fairtest.org/wp-content/uploads/2026TOList/test-optional-list.html?v=1,https://admission.princeton.edu/apply/international-students,https://www.collegedata.fyi/api,Dynamic admissions/cost fields are intentionally blank until current-cycle source import; do not infer or fabricate missing values.
2,massachusetts-institute-of-technology,Massachusetts Institute of Technology,US,MA,Cambridge,PRIVATE_NONPROFIT,National University,EVALIO_CURATED_200_PROMINENT_US_COLLEGES_NOT_OFFICIAL_RANKING,INSTITUTIONAL,INSTITUTIONAL,UNKNOWN,PENDING_CURRENT_VERIFICATION,NEED_BLIND,YES,YES,VERIFIED_CURRENT_OFFICIAL,,,,,,,,,,,PENDING_CURRENT_SOURCE_IMPORT,2026-09-13,MEDIUM,https://www.collegedata.fyi/api/schools/search?q=Massachusetts%20Institute%20of%20Technology,https://fairtest.org/wp-content/uploads/2026TOList/test-optional-list.html?v=1,https://sfs.mit.edu/undergraduate-students/apply-for-aid/international/,https://www.collegedata.fyi/api,Dynamic admissions/cost fields are intentionally blank until current-cycle source import; do not infer or fabricate missing values.
3,harvard-university,Harvard University,US,MA,Cambridge,PRIVATE_NONPROFIT,National University,EVALIO_CURATED_200_PROMINENT_US_COLLEGES_NOT_OFFICIAL_RANKING,COMMON_APP,COMMON_APP,UNKNOWN,PENDING_CURRENT_VERIFICATION,NEED_BLIND,YES,YES,VERIFIED_CURRENT_OFFICIAL,,,,,,,,,,,PENDING_CURRENT_SOURCE_IMPORT,2026-09-13,MEDIUM,https://www.collegedata.fyi/api/schools/search?q=Harvard%20University,https://fairtest.org/wp-content/uploads/2026TOList/test-optional-list.html?v=1,https://college.harvard.edu/financial-aid/how-aid-works,https://www.collegedata.fyi/api,Dynamic admissions/cost fields are intentionally blank until current-cycle source import; do not infer or fabricate missing values.
4,stanford-university,Stanford University,US,CA,Stanford,PRIVATE_NONPROFIT,National University,EVALIO_CURATED_200_PROMINENT_US_COLLEGES_NOT_OFFICIAL_RANKING,COMMON_APP,COMMON_APP,UNKNOWN,PENDING_CURRENT_VERIFICATION,UNKNOWN,UNKNOWN,UNKNOWN,PENDING_CURRENT_VERIFICATION,,,,,,,,,,,PENDING_CURRENT_SOURCE_IMPORT,2026-09-13,MEDIUM,https://www.collegedata.fyi/api/schools/search?q=Stanford%20University,https://fairtest.org/wp-content/uploads/2026TOList/test-optional-list.html?v=1,,https://www.collegedata.fyi/api,Dynamic admissions/cost fields are intentionally blank until current-cycle source import; do not infer or fabricate missing values.
5,yale-university,Yale University,US,CT,New Haven,PRIVATE_NONPROFIT,National University,EVALIO_CURATED_200_PROMINENT_US_COLLEGES_NOT_OFFICIAL_RANKING,COMMON_APP,COMMON_APP,REQUIRED,VERIFIED_CURRENT_OFFICIAL,NEED_BLIND,YES,YES,VERIFIED_CURRENT_OFFICIAL,,,,,,,,,,,PENDING_CURRENT_SOURCE_IMPORT,2026-09-13,MEDIUM,https://www.collegedata.fyi/api/schools/search?q=Yale%20University,https://admissions.yale.edu/international,https://admissions.yale.edu/international,https://www.collegedata.fyi/api,Dynamic admissions/cost fields are intentionally blank until current-cycle source import; do not infer or fabricate missing values.
6,university-of-pennsylvania,University of Pennsylvania,US,PA,Philadelphia,PRIVATE_NONPROFIT,National University,EVALIO_CURATED_200_PROMINENT_US_COLLEGES_NOT_OFFICIAL_RANKING,COMMON_APP,COMMON_APP,UNKNOWN,PENDING_CURRENT_VERIFICATION,UNKNOWN,UNKNOWN,UNKNOWN,PENDING_CURRENT_VERIFICATION,,,,,,,,,,,PENDING_CURRENT_SOURCE_IMPORT,2026-09-13,MEDIUM,https://www.collegedata.fyi/api/schools/search?q=University%20of%20Pennsylvania,https://fairtest.org/wp-content/uploads/2026TOList/test-optional-list.html?v=1,,https://www.collegedata.fyi/api,Dynamic admissions/cost fields are intentionally blank until current-cycle source import; do not infer or fabricate missing values.
7,california-institute-of-technology,California Institute of Technology,US,CA,Pasadena,PRIVATE_NONPROFIT,National University,EVALIO_CURATED_200_PROMINENT_US_COLLEGES_NOT_OFFICIAL_RANKING,COMMON_APP,COMMON_APP,UNKNOWN,PENDING_CURRENT_VERIFICATION,UNKNOWN,UNKNOWN,UNKNOWN,PENDING_CURRENT_VERIFICATION,,,,,,,,,,,PENDING_CURRENT_SOURCE_IMPORT,2026-09-13,MEDIUM,https://www.collegedata.fyi/api/schools/search?q=California%20Institute%20of%20Technology,https://fairtest.org/wp-content/uploads/2026TOList/test-optional-list.html?v=1,,https://www.collegedata.fyi/api,Dynamic admissions/cost fields are intentionally blank until current-cycle source import; do not infer or fabricate missing values.
8,duke-university,Duke University,US,NC,Durham,PRIVATE_NONPROFIT,National University,EVALIO_CURATED_200_PROMINENT_US_COLLEGES_NOT_OFFICIAL_RANKING,COMMON_APP,COMMON_APP,UNKNOWN,PENDING_CURRENT_VERIFICATION,UNKNOWN,UNKNOWN,UNKNOWN,PENDING_CURRENT_VERIFICATION,,,,,,,,,,,PENDING_CURRENT_SOURCE_IMPORT,2026-09-13,MEDIUM,https://www.collegedata.fyi/api/schools/search?q=Duke%20University,https://fairtest.org/wp-content/uploads/2026TOList/test-optional-list.html?v=1,,https://www.collegedata.fyi/api,Dynamic admissions/cost fields are intentionally blank until current-cycle source import; do not infer or fabricate missing values.
9,brown-university,Brown University,US,RI,Providence,PRIVATE_NONPROFIT,National University,EVALIO_CURATED_200_PROMINENT_US_COLLEGES_NOT_OFFICIAL_RANKING,COMMON_APP,COMMON_APP,UNKNOWN,PENDING_CURRENT_VERIFICATION,NEED_BLIND,YES,YES,VERIFIED_CURRENT_OFFICIAL,,,,,,,,,,,PENDING_CURRENT_SOURCE_IMPORT,2026-09-13,MEDIUM,https://www.collegedata.fyi/api/schools/search?q=Brown%20University,https://fairtest.org/wp-content/uploads/2026TOList/test-optional-list.html?v=1,https://admission.brown.edu/international/financial-aid,https://www.collegedata.fyi/api,Dynamic admissions/cost fields are intentionally blank until current-cycle source import; do not infer or fabricate missing values.
10,johns-hopkins-university,Johns Hopkins University,US,MD,Baltimore,PRIVATE_NONPROFIT,National University,EVALIO_CURATED_200_PROMINENT_US_COLLEGES_NOT_OFFICIAL_RANKING,COMMON_APP,COMMON_APP,UNKNOWN,PENDING_CURRENT_VERIFICATION,UNKNOWN,UNKNOWN,UNKNOWN,PENDING_CURRENT_VERIFICATION,,,,,,,,,,,PENDING_CURRENT_SOURCE_IMPORT,2026-09-13,MEDIUM,https://www.collegedata.fyi/api/schools/search?q=Johns%20Hopkins%20University,https://fairtest.org/wp-content/uploads/2026TOList/test-optional-list.html?v=1,,https://www.collegedata.fyi/api,Dynamic admissions/cost fields are intentionally blank until current-cycle source import; do not infer or fabricate missing values.
11,northwestern-university,Northwestern University,US,IL,Evanston,PRIVATE_NONPROFIT,National University,EVALIO_CURATED_200_PROMINENT_US_COLLEGES_NOT_OFFICIAL_RANKING,COMMON_APP,COMMON_APP,UNKNOWN,PENDING_CURRENT_VERIFICATION,UNKNOWN,UNKNOWN,UNKNOWN,PENDING_CURRENT_VERIFICATION,,,,,,,,,,,PENDING_CURRENT_SOURCE_IMPORT,2026-09-13,MEDIUM,https://www.collegedata.fyi/api/schools/search?q=Northwestern%20University,https://fairtest.org/wp-content/uploads/2026TOList/test-optional-list.html?v=1,,https://www.collegedata.fyi/api,Dynamic admissions/cost fields are intentionally blank until current-cycle source import; do not infer or fabricate missing values.
12,columbia-university,Columbia University,US,NY,New York,PRIVATE_NONPROFIT,National University,EVALIO_CURATED_200_PROMINENT_US_COLLEGES_NOT_OFFICIAL_RANKING,COMMON_APP,COMMON_APP,UNKNOWN,PENDING_CURRENT_VERIFICATION,UNKNOWN,UNKNOWN,UNKNOWN,PENDING_CURRENT_VERIFICATION,,,,,,,,,,,PENDING_CURRENT_SOURCE_IMPORT,2026-09-13,MEDIUM,https://www.collegedata.fyi/api/schools/search?q=Columbia%20University,https://fairtest.org/wp-content/uploads/2026TOList/test-optional-list.html?v=1,,https://www.collegedata.fyi/api,Dynamic admissions/cost fields are intentionally blank until current-cycle source import; do not infer or fabricate missing values.
13,cornell-university,Cornell University,US,NY,Ithaca,PRIVATE_NONPROFIT,National University,EVALIO_CURATED_200_PROMINENT_US_COLLEGES_NOT_OFFICIAL_RANKING,COMMON_APP,COMMON_APP,UNKNOWN,PENDING_CURRENT_VERIFICATION,UNKNOWN,UNKNOWN,UNKNOWN,PENDING_CURRENT_VERIFICATION,,,,,,,,,,,PENDING_CURRENT_SOURCE_IMPORT,2026-09-13,MEDIUM,https://www.collegedata.fyi/api/schools/search?q=Cornell%20University,https://fairtest.org/wp-content/uploads/2026TOList/test-optional-list.html?v=1,,https://www.collegedata.fyi/api,Dynamic admissions/cost fields are intentionally blank until current-cycle source import; do not infer or fabricate missing values.
14,university-of-chicago,University of Chicago,US,IL,Chicago,PRIVATE_NONPROFIT,National University,EVALIO_CURATED_200_PROMINENT_US_COLLEGES_NOT_OFFICIAL_RANKING,COMMON_APP,COMMON_APP,OPTIONAL,VERIFIED_CURRENT_FAIRTEST,UNKNOWN,UNKNOWN,UNKNOWN,PENDING_CURRENT_VERIFICATION,,,,,,,,,,,PENDING_CURRENT_SOURCE_IMPORT,2026-09-13,MEDIUM,https://www.collegedata.fyi/api/schools/search?q=University%20of%20Chicago,https://fairtest.org/wp-content/uploads/2026TOList/test-optional-list.html?v=1,,https://www.collegedata.fyi/api,Dynamic admissions/cost fields are intentionally blank until current-cycle source import; do not infer or fabricate missing values.
15,university-of-california-berkeley,"University of California, Berkeley",US,CA,Berkeley,PUBLIC,National University,EVALIO_CURATED_200_PROMINENT_US_COLLEGES_NOT_OFFICIAL_RANKING,UC_APPLICATION,UC_APPLICATION,BLIND,VERIFIED_SYSTEM_POLICY,UNKNOWN,UNKNOWN,UNKNOWN,PENDING_CURRENT_VERIFICATION,,,,,,,,,,,PENDING_CURRENT_SOURCE_IMPORT,2026-09-13,MEDIUM,https://www.collegedata.fyi/api/schools/search?q=University%20of%20California%2C%20Berkeley,https://fairtest.org/wp-content/uploads/2026TOList/test-optional-list.html?v=1,,https://www.collegedata.fyi/api,Dynamic admissions/cost fields are intentionally blank until current-cycle source import; do not infer or fabricate missing values.
16,university-of-california-los-angeles,"University of California, Los Angeles",US,CA,Los Angeles,PUBLIC,National University,EVALIO_CURATED_200_PROMINENT_US_COLLEGES_NOT_OFFICIAL_RANKING,UC_APPLICATION,UC_APPLICATION,BLIND,VERIFIED_SYSTEM_POLICY,UNKNOWN,UNKNOWN,UNKNOWN,PENDING_CURRENT_VERIFICATION,,,,,,,,,,,PENDING_CURRENT_SOURCE_IMPORT,2026-09-13,MEDIUM,https://www.collegedata.fyi/api/schools/search?q=University%20of%20California%2C%20Los%20Angeles,https://fairtest.org/wp-content/uploads/2026TOList/test-optional-list.html?v=1,,https://www.collegedata.fyi/api,Dynamic admissions/cost fields are intentionally blank until current-cycle source import; do not infer or fabricate missing values.
17,rice-university,Rice University,US,TX,Houston,PRIVATE_NONPROFIT,National University,EVALIO_CURATED_200_PROMINENT_US_COLLEGES_NOT_OFFICIAL_RANKING,COMMON_APP,COMMON_APP,UNKNOWN,PENDING_CURRENT_VERIFICATION,UNKNOWN,UNKNOWN,UNKNOWN,PENDING_CURRENT_VERIFICATION,,,,,,,,,,,PENDING_CURRENT_SOURCE_IMPORT,2026-09-13,MEDIUM,https://www.collegedata.fyi/api/schools/search?q=Rice%20University,https://fairtest.org/wp-content/uploads/2026TOList/test-optional-list.html?v=1,,https://www.collegedata.fyi/api,Dynamic admissions/cost fields are intentionally blank until current-cycle source import; do not infer or fabricate missing values.
18,dartmouth-college,Dartmouth College,US,NH,Hanover,PRIVATE_NONPROFIT,National University,EVALIO_CURATED_200_PROMINENT_US_COLLEGES_NOT_OFFICIAL_RANKING,COMMON_APP,COMMON_APP,UNKNOWN,PENDING_CURRENT_VERIFICATION,NEED_BLIND,YES,YES,VERIFIED_CURRENT_OFFICIAL,,,,,,,,,,,PENDING_CURRENT_SOURCE_IMPORT,2026-09-13,MEDIUM,https://www.collegedata.fyi/api/schools/search?q=Dartmouth%20College,https://fairtest.org/wp-content/uploads/2026TOList/test-optional-list.html?v=1,https://financialaid.dartmouth.edu/apply-aid/international-students,https://www.collegedata.fyi/api,Dynamic admissions/cost fields are intentionally blank until current-cycle source import; do not infer or fabricate missing values.
19,vanderbilt-university,Vanderbilt University,US,TN,Nashville,PRIVATE_NONPROFIT,National University,EVALIO_CURATED_200_PROMINENT_US_COLLEGES_NOT_OFFICIAL_RANKING,COMMON_APP,COMMON_APP,UNKNOWN,PENDING_CURRENT_VERIFICATION,UNKNOWN,UNKNOWN,UNKNOWN,PENDING_CURRENT_VERIFICATION,,,,,,,,,,,PENDING_CURRENT_SOURCE_IMPORT,2026-09-13,MEDIUM,https://www.collegedata.fyi/api/schools/search?q=Vanderbilt%20University,https://fairtest.org/wp-content/uploads/2026TOList/test-optional-list.html?v=1,,https://www.collegedata.fyi/api,Dynamic admissions/cost fields are intentionally blank until current-cycle source import; do not infer or fabricate missing values.
20,university-of-notre-dame,University of Notre Dame,US,IN,Notre Dame,PRIVATE_NONPROFIT,National University,EVALIO_CURATED_200_PROMINENT_US_COLLEGES_NOT_OFFICIAL_RANKING,COMMON_APP,COMMON_APP,UNKNOWN,PENDING_CURRENT_VERIFICATION,UNKNOWN,UNKNOWN,UNKNOWN,PENDING_CURRENT_VERIFICATION,,,,,,,,,,,PENDING_CURRENT_SOURCE_IMPORT,2026-09-13,MEDIUM,https://www.collegedata.fyi/api/schools/search?q=University%20of%20Notre%20Dame,https://fairtest.org/wp-content/uploads/2026TOList/test-optional-list.html?v=1,,https://www.collegedata.fyi/api,Dynamic admissions/cost fields are intentionally blank until current-cycle source import; do not infer or fabricate missing values.
21,university-of-michiganann-arbor,University of Michigan—Ann Arbor,US,MI,Ann Arbor,PUBLIC,National University,EVALIO_CURATED_200_PROMINENT_US_COLLEGES_NOT_OFFICIAL_RANKING,COMMON_APP,COMMON_APP,OPTIONAL,VERIFIED_CURRENT_FAIRTEST,UNKNOWN,UNKNOWN,UNKNOWN,PENDING_CURRENT_VERIFICATION,,,,,,,,,,,PENDING_CURRENT_SOURCE_IMPORT,2026-09-13,MEDIUM,https://www.collegedata.fyi/api/schools/search?q=University%20of%20Michigan%E2%80%94Ann%20Arbor,https://fairtest.org/wp-content/uploads/2026TOList/test-optional-list.html?v=1,,https://www.collegedata.fyi/api,Dynamic admissions/cost fields are intentionally blank until current-cycle source import; do not infer or fabricate missing values.
22,georgetown-university,Georgetown University,US,DC,Washington,PRIVATE_NONPROFIT,National University,EVALIO_CURATED_200_PROMINENT_US_COLLEGES_NOT_OFFICIAL_RANKING,INSTITUTIONAL,INSTITUTIONAL,UNKNOWN,PENDING_CURRENT_VERIFICATION,UNKNOWN,UNKNOWN,UNKNOWN,PENDING_CURRENT_VERIFICATION,,,,,,,,,,,PENDING_CURRENT_SOURCE_IMPORT,2026-09-13,MEDIUM,https://www.collegedata.fyi/api/schools/search?q=Georgetown%20University,https://fairtest.org/wp-content/uploads/2026TOList/test-optional-list.html?v=1,,https://www.collegedata.fyi/api,Dynamic admissions/cost fields are intentionally blank until current-cycle source import; do not infer or fabricate missing values.
23,university-of-virginia,University of Virginia,US,VA,Charlottesville,PUBLIC,National University,EVALIO_CURATED_200_PROMINENT_US_COLLEGES_NOT_OFFICIAL_RANKING,COMMON_APP,COMMON_APP,UNKNOWN,PENDING_CURRENT_VERIFICATION,UNKNOWN,UNKNOWN,UNKNOWN,PENDING_CURRENT_VERIFICATION,,,,,,,,,,,PENDING_CURRENT_SOURCE_IMPORT,2026-09-13,MEDIUM,https://www.collegedata.fyi/api/schools/search?q=University%20of%20Virginia,https://fairtest.org/wp-content/uploads/2026TOList/test-optional-list.html?v=1,,https://www.collegedata.fyi/api,Dynamic admissions/cost fields are intentionally blank until current-cycle source import; do not infer or fabricate missing values.
24,washington-university-in-st-louis,Washington University in St. Louis,US,MO,St. Louis,PRIVATE_NONPROFIT,National University,EVALIO_CURATED_200_PROMINENT_US_COLLEGES_NOT_OFFICIAL_RANKING,COMMON_APP,COMMON_APP,UNKNOWN,PENDING_CURRENT_VERIFICATION,UNKNOWN,UNKNOWN,UNKNOWN,PENDING_CURRENT_VERIFICATION,,,,,,,,,,,PENDING_CURRENT_SOURCE_IMPORT,2026-09-13,MEDIUM,https://www.collegedata.fyi/api/schools/search?q=Washington%20University%20in%20St.%20Louis,https://fairtest.org/wp-content/uploads/2026TOList/test-optional-list.html?v=1,,https://www.collegedata.fyi/api,Dynamic admissions/cost fields are intentionally blank until current-cycle source import; do not infer or fabricate missing values.
25,carnegie-mellon-university,Carnegie Mellon University,US,PA,Pittsburgh,PRIVATE_NONPROFIT,National University,EVALIO_CURATED_200_PROMINENT_US_COLLEGES_NOT_OFFICIAL_RANKING,COMMON_APP,COMMON_APP,UNKNOWN,PENDING_CURRENT_VERIFICATION,UNKNOWN,UNKNOWN,UNKNOWN,PENDING_CURRENT_VERIFICATION,,,,,,,,,,,PENDING_CURRENT_SOURCE_IMPORT,2026-09-13,MEDIUM,https://www.collegedata.fyi/api/schools/search?q=Carnegie%20Mellon%20University,https://fairtest.org/wp-content/uploads/2026TOList/test-optional-list.html?v=1,,https://www.collegedata.fyi/api,Dynamic admissions/cost fields are intentionally blank until current-cycle source import; do not infer or fabricate missing values.
26,emory-university,Emory University,US,GA,Atlanta,PRIVATE_NONPROFIT,National University,EVALIO_CURATED_200_PROMINENT_US_COLLEGES_NOT_OFFICIAL_RANKING,COMMON_APP,COMMON_APP,OPTIONAL,VERIFIED_CURRENT_FAIRTEST,UNKNOWN,UNKNOWN,UNKNOWN,PENDING_CURRENT_VERIFICATION,,,,,,,,,,,PENDING_CURRENT_SOURCE_IMPORT,2026-09-13,MEDIUM,https://www.collegedata.fyi/api/schools/search?q=Emory%20University,https://fairtest.org/wp-content/uploads/2026TOList/test-optional-list.html?v=1,,https://www.collegedata.fyi/api,Dynamic admissions/cost fields are intentionally blank until current-cycle source import; do not infer or fabricate missing values.
27,university-of-southern-california,University of Southern California,US,CA,Los Angeles,PRIVATE_NONPROFIT,National University,EVALIO_CURATED_200_PROMINENT_US_COLLEGES_NOT_OFFICIAL_RANKING,COMMON_APP,COMMON_APP,OPTIONAL,VERIFIED_CURRENT_FAIRTEST,UNKNOWN,UNKNOWN,UNKNOWN,PENDING_CURRENT_VERIFICATION,,,,,,,,,,,PENDING_CURRENT_SOURCE_IMPORT,2026-09-13,MEDIUM,https://www.collegedata.fyi/api/schools/search?q=University%20of%20Southern%20California,https://fairtest.org/wp-content/uploads/2026TOList/test-optional-list.html?v=1,,https://www.collegedata.fyi/api,Dynamic admissions/cost fields are intentionally blank until current-cycle source import; do not infer or fabricate missing values.
28,university-of-california-san-diego,"University of California, San Diego",US,CA,La Jolla,PUBLIC,National University,EVALIO_CURATED_200_PROMINENT_US_COLLEGES_NOT_OFFICIAL_RANKING,UC_APPLICATION,UC_APPLICATION,BLIND,VERIFIED_SYSTEM_POLICY,UNKNOWN,UNKNOWN,UNKNOWN,PENDING_CURRENT_VERIFICATION,,,,,,,,,,,PENDING_CURRENT_SOURCE_IMPORT,2026-09-13,MEDIUM,https://www.collegedata.fyi/api/schools/search?q=University%20of%20California%2C%20San%20Diego,https://fairtest.org/wp-content/uploads/2026TOList/test-optional-list.html?v=1,,https://www.collegedata.fyi/api,Dynamic admissions/cost fields are intentionally blank until current-cycle source import; do not infer or fabricate missing values.
29,university-of-florida,University of Florida,US,FL,Gainesville,PUBLIC,National University,EVALIO_CURATED_200_PROMINENT_US_COLLEGES_NOT_OFFICIAL_RANKING,COMMON_APP,COMMON_APP,UNKNOWN,PENDING_CURRENT_VERIFICATION,UNKNOWN,UNKNOWN,UNKNOWN,PENDING_CURRENT_VERIFICATION,,,,,,,,,,,PENDING_CURRENT_SOURCE_IMPORT,2026-09-13,MEDIUM,https://www.collegedata.fyi/api/schools/search?q=University%20of%20Florida,https://fairtest.org/wp-content/uploads/2026TOList/test-optional-list.html?v=1,,https://www.collegedata.fyi/api,Dynamic admissions/cost fields are intentionally blank until current-cycle source import; do not infer or fabricate missing values.
30,university-of-california-davis,"University of California, Davis",US,CA,Davis,PUBLIC,National University,EVALIO_CURATED_200_PROMINENT_US_COLLEGES_NOT_OFFICIAL_RANKING,UC_APPLICATION,UC_APPLICATION,BLIND,VERIFIED_SYSTEM_POLICY,UNKNOWN,UNKNOWN,UNKNOWN,PENDING_CURRENT_VERIFICATION,,,,,,,,,,,PENDING_CURRENT_SOURCE_IMPORT,2026-09-13,MEDIUM,https://www.collegedata.fyi/api/schools/search?q=University%20of%20California%2C%20Davis,https://fairtest.org/wp-content/uploads/2026TOList/test-optional-list.html?v=1,,https://www.collegedata.fyi/api,Dynamic admissions/cost fields are intentionally blank until current-cycle source import; do not infer or fabricate missing values.
31,university-of-texas-at-austin,University of Texas at Austin,US,TX,Austin,PUBLIC,National University,EVALIO_CURATED_200_PROMINENT_US_COLLEGES_NOT_OFFICIAL_RANKING,COMMON_APP,COMMON_APP;APPLYTEXAS,UNKNOWN,PENDING_CURRENT_VERIFICATION,UNKNOWN,UNKNOWN,UNKNOWN,PENDING_CURRENT_VERIFICATION,,,,,,,,,,,PENDING_CURRENT_SOURCE_IMPORT,2026-09-13,MEDIUM,https://www.collegedata.fyi/api/schools/search?q=University%20of%20Texas%20at%20Austin,https://fairtest.org/wp-content/uploads/2026TOList/test-optional-list.html?v=1,,https://www.collegedata.fyi/api,Dynamic admissions/cost fields are intentionally blank until current-cycle source import; do not infer or fabricate missing values.
32,university-of-california-irvine,"University of California, Irvine",US,CA,Irvine,PUBLIC,National University,EVALIO_CURATED_200_PROMINENT_US_COLLEGES_NOT_OFFICIAL_RANKING,UC_APPLICATION,UC_APPLICATION,BLIND,VERIFIED_SYSTEM_POLICY,UNKNOWN,UNKNOWN,UNKNOWN,PENDING_CURRENT_VERIFICATION,,,,,,,,,,,PENDING_CURRENT_SOURCE_IMPORT,2026-09-13,MEDIUM,https://www.collegedata.fyi/api/schools/search?q=University%20of%20California%2C%20Irvine,https://fairtest.org/wp-content/uploads/2026TOList/test-optional-list.html?v=1,,https://www.collegedata.fyi/api,Dynamic admissions/cost fields are intentionally blank until current-cycle source import; do not infer or fabricate missing values.
33,georgia-institute-of-technology,Georgia Institute of Technology,US,GA,Atlanta,PUBLIC,National University,EVALIO_CURATED_200_PROMINENT_US_COLLEGES_NOT_OFFICIAL_RANKING,COMMON_APP,COMMON_APP,UNKNOWN,PENDING_CURRENT_VERIFICATION,UNKNOWN,UNKNOWN,UNKNOWN,PENDING_CURRENT_VERIFICATION,,,,,,,,,,,PENDING_CURRENT_SOURCE_IMPORT,2026-09-13,MEDIUM,https://www.collegedata.fyi/api/schools/search?q=Georgia%20Institute%20of%20Technology,https://fairtest.org/wp-content/uploads/2026TOList/test-optional-list.html?v=1,,https://www.collegedata.fyi/api,Dynamic admissions/cost fields are intentionally blank until current-cycle source import; do not infer or fabricate missing values.
34,university-of-california-santa-barbara,"University of California, Santa Barbara",US,CA,Santa Barbara,PUBLIC,National University,EVALIO_CURATED_200_PROMINENT_US_COLLEGES_NOT_OFFICIAL_RANKING,UC_APPLICATION,UC_APPLICATION,BLIND,VERIFIED_SYSTEM_POLICY,UNKNOWN,UNKNOWN,UNKNOWN,PENDING_CURRENT_VERIFICATION,,,,,,,,,,,PENDING_CURRENT_SOURCE_IMPORT,2026-09-13,MEDIUM,https://www.collegedata.fyi/api/schools/search?q=University%20of%20California%2C%20Santa%20Barbara,https://fairtest.org/wp-content/uploads/2026TOList/test-optional-list.html?v=1,,https://www.collegedata.fyi/api,Dynamic admissions/cost fields are intentionally blank until current-cycle source import; do not infer or fabricate missing values.
35,university-of-illinois-urbana-champaign,University of Illinois Urbana-Champaign,US,IL,Champaign,PUBLIC,National University,EVALIO_CURATED_200_PROMINENT_US_COLLEGES_NOT_OFFICIAL_RANKING,COMMON_APP,COMMON_APP,UNKNOWN,PENDING_CURRENT_VERIFICATION,UNKNOWN,UNKNOWN,UNKNOWN,PENDING_CURRENT_VERIFICATION,,,,,,,,,,,PENDING_CURRENT_SOURCE_IMPORT,2026-09-13,MEDIUM,https://www.collegedata.fyi/api/schools/search?q=University%20of%20Illinois%20Urbana-Champaign,https://fairtest.org/wp-content/uploads/2026TOList/test-optional-list.html?v=1,,https://www.collegedata.fyi/api,Dynamic admissions/cost fields are intentionally blank until current-cycle source import; do not infer or fabricate missing values.
36,university-of-wisconsinmadison,University of Wisconsin–Madison,US,WI,Madison,PUBLIC,National University,EVALIO_CURATED_200_PROMINENT_US_COLLEGES_NOT_OFFICIAL_RANKING,COMMON_APP,COMMON_APP,UNKNOWN,PENDING_CURRENT_VERIFICATION,UNKNOWN,UNKNOWN,UNKNOWN,PENDING_CURRENT_VERIFICATION,,,,,,,,,,,PENDING_CURRENT_SOURCE_IMPORT,2026-09-13,MEDIUM,https://www.collegedata.fyi/api/schools/search?q=University%20of%20Wisconsin%E2%80%93Madison,https://fairtest.org/wp-content/uploads/2026TOList/test-optional-list.html?v=1,,https://www.collegedata.fyi/api,Dynamic admissions/cost fields are intentionally blank until current-cycle source import; do not infer or fabricate missing values.
37,new-york-university,New York University,US,NY,New York,PRIVATE_NONPROFIT,National University,EVALIO_CURATED_200_PROMINENT_US_COLLEGES_NOT_OFFICIAL_RANKING,COMMON_APP,COMMON_APP,UNKNOWN,PENDING_CURRENT_VERIFICATION,UNKNOWN,UNKNOWN,UNKNOWN,PENDING_CURRENT_VERIFICATION,,,,,,,,,,,PENDING_CURRENT_SOURCE_IMPORT,2026-09-13,MEDIUM,https://www.collegedata.fyi/api/schools/search?q=New%20York%20University,https://fairtest.org/wp-content/uploads/2026TOList/test-optional-list.html?v=1,,https://www.collegedata.fyi/api,Dynamic admissions/cost fields are intentionally blank until current-cycle source import; do not infer or fabricate missing values.
38,boston-college,Boston College,US,MA,Chestnut Hill,PRIVATE_NONPROFIT,National University,EVALIO_CURATED_200_PROMINENT_US_COLLEGES_NOT_OFFICIAL_RANKING,COMMON_APP,COMMON_APP,UNKNOWN,PENDING_CURRENT_VERIFICATION,UNKNOWN,UNKNOWN,UNKNOWN,PENDING_CURRENT_VERIFICATION,,,,,,,,,,,PENDING_CURRENT_SOURCE_IMPORT,2026-09-13,MEDIUM,https://www.collegedata.fyi/api/schools/search?q=Boston%20College,https://fairtest.org/wp-content/uploads/2026TOList/test-optional-list.html?v=1,,https://www.collegedata.fyi/api,Dynamic admissions/cost fields are intentionally blank until current-cycle source import; do not infer or fabricate missing values.
39,university-of-washington,University of Washington,US,WA,Seattle,PUBLIC,National University,EVALIO_CURATED_200_PROMINENT_US_COLLEGES_NOT_OFFICIAL_RANKING,COMMON_APP,COMMON_APP,UNKNOWN,PENDING_CURRENT_VERIFICATION,UNKNOWN,UNKNOWN,UNKNOWN,PENDING_CURRENT_VERIFICATION,,,,,,,,,,,PENDING_CURRENT_SOURCE_IMPORT,2026-09-13,MEDIUM,https://www.collegedata.fyi/api/schools/search?q=University%20of%20Washington,https://fairtest.org/wp-content/uploads/2026TOList/test-optional-list.html?v=1,,https://www.collegedata.fyi/api,Dynamic admissions/cost fields are intentionally blank until current-cycle source import; do not infer or fabricate missing values.
40,tufts-university,Tufts University,US,MA,Medford,PRIVATE_NONPROFIT,National University,EVALIO_CURATED_200_PROMINENT_US_COLLEGES_NOT_OFFICIAL_RANKING,COMMON_APP,COMMON_APP,OPTIONAL,VERIFIED_CURRENT_FAIRTEST,UNKNOWN,UNKNOWN,UNKNOWN,PENDING_CURRENT_VERIFICATION,,,,,,,,,,,PENDING_CURRENT_SOURCE_IMPORT,2026-09-13,MEDIUM,https://www.collegedata.fyi/api/schools/search?q=Tufts%20University,https://fairtest.org/wp-content/uploads/2026TOList/test-optional-list.html?v=1,,https://www.collegedata.fyi/api,Dynamic admissions/cost fields are intentionally blank until current-cycle source import; do not infer or fabricate missing values.
41,rutgers-universitynew-brunswick,Rutgers University–New Brunswick,US,NJ,New Brunswick,PUBLIC,National University,EVALIO_CURATED_200_PROMINENT_US_COLLEGES_NOT_OFFICIAL_RANKING,COMMON_APP,COMMON_APP,UNKNOWN,PENDING_CURRENT_VERIFICATION,UNKNOWN,UNKNOWN,UNKNOWN,PENDING_CURRENT_VERIFICATION,,,,,,,,,,,PENDING_CURRENT_SOURCE_IMPORT,2026-09-13,MEDIUM,https://www.collegedata.fyi/api/schools/search?q=Rutgers%20University%E2%80%93New%20Brunswick,https://fairtest.org/wp-content/uploads/2026TOList/test-optional-list.html?v=1,,https://www.collegedata.fyi/api,Dynamic admissions/cost fields are intentionally blank until current-cycle source import; do not infer or fabricate missing values.
42,boston-university,Boston University,US,MA,Boston,PRIVATE_NONPROFIT,National University,EVALIO_CURATED_200_PROMINENT_US_COLLEGES_NOT_OFFICIAL_RANKING,COMMON_APP,COMMON_APP,UNKNOWN,PENDING_CURRENT_VERIFICATION,UNKNOWN,UNKNOWN,UNKNOWN,PENDING_CURRENT_VERIFICATION,,,,,,,,,,,PENDING_CURRENT_SOURCE_IMPORT,2026-09-13,MEDIUM,https://www.collegedata.fyi/api/schools/search?q=Boston%20University,https://fairtest.org/wp-content/uploads/2026TOList/test-optional-list.html?v=1,,https://www.collegedata.fyi/api,Dynamic admissions/cost fields are intentionally blank until current-cycle source import; do not infer or fabricate missing values.
43,the-ohio-state-university,The Ohio State University,US,OH,Columbus,PUBLIC,National University,EVALIO_CURATED_200_PROMINENT_US_COLLEGES_NOT_OFFICIAL_RANKING,COMMON_APP,COMMON_APP,UNKNOWN,PENDING_CURRENT_VERIFICATION,UNKNOWN,UNKNOWN,UNKNOWN,PENDING_CURRENT_VERIFICATION,,,,,,,,,,,PENDING_CURRENT_SOURCE_IMPORT,2026-09-13,MEDIUM,https://www.collegedata.fyi/api/schools/search?q=The%20Ohio%20State%20University,https://fairtest.org/wp-content/uploads/2026TOList/test-optional-list.html?v=1,,https://www.collegedata.fyi/api,Dynamic admissions/cost fields are intentionally blank until current-cycle source import; do not infer or fabricate missing values.
44,university-of-maryland-college-park,"University of Maryland, College Park",US,MD,College Park,PUBLIC,National University,EVALIO_CURATED_200_PROMINENT_US_COLLEGES_NOT_OFFICIAL_RANKING,COMMON_APP,COMMON_APP,UNKNOWN,PENDING_CURRENT_VERIFICATION,UNKNOWN,UNKNOWN,UNKNOWN,PENDING_CURRENT_VERIFICATION,,,,,,,,,,,PENDING_CURRENT_SOURCE_IMPORT,2026-09-13,MEDIUM,https://www.collegedata.fyi/api/schools/search?q=University%20of%20Maryland%2C%20College%20Park,https://fairtest.org/wp-content/uploads/2026TOList/test-optional-list.html?v=1,,https://www.collegedata.fyi/api,Dynamic admissions/cost fields are intentionally blank until current-cycle source import; do not infer or fabricate missing values.
45,university-of-rochester,University of Rochester,US,NY,Rochester,PRIVATE_NONPROFIT,National University,EVALIO_CURATED_200_PROMINENT_US_COLLEGES_NOT_OFFICIAL_RANKING,COMMON_APP,COMMON_APP,UNKNOWN,PENDING_CURRENT_VERIFICATION,UNKNOWN,UNKNOWN,UNKNOWN,PENDING_CURRENT_VERIFICATION,,,,,,,,,,,PENDING_CURRENT_SOURCE_IMPORT,2026-09-13,MEDIUM,https://www.collegedata.fyi/api/schools/search?q=University%20of%20Rochester,https://fairtest.org/wp-content/uploads/2026TOList/test-optional-list.html?v=1,,https://www.collegedata.fyi/api,Dynamic admissions/cost fields are intentionally blank until current-cycle source import; do not infer or fabricate missing values.
46,purdue-university,Purdue University,US,IN,West Lafayette,PUBLIC,National University,EVALIO_CURATED_200_PROMINENT_US_COLLEGES_NOT_OFFICIAL_RANKING,COMMON_APP,COMMON_APP,UNKNOWN,PENDING_CURRENT_VERIFICATION,UNKNOWN,UNKNOWN,UNKNOWN,PENDING_CURRENT_VERIFICATION,,,,,,,,,,,PENDING_CURRENT_SOURCE_IMPORT,2026-09-13,MEDIUM,https://www.collegedata.fyi/api/schools/search?q=Purdue%20University,https://fairtest.org/wp-content/uploads/2026TOList/test-optional-list.html?v=1,,https://www.collegedata.fyi/api,Dynamic admissions/cost fields are intentionally blank until current-cycle source import; do not infer or fabricate missing values.
47,university-of-north-carolina-at-chapel-hill,University of North Carolina at Chapel Hill,US,NC,Chapel Hill,PUBLIC,National University,EVALIO_CURATED_200_PROMINENT_US_COLLEGES_NOT_OFFICIAL_RANKING,COMMON_APP,COMMON_APP,UNKNOWN,PENDING_CURRENT_VERIFICATION,UNKNOWN,UNKNOWN,UNKNOWN,PENDING_CURRENT_VERIFICATION,,,,,,,,,,,PENDING_CURRENT_SOURCE_IMPORT,2026-09-13,MEDIUM,https://www.collegedata.fyi/api/schools/search?q=University%20of%20North%20Carolina%20at%20Chapel%20Hill,https://fairtest.org/wp-content/uploads/2026TOList/test-optional-list.html?v=1,,https://www.collegedata.fyi/api,Dynamic admissions/cost fields are intentionally blank until current-cycle source import; do not infer or fabricate missing values.
48,wake-forest-university,Wake Forest University,US,NC,Winston-Salem,PRIVATE_NONPROFIT,National University,EVALIO_CURATED_200_PROMINENT_US_COLLEGES_NOT_OFFICIAL_RANKING,COMMON_APP,COMMON_APP,UNKNOWN,PENDING_CURRENT_VERIFICATION,UNKNOWN,UNKNOWN,UNKNOWN,PENDING_CURRENT_VERIFICATION,,,,,,,,,,,PENDING_CURRENT_SOURCE_IMPORT,2026-09-13,MEDIUM,https://www.collegedata.fyi/api/schools/search?q=Wake%20Forest%20University,https://fairtest.org/wp-content/uploads/2026TOList/test-optional-list.html?v=1,,https://www.collegedata.fyi/api,Dynamic admissions/cost fields are intentionally blank until current-cycle source import; do not infer or fabricate missing values.
49,virginia-tech,Virginia Tech,US,VA,Blacksburg,PUBLIC,National University,EVALIO_CURATED_200_PROMINENT_US_COLLEGES_NOT_OFFICIAL_RANKING,COMMON_APP,COMMON_APP,UNKNOWN,PENDING_CURRENT_VERIFICATION,UNKNOWN,UNKNOWN,UNKNOWN,PENDING_CURRENT_VERIFICATION,,,,,,,,,,,PENDING_CURRENT_SOURCE_IMPORT,2026-09-13,MEDIUM,https://www.collegedata.fyi/api/schools/search?q=Virginia%20Tech,https://fairtest.org/wp-content/uploads/2026TOList/test-optional-list.html?v=1,,https://www.collegedata.fyi/api,Dynamic admissions/cost fields are intentionally blank until current-cycle source import; do not infer or fabricate missing values.
50,texas-a-and-m-university,Texas A&M University,US,TX,College Station,PUBLIC,National University,EVALIO_CURATED_200_PROMINENT_US_COLLEGES_NOT_OFFICIAL_RANKING,COMMON_APP,COMMON_APP;APPLYTEXAS,UNKNOWN,PENDING_CURRENT_VERIFICATION,UNKNOWN,UNKNOWN,UNKNOWN,PENDING_CURRENT_VERIFICATION,,,,,,,,,,,PENDING_CURRENT_SOURCE_IMPORT,2026-09-13,MEDIUM,https://www.collegedata.fyi/api/schools/search?q=Texas%20A%26M%20University,https://fairtest.org/wp-content/uploads/2026TOList/test-optional-list.html?v=1,,https://www.collegedata.fyi/api,Dynamic admissions/cost fields are intentionally blank until current-cycle source import; do not infer or fabricate missing values.
51,florida-state-university,Florida State University,US,FL,Tallahassee,PUBLIC,National University,EVALIO_CURATED_200_PROMINENT_US_COLLEGES_NOT_OFFICIAL_RANKING,COMMON_APP,COMMON_APP,UNKNOWN,PENDING_CURRENT_VERIFICATION,UNKNOWN,UNKNOWN,UNKNOWN,PENDING_CURRENT_VERIFICATION,,,,,,,,,,,PENDING_CURRENT_SOURCE_IMPORT,2026-09-13,MEDIUM,https://www.collegedata.fyi/api/schools/search?q=Florida%20State%20University,https://fairtest.org/wp-content/uploads/2026TOList/test-optional-list.html?v=1,,https://www.collegedata.fyi/api,Dynamic admissions/cost fields are intentionally blank until current-cycle source import; do not infer or fabricate missing values.
52,northeastern-university,Northeastern University,US,MA,Boston,PRIVATE_NONPROFIT,National University,EVALIO_CURATED_200_PROMINENT_US_COLLEGES_NOT_OFFICIAL_RANKING,COMMON_APP,COMMON_APP,UNKNOWN,PENDING_CURRENT_VERIFICATION,UNKNOWN,UNKNOWN,UNKNOWN,PENDING_CURRENT_VERIFICATION,,,,,,,,,,,PENDING_CURRENT_SOURCE_IMPORT,2026-09-13,MEDIUM,https://www.collegedata.fyi/api/schools/search?q=Northeastern%20University,https://fairtest.org/wp-content/uploads/2026TOList/test-optional-list.html?v=1,,https://www.collegedata.fyi/api,Dynamic admissions/cost fields are intentionally blank until current-cycle source import; do not infer or fabricate missing values.
53,case-western-reserve-university,Case Western Reserve University,US,OH,Cleveland,PRIVATE_NONPROFIT,National University,EVALIO_CURATED_200_PROMINENT_US_COLLEGES_NOT_OFFICIAL_RANKING,COMMON_APP,COMMON_APP,UNKNOWN,PENDING_CURRENT_VERIFICATION,UNKNOWN,UNKNOWN,UNKNOWN,PENDING_CURRENT_VERIFICATION,,,,,,,,,,,PENDING_CURRENT_SOURCE_IMPORT,2026-09-13,MEDIUM,https://www.collegedata.fyi/api/schools/search?q=Case%20Western%20Reserve%20University,https://fairtest.org/wp-content/uploads/2026TOList/test-optional-list.html?v=1,,https://www.collegedata.fyi/api,Dynamic admissions/cost fields are intentionally blank until current-cycle source import; do not infer or fabricate missing values.
54,tulane-university,Tulane University,US,LA,New Orleans,PRIVATE_NONPROFIT,National University,EVALIO_CURATED_200_PROMINENT_US_COLLEGES_NOT_OFFICIAL_RANKING,COMMON_APP,COMMON_APP,UNKNOWN,PENDING_CURRENT_VERIFICATION,UNKNOWN,UNKNOWN,UNKNOWN,PENDING_CURRENT_VERIFICATION,,,,,,,,,,,PENDING_CURRENT_SOURCE_IMPORT,2026-09-13,MEDIUM,https://www.collegedata.fyi/api/schools/search?q=Tulane%20University,https://fairtest.org/wp-content/uploads/2026TOList/test-optional-list.html?v=1,,https://www.collegedata.fyi/api,Dynamic admissions/cost fields are intentionally blank until current-cycle source import; do not infer or fabricate missing values.
55,university-of-miami,University of Miami,US,FL,Coral Gables,PRIVATE_NONPROFIT,National University,EVALIO_CURATED_200_PROMINENT_US_COLLEGES_NOT_OFFICIAL_RANKING,COMMON_APP,COMMON_APP,UNKNOWN,PENDING_CURRENT_VERIFICATION,UNKNOWN,UNKNOWN,UNKNOWN,PENDING_CURRENT_VERIFICATION,,,,,,,,,,,PENDING_CURRENT_SOURCE_IMPORT,2026-09-13,MEDIUM,https://www.collegedata.fyi/api/schools/search?q=University%20of%20Miami,https://fairtest.org/wp-content/uploads/2026TOList/test-optional-list.html?v=1,,https://www.collegedata.fyi/api,Dynamic admissions/cost fields are intentionally blank until current-cycle source import; do not infer or fabricate missing values.
56,university-of-georgia,University of Georgia,US,GA,Athens,PUBLIC,National University,EVALIO_CURATED_200_PROMINENT_US_COLLEGES_NOT_OFFICIAL_RANKING,COMMON_APP,COMMON_APP,UNKNOWN,PENDING_CURRENT_VERIFICATION,UNKNOWN,UNKNOWN,UNKNOWN,PENDING_CURRENT_VERIFICATION,,,,,,,,,,,PENDING_CURRENT_SOURCE_IMPORT,2026-09-13,MEDIUM,https://www.collegedata.fyi/api/schools/search?q=University%20of%20Georgia,https://fairtest.org/wp-content/uploads/2026TOList/test-optional-list.html?v=1,,https://www.collegedata.fyi/api,Dynamic admissions/cost fields are intentionally blank until current-cycle source import; do not infer or fabricate missing values.
57,lehigh-university,Lehigh University,US,PA,Bethlehem,PRIVATE_NONPROFIT,National University,EVALIO_CURATED_200_PROMINENT_US_COLLEGES_NOT_OFFICIAL_RANKING,COMMON_APP,COMMON_APP,UNKNOWN,PENDING_CURRENT_VERIFICATION,UNKNOWN,UNKNOWN,UNKNOWN,PENDING_CURRENT_VERIFICATION,,,,,,,,,,,PENDING_CURRENT_SOURCE_IMPORT,2026-09-13,MEDIUM,https://www.collegedata.fyi/api/schools/search?q=Lehigh%20University,https://fairtest.org/wp-content/uploads/2026TOList/test-optional-list.html?v=1,,https://www.collegedata.fyi/api,Dynamic admissions/cost fields are intentionally blank until current-cycle source import; do not infer or fabricate missing values.
58,villanova-university,Villanova University,US,PA,Villanova,PRIVATE_NONPROFIT,National University,EVALIO_CURATED_200_PROMINENT_US_COLLEGES_NOT_OFFICIAL_RANKING,COMMON_APP,COMMON_APP,UNKNOWN,PENDING_CURRENT_VERIFICATION,UNKNOWN,UNKNOWN,UNKNOWN,PENDING_CURRENT_VERIFICATION,,,,,,,,,,,PENDING_CURRENT_SOURCE_IMPORT,2026-09-13,MEDIUM,https://www.collegedata.fyi/api/schools/search?q=Villanova%20University,https://fairtest.org/wp-content/uploads/2026TOList/test-optional-list.html?v=1,,https://www.collegedata.fyi/api,Dynamic admissions/cost fields are intentionally blank until current-cycle source import; do not infer or fabricate missing values.
59,rensselaer-polytechnic-institute,Rensselaer Polytechnic Institute,US,NY,Troy,PRIVATE_NONPROFIT,National University,EVALIO_CURATED_200_PROMINENT_US_COLLEGES_NOT_OFFICIAL_RANKING,COMMON_APP,COMMON_APP,UNKNOWN,PENDING_CURRENT_VERIFICATION,UNKNOWN,UNKNOWN,UNKNOWN,PENDING_CURRENT_VERIFICATION,,,,,,,,,,,PENDING_CURRENT_SOURCE_IMPORT,2026-09-13,MEDIUM,https://www.collegedata.fyi/api/schools/search?q=Rensselaer%20Polytechnic%20Institute,https://fairtest.org/wp-content/uploads/2026TOList/test-optional-list.html?v=1,,https://www.collegedata.fyi/api,Dynamic admissions/cost fields are intentionally blank until current-cycle source import; do not infer or fabricate missing values.
60,brandeis-university,Brandeis University,US,MA,Waltham,PRIVATE_NONPROFIT,National University,EVALIO_CURATED_200_PROMINENT_US_COLLEGES_NOT_OFFICIAL_RANKING,COMMON_APP,COMMON_APP,UNKNOWN,PENDING_CURRENT_VERIFICATION,UNKNOWN,UNKNOWN,UNKNOWN,PENDING_CURRENT_VERIFICATION,,,,,,,,,,,PENDING_CURRENT_SOURCE_IMPORT,2026-09-13,MEDIUM,https://www.collegedata.fyi/api/schools/search?q=Brandeis%20University,https://fairtest.org/wp-content/uploads/2026TOList/test-optional-list.html?v=1,,https://www.collegedata.fyi/api,Dynamic admissions/cost fields are intentionally blank until current-cycle source import; do not infer or fabricate missing values.
61,william-and-mary,William & Mary,US,VA,Williamsburg,PUBLIC,National University,EVALIO_CURATED_200_PROMINENT_US_COLLEGES_NOT_OFFICIAL_RANKING,COMMON_APP,COMMON_APP,UNKNOWN,PENDING_CURRENT_VERIFICATION,UNKNOWN,UNKNOWN,UNKNOWN,PENDING_CURRENT_VERIFICATION,,,,,,,,,,,PENDING_CURRENT_SOURCE_IMPORT,2026-09-13,MEDIUM,https://www.collegedata.fyi/api/schools/search?q=William%20%26%20Mary,https://fairtest.org/wp-content/uploads/2026TOList/test-optional-list.html?v=1,,https://www.collegedata.fyi/api,Dynamic admissions/cost fields are intentionally blank until current-cycle source import; do not infer or fabricate missing values.
62,clemson-university,Clemson University,US,SC,Clemson,PUBLIC,National University,EVALIO_CURATED_200_PROMINENT_US_COLLEGES_NOT_OFFICIAL_RANKING,COMMON_APP,COMMON_APP,UNKNOWN,PENDING_CURRENT_VERIFICATION,UNKNOWN,UNKNOWN,UNKNOWN,PENDING_CURRENT_VERIFICATION,,,,,,,,,,,PENDING_CURRENT_SOURCE_IMPORT,2026-09-13,MEDIUM,https://www.collegedata.fyi/api/schools/search?q=Clemson%20University,https://fairtest.org/wp-content/uploads/2026TOList/test-optional-list.html?v=1,,https://www.collegedata.fyi/api,Dynamic admissions/cost fields are intentionally blank until current-cycle source import; do not infer or fabricate missing values.
63,southern-methodist-university,Southern Methodist University,US,TX,Dallas,PRIVATE_NONPROFIT,National University,EVALIO_CURATED_200_PROMINENT_US_COLLEGES_NOT_OFFICIAL_RANKING,COMMON_APP,COMMON_APP,UNKNOWN,PENDING_CURRENT_VERIFICATION,UNKNOWN,UNKNOWN,UNKNOWN,PENDING_CURRENT_VERIFICATION,,,,,,,,,,,PENDING_CURRENT_SOURCE_IMPORT,2026-09-13,MEDIUM,https://www.collegedata.fyi/api/schools/search?q=Southern%20Methodist%20University,https://fairtest.org/wp-content/uploads/2026TOList/test-optional-list.html?v=1,,https://www.collegedata.fyi/api,Dynamic admissions/cost fields are intentionally blank until current-cycle source import; do not infer or fabricate missing values.
64,george-washington-university,George Washington University,US,DC,Washington,PRIVATE_NONPROFIT,National University,EVALIO_CURATED_200_PROMINENT_US_COLLEGES_NOT_OFFICIAL_RANKING,COMMON_APP,COMMON_APP,UNKNOWN,PENDING_CURRENT_VERIFICATION,UNKNOWN,UNKNOWN,UNKNOWN,PENDING_CURRENT_VERIFICATION,,,,,,,,,,,PENDING_CURRENT_SOURCE_IMPORT,2026-09-13,MEDIUM,https://www.collegedata.fyi/api/schools/search?q=George%20Washington%20University,https://fairtest.org/wp-content/uploads/2026TOList/test-optional-list.html?v=1,,https://www.collegedata.fyi/api,Dynamic admissions/cost fields are intentionally blank until current-cycle source import; do not infer or fabricate missing values.
65,pennsylvania-state-university,Pennsylvania State University,US,PA,University Park,PUBLIC,National University,EVALIO_CURATED_200_PROMINENT_US_COLLEGES_NOT_OFFICIAL_RANKING,COMMON_APP,COMMON_APP,UNKNOWN,PENDING_CURRENT_VERIFICATION,UNKNOWN,UNKNOWN,UNKNOWN,PENDING_CURRENT_VERIFICATION,,,,,,,,,,,PENDING_CURRENT_SOURCE_IMPORT,2026-09-13,MEDIUM,https://www.collegedata.fyi/api/schools/search?q=Pennsylvania%20State%20University,https://fairtest.org/wp-content/uploads/2026TOList/test-optional-list.html?v=1,,https://www.collegedata.fyi/api,Dynamic admissions/cost fields are intentionally blank until current-cycle source import; do not infer or fabricate missing values.
66,university-of-minnesota-twin-cities,University of Minnesota Twin Cities,US,MN,Minneapolis,PUBLIC,National University,EVALIO_CURATED_200_PROMINENT_US_COLLEGES_NOT_OFFICIAL_RANKING,COMMON_APP,COMMON_APP,UNKNOWN,PENDING_CURRENT_VERIFICATION,UNKNOWN,UNKNOWN,UNKNOWN,PENDING_CURRENT_VERIFICATION,,,,,,,,,,,PENDING_CURRENT_SOURCE_IMPORT,2026-09-13,MEDIUM,https://www.collegedata.fyi/api/schools/search?q=University%20of%20Minnesota%20Twin%20Cities,https://fairtest.org/wp-content/uploads/2026TOList/test-optional-list.html?v=1,,https://www.collegedata.fyi/api,Dynamic admissions/cost fields are intentionally blank until current-cycle source import; do not infer or fabricate missing values.
67,indiana-university-bloomington,Indiana University Bloomington,US,IN,Bloomington,PUBLIC,National University,EVALIO_CURATED_200_PROMINENT_US_COLLEGES_NOT_OFFICIAL_RANKING,COMMON_APP,COMMON_APP,UNKNOWN,PENDING_CURRENT_VERIFICATION,UNKNOWN,UNKNOWN,UNKNOWN,PENDING_CURRENT_VERIFICATION,,,,,,,,,,,PENDING_CURRENT_SOURCE_IMPORT,2026-09-13,MEDIUM,https://www.collegedata.fyi/api/schools/search?q=Indiana%20University%20Bloomington,https://fairtest.org/wp-content/uploads/2026TOList/test-optional-list.html?v=1,,https://www.collegedata.fyi/api,Dynamic admissions/cost fields are intentionally blank until current-cycle source import; do not infer or fabricate missing values.
68,michigan-state-university,Michigan State University,US,MI,East Lansing,PUBLIC,National University,EVALIO_CURATED_200_PROMINENT_US_COLLEGES_NOT_OFFICIAL_RANKING,COMMON_APP,COMMON_APP,UNKNOWN,PENDING_CURRENT_VERIFICATION,UNKNOWN,UNKNOWN,UNKNOWN,PENDING_CURRENT_VERIFICATION,,,,,,,,,,,PENDING_CURRENT_SOURCE_IMPORT,2026-09-13,MEDIUM,https://www.collegedata.fyi/api/schools/search?q=Michigan%20State%20University,https://fairtest.org/wp-content/uploads/2026TOList/test-optional-list.html?v=1,,https://www.collegedata.fyi/api,Dynamic admissions/cost fields are intentionally blank until current-cycle source import; do not infer or fabricate missing values.
69,north-carolina-state-university,North Carolina State University,US,NC,Raleigh,PUBLIC,National University,EVALIO_CURATED_200_PROMINENT_US_COLLEGES_NOT_OFFICIAL_RANKING,COMMON_APP,COMMON_APP,UNKNOWN,PENDING_CURRENT_VERIFICATION,UNKNOWN,UNKNOWN,UNKNOWN,PENDING_CURRENT_VERIFICATION,,,,,,,,,,,PENDING_CURRENT_SOURCE_IMPORT,2026-09-13,MEDIUM,https://www.collegedata.fyi/api/schools/search?q=North%20Carolina%20State%20University,https://fairtest.org/wp-content/uploads/2026TOList/test-optional-list.html?v=1,,https://www.collegedata.fyi/api,Dynamic admissions/cost fields are intentionally blank until current-cycle source import; do not infer or fabricate missing values.
70,university-of-california-santa-cruz,"University of California, Santa Cruz",US,CA,Santa Cruz,PUBLIC,National University,EVALIO_CURATED_200_PROMINENT_US_COLLEGES_NOT_OFFICIAL_RANKING,UC_APPLICATION,UC_APPLICATION,BLIND,VERIFIED_SYSTEM_POLICY,UNKNOWN,UNKNOWN,UNKNOWN,PENDING_CURRENT_VERIFICATION,,,,,,,,,,,PENDING_CURRENT_SOURCE_IMPORT,2026-09-13,MEDIUM,https://www.collegedata.fyi/api/schools/search?q=University%20of%20California%2C%20Santa%20Cruz,https://fairtest.org/wp-content/uploads/2026TOList/test-optional-list.html?v=1,,https://www.collegedata.fyi/api,Dynamic admissions/cost fields are intentionally blank until current-cycle source import; do not infer or fabricate missing values.
71,university-of-california-riverside,"University of California, Riverside",US,CA,Riverside,PUBLIC,National University,EVALIO_CURATED_200_PROMINENT_US_COLLEGES_NOT_OFFICIAL_RANKING,UC_APPLICATION,UC_APPLICATION,BLIND,VERIFIED_SYSTEM_POLICY,UNKNOWN,UNKNOWN,UNKNOWN,PENDING_CURRENT_VERIFICATION,,,,,,,,,,,PENDING_CURRENT_SOURCE_IMPORT,2026-09-13,MEDIUM,https://www.collegedata.fyi/api/schools/search?q=University%20of%20California%2C%20Riverside,https://fairtest.org/wp-content/uploads/2026TOList/test-optional-list.html?v=1,,https://www.collegedata.fyi/api,Dynamic admissions/cost fields are intentionally blank until current-cycle source import; do not infer or fabricate missing values.
72,university-of-colorado-boulder,University of Colorado Boulder,US,CO,Boulder,PUBLIC,National University,EVALIO_CURATED_200_PROMINENT_US_COLLEGES_NOT_OFFICIAL_RANKING,COMMON_APP,COMMON_APP,UNKNOWN,PENDING_CURRENT_VERIFICATION,UNKNOWN,UNKNOWN,UNKNOWN,PENDING_CURRENT_VERIFICATION,,,,,,,,,,,PENDING_CURRENT_SOURCE_IMPORT,2026-09-13,MEDIUM,https://www.collegedata.fyi/api/schools/search?q=University%20of%20Colorado%20Boulder,https://fairtest.org/wp-content/uploads/2026TOList/test-optional-list.html?v=1,,https://www.collegedata.fyi/api,Dynamic admissions/cost fields are intentionally blank until current-cycle source import; do not infer or fabricate missing values.
73,university-of-connecticut,University of Connecticut,US,CT,Storrs,PUBLIC,National University,EVALIO_CURATED_200_PROMINENT_US_COLLEGES_NOT_OFFICIAL_RANKING,COMMON_APP,COMMON_APP,UNKNOWN,PENDING_CURRENT_VERIFICATION,UNKNOWN,UNKNOWN,UNKNOWN,PENDING_CURRENT_VERIFICATION,,,,,,,,,,,PENDING_CURRENT_SOURCE_IMPORT,2026-09-13,MEDIUM,https://www.collegedata.fyi/api/schools/search?q=University%20of%20Connecticut,https://fairtest.org/wp-content/uploads/2026TOList/test-optional-list.html?v=1,,https://www.collegedata.fyi/api,Dynamic admissions/cost fields are intentionally blank until current-cycle source import; do not infer or fabricate missing values.
74,university-of-pittsburgh,University of Pittsburgh,US,PA,Pittsburgh,PUBLIC,National University,EVALIO_CURATED_200_PROMINENT_US_COLLEGES_NOT_OFFICIAL_RANKING,COMMON_APP,COMMON_APP,UNKNOWN,PENDING_CURRENT_VERIFICATION,UNKNOWN,UNKNOWN,UNKNOWN,PENDING_CURRENT_VERIFICATION,,,,,,,,,,,PENDING_CURRENT_SOURCE_IMPORT,2026-09-13,MEDIUM,https://www.collegedata.fyi/api/schools/search?q=University%20of%20Pittsburgh,https://fairtest.org/wp-content/uploads/2026TOList/test-optional-list.html?v=1,,https://www.collegedata.fyi/api,Dynamic admissions/cost fields are intentionally blank until current-cycle source import; do not infer or fabricate missing values.
75,syracuse-university,Syracuse University,US,NY,Syracuse,PRIVATE_NONPROFIT,National University,EVALIO_CURATED_200_PROMINENT_US_COLLEGES_NOT_OFFICIAL_RANKING,COMMON_APP,COMMON_APP,UNKNOWN,PENDING_CURRENT_VERIFICATION,UNKNOWN,UNKNOWN,UNKNOWN,PENDING_CURRENT_VERIFICATION,,,,,,,,,,,PENDING_CURRENT_SOURCE_IMPORT,2026-09-13,MEDIUM,https://www.collegedata.fyi/api/schools/search?q=Syracuse%20University,https://fairtest.org/wp-content/uploads/2026TOList/test-optional-list.html?v=1,,https://www.collegedata.fyi/api,Dynamic admissions/cost fields are intentionally blank until current-cycle source import; do not infer or fabricate missing values.
76,american-university,American University,US,DC,Washington,PRIVATE_NONPROFIT,National University,EVALIO_CURATED_200_PROMINENT_US_COLLEGES_NOT_OFFICIAL_RANKING,COMMON_APP,COMMON_APP,UNKNOWN,PENDING_CURRENT_VERIFICATION,UNKNOWN,UNKNOWN,UNKNOWN,PENDING_CURRENT_VERIFICATION,,,,,,,,,,,PENDING_CURRENT_SOURCE_IMPORT,2026-09-13,MEDIUM,https://www.collegedata.fyi/api/schools/search?q=American%20University,https://fairtest.org/wp-content/uploads/2026TOList/test-optional-list.html?v=1,,https://www.collegedata.fyi/api,Dynamic admissions/cost fields are intentionally blank until current-cycle source import; do not infer or fabricate missing values.
77,baylor-university,Baylor University,US,TX,Waco,PRIVATE_NONPROFIT,National University,EVALIO_CURATED_200_PROMINENT_US_COLLEGES_NOT_OFFICIAL_RANKING,COMMON_APP,COMMON_APP,UNKNOWN,PENDING_CURRENT_VERIFICATION,UNKNOWN,UNKNOWN,UNKNOWN,PENDING_CURRENT_VERIFICATION,,,,,,,,,,,PENDING_CURRENT_SOURCE_IMPORT,2026-09-13,MEDIUM,https://www.collegedata.fyi/api/schools/search?q=Baylor%20University,https://fairtest.org/wp-content/uploads/2026TOList/test-optional-list.html?v=1,,https://www.collegedata.fyi/api,Dynamic admissions/cost fields are intentionally blank until current-cycle source import; do not infer or fabricate missing values.
78,texas-christian-university,Texas Christian University,US,TX,Fort Worth,PRIVATE_NONPROFIT,National University,EVALIO_CURATED_200_PROMINENT_US_COLLEGES_NOT_OFFICIAL_RANKING,COMMON_APP,COMMON_APP,UNKNOWN,PENDING_CURRENT_VERIFICATION,UNKNOWN,UNKNOWN,UNKNOWN,PENDING_CURRENT_VERIFICATION,,,,,,,,,,,PENDING_CURRENT_SOURCE_IMPORT,2026-09-13,MEDIUM,https://www.collegedata.fyi/api/schools/search?q=Texas%20Christian%20University,https://fairtest.org/wp-content/uploads/2026TOList/test-optional-list.html?v=1,,https://www.collegedata.fyi/api,Dynamic admissions/cost fields are intentionally blank until current-cycle source import; do not infer or fabricate missing values.
79,santa-clara-university,Santa Clara University,US,CA,Santa Clara,PRIVATE_NONPROFIT,National University,EVALIO_CURATED_200_PROMINENT_US_COLLEGES_NOT_OFFICIAL_RANKING,COMMON_APP,COMMON_APP,UNKNOWN,PENDING_CURRENT_VERIFICATION,UNKNOWN,UNKNOWN,UNKNOWN,PENDING_CURRENT_VERIFICATION,,,,,,,,,,,PENDING_CURRENT_SOURCE_IMPORT,2026-09-13,MEDIUM,https://www.collegedata.fyi/api/schools/search?q=Santa%20Clara%20University,https://fairtest.org/wp-content/uploads/2026TOList/test-optional-list.html?v=1,,https://www.collegedata.fyi/api,Dynamic admissions/cost fields are intentionally blank until current-cycle source import; do not infer or fabricate missing values.
80,pepperdine-university,Pepperdine University,US,CA,Malibu,PRIVATE_NONPROFIT,National University,EVALIO_CURATED_200_PROMINENT_US_COLLEGES_NOT_OFFICIAL_RANKING,COMMON_APP,COMMON_APP,UNKNOWN,PENDING_CURRENT_VERIFICATION,UNKNOWN,UNKNOWN,UNKNOWN,PENDING_CURRENT_VERIFICATION,,,,,,,,,,,PENDING_CURRENT_SOURCE_IMPORT,2026-09-13,MEDIUM,https://www.collegedata.fyi/api/schools/search?q=Pepperdine%20University,https://fairtest.org/wp-content/uploads/2026TOList/test-optional-list.html?v=1,,https://www.collegedata.fyi/api,Dynamic admissions/cost fields are intentionally blank until current-cycle source import; do not infer or fabricate missing values.
81,fordham-university,Fordham University,US,NY,Bronx,PRIVATE_NONPROFIT,National University,EVALIO_CURATED_200_PROMINENT_US_COLLEGES_NOT_OFFICIAL_RANKING,COMMON_APP,COMMON_APP,UNKNOWN,PENDING_CURRENT_VERIFICATION,UNKNOWN,UNKNOWN,UNKNOWN,PENDING_CURRENT_VERIFICATION,,,,,,,,,,,PENDING_CURRENT_SOURCE_IMPORT,2026-09-13,MEDIUM,https://www.collegedata.fyi/api/schools/search?q=Fordham%20University,https://fairtest.org/wp-content/uploads/2026TOList/test-optional-list.html?v=1,,https://www.collegedata.fyi/api,Dynamic admissions/cost fields are intentionally blank until current-cycle source import; do not infer or fabricate missing values.
82,stevens-institute-of-technology,Stevens Institute of Technology,US,NJ,Hoboken,PRIVATE_NONPROFIT,National University,EVALIO_CURATED_200_PROMINENT_US_COLLEGES_NOT_OFFICIAL_RANKING,COMMON_APP,COMMON_APP,UNKNOWN,PENDING_CURRENT_VERIFICATION,UNKNOWN,UNKNOWN,UNKNOWN,PENDING_CURRENT_VERIFICATION,,,,,,,,,,,PENDING_CURRENT_SOURCE_IMPORT,2026-09-13,MEDIUM,https://www.collegedata.fyi/api/schools/search?q=Stevens%20Institute%20of%20Technology,https://fairtest.org/wp-content/uploads/2026TOList/test-optional-list.html?v=1,,https://www.collegedata.fyi/api,Dynamic admissions/cost fields are intentionally blank until current-cycle source import; do not infer or fabricate missing values.
83,worcester-polytechnic-institute,Worcester Polytechnic Institute,US,MA,Worcester,PRIVATE_NONPROFIT,National University,EVALIO_CURATED_200_PROMINENT_US_COLLEGES_NOT_OFFICIAL_RANKING,COMMON_APP,COMMON_APP,UNKNOWN,PENDING_CURRENT_VERIFICATION,UNKNOWN,UNKNOWN,UNKNOWN,PENDING_CURRENT_VERIFICATION,,,,,,,,,,,PENDING_CURRENT_SOURCE_IMPORT,2026-09-13,MEDIUM,https://www.collegedata.fyi/api/schools/search?q=Worcester%20Polytechnic%20Institute,https://fairtest.org/wp-content/uploads/2026TOList/test-optional-list.html?v=1,,https://www.collegedata.fyi/api,Dynamic admissions/cost fields are intentionally blank until current-cycle source import; do not infer or fabricate missing values.
84,drexel-university,Drexel University,US,PA,Philadelphia,PRIVATE_NONPROFIT,National University,EVALIO_CURATED_200_PROMINENT_US_COLLEGES_NOT_OFFICIAL_RANKING,COMMON_APP,COMMON_APP,UNKNOWN,PENDING_CURRENT_VERIFICATION,UNKNOWN,UNKNOWN,UNKNOWN,PENDING_CURRENT_VERIFICATION,,,,,,,,,,,PENDING_CURRENT_SOURCE_IMPORT,2026-09-13,MEDIUM,https://www.collegedata.fyi/api/schools/search?q=Drexel%20University,https://fairtest.org/wp-content/uploads/2026TOList/test-optional-list.html?v=1,,https://www.collegedata.fyi/api,Dynamic admissions/cost fields are intentionally blank until current-cycle source import; do not infer or fabricate missing values.
85,rochester-institute-of-technology,Rochester Institute of Technology,US,NY,Rochester,PRIVATE_NONPROFIT,National University,EVALIO_CURATED_200_PROMINENT_US_COLLEGES_NOT_OFFICIAL_RANKING,COMMON_APP,COMMON_APP,UNKNOWN,PENDING_CURRENT_VERIFICATION,UNKNOWN,UNKNOWN,UNKNOWN,PENDING_CURRENT_VERIFICATION,,,,,,,,,,,PENDING_CURRENT_SOURCE_IMPORT,2026-09-13,MEDIUM,https://www.collegedata.fyi/api/schools/search?q=Rochester%20Institute%20of%20Technology,https://fairtest.org/wp-content/uploads/2026TOList/test-optional-list.html?v=1,,https://www.collegedata.fyi/api,Dynamic admissions/cost fields are intentionally blank until current-cycle source import; do not infer or fabricate missing values.
86,stony-brook-university,Stony Brook University,US,NY,Stony Brook,PUBLIC,National University,EVALIO_CURATED_200_PROMINENT_US_COLLEGES_NOT_OFFICIAL_RANKING,COMMON_APP,COMMON_APP;SUNY,UNKNOWN,PENDING_CURRENT_VERIFICATION,UNKNOWN,UNKNOWN,UNKNOWN,PENDING_CURRENT_VERIFICATION,,,,,,,,,,,PENDING_CURRENT_SOURCE_IMPORT,2026-09-13,MEDIUM,https://www.collegedata.fyi/api/schools/search?q=Stony%20Brook%20University,https://fairtest.org/wp-content/uploads/2026TOList/test-optional-list.html?v=1,,https://www.collegedata.fyi/api,Dynamic admissions/cost fields are intentionally blank until current-cycle source import; do not infer or fabricate missing values.
87,binghamton-university,Binghamton University,US,NY,Binghamton,PUBLIC,National University,EVALIO_CURATED_200_PROMINENT_US_COLLEGES_NOT_OFFICIAL_RANKING,COMMON_APP,COMMON_APP;SUNY,UNKNOWN,PENDING_CURRENT_VERIFICATION,UNKNOWN,UNKNOWN,UNKNOWN,PENDING_CURRENT_VERIFICATION,,,,,,,,,,,PENDING_CURRENT_SOURCE_IMPORT,2026-09-13,MEDIUM,https://www.collegedata.fyi/api/schools/search?q=Binghamton%20University,https://fairtest.org/wp-content/uploads/2026TOList/test-optional-list.html?v=1,,https://www.collegedata.fyi/api,Dynamic admissions/cost fields are intentionally blank until current-cycle source import; do not infer or fabricate missing values.
88,university-at-buffalo,University at Buffalo,US,NY,Buffalo,PUBLIC,National University,EVALIO_CURATED_200_PROMINENT_US_COLLEGES_NOT_OFFICIAL_RANKING,COMMON_APP,COMMON_APP;SUNY,UNKNOWN,PENDING_CURRENT_VERIFICATION,UNKNOWN,UNKNOWN,UNKNOWN,PENDING_CURRENT_VERIFICATION,,,,,,,,,,,PENDING_CURRENT_SOURCE_IMPORT,2026-09-13,MEDIUM,https://www.collegedata.fyi/api/schools/search?q=University%20at%20Buffalo,https://fairtest.org/wp-content/uploads/2026TOList/test-optional-list.html?v=1,,https://www.collegedata.fyi/api,Dynamic admissions/cost fields are intentionally blank until current-cycle source import; do not infer or fabricate missing values.
89,university-of-delaware,University of Delaware,US,DE,Newark,PUBLIC,National University,EVALIO_CURATED_200_PROMINENT_US_COLLEGES_NOT_OFFICIAL_RANKING,COMMON_APP,COMMON_APP,UNKNOWN,PENDING_CURRENT_VERIFICATION,UNKNOWN,UNKNOWN,UNKNOWN,PENDING_CURRENT_VERIFICATION,,,,,,,,,,,PENDING_CURRENT_SOURCE_IMPORT,2026-09-13,MEDIUM,https://www.collegedata.fyi/api/schools/search?q=University%20of%20Delaware,https://fairtest.org/wp-content/uploads/2026TOList/test-optional-list.html?v=1,,https://www.collegedata.fyi/api,Dynamic admissions/cost fields are intentionally blank until current-cycle source import; do not infer or fabricate missing values.
90,university-of-massachusetts-amherst,University of Massachusetts Amherst,US,MA,Amherst,PUBLIC,National University,EVALIO_CURATED_200_PROMINENT_US_COLLEGES_NOT_OFFICIAL_RANKING,COMMON_APP,COMMON_APP,UNKNOWN,PENDING_CURRENT_VERIFICATION,UNKNOWN,UNKNOWN,UNKNOWN,PENDING_CURRENT_VERIFICATION,,,,,,,,,,,PENDING_CURRENT_SOURCE_IMPORT,2026-09-13,MEDIUM,https://www.collegedata.fyi/api/schools/search?q=University%20of%20Massachusetts%20Amherst,https://fairtest.org/wp-content/uploads/2026TOList/test-optional-list.html?v=1,,https://www.collegedata.fyi/api,Dynamic admissions/cost fields are intentionally blank until current-cycle source import; do not infer or fabricate missing values.
91,university-of-iowa,University of Iowa,US,IA,Iowa City,PUBLIC,National University,EVALIO_CURATED_200_PROMINENT_US_COLLEGES_NOT_OFFICIAL_RANKING,COMMON_APP,COMMON_APP,UNKNOWN,PENDING_CURRENT_VERIFICATION,UNKNOWN,UNKNOWN,UNKNOWN,PENDING_CURRENT_VERIFICATION,,,,,,,,,,,PENDING_CURRENT_SOURCE_IMPORT,2026-09-13,MEDIUM,https://www.collegedata.fyi/api/schools/search?q=University%20of%20Iowa,https://fairtest.org/wp-content/uploads/2026TOList/test-optional-list.html?v=1,,https://www.collegedata.fyi/api,Dynamic admissions/cost fields are intentionally blank until current-cycle source import; do not infer or fabricate missing values.
92,university-of-arizona,University of Arizona,US,AZ,Tucson,PUBLIC,National University,EVALIO_CURATED_200_PROMINENT_US_COLLEGES_NOT_OFFICIAL_RANKING,COMMON_APP,COMMON_APP,UNKNOWN,PENDING_CURRENT_VERIFICATION,UNKNOWN,UNKNOWN,UNKNOWN,PENDING_CURRENT_VERIFICATION,,,,,,,,,,,PENDING_CURRENT_SOURCE_IMPORT,2026-09-13,MEDIUM,https://www.collegedata.fyi/api/schools/search?q=University%20of%20Arizona,https://fairtest.org/wp-content/uploads/2026TOList/test-optional-list.html?v=1,,https://www.collegedata.fyi/api,Dynamic admissions/cost fields are intentionally blank until current-cycle source import; do not infer or fabricate missing values.
93,arizona-state-university,Arizona State University,US,AZ,Tempe,PUBLIC,National University,EVALIO_CURATED_200_PROMINENT_US_COLLEGES_NOT_OFFICIAL_RANKING,COMMON_APP,COMMON_APP,UNKNOWN,PENDING_CURRENT_VERIFICATION,UNKNOWN,UNKNOWN,UNKNOWN,PENDING_CURRENT_VERIFICATION,,,,,,,,,,,PENDING_CURRENT_SOURCE_IMPORT,2026-09-13,MEDIUM,https://www.collegedata.fyi/api/schools/search?q=Arizona%20State%20University,https://fairtest.org/wp-content/uploads/2026TOList/test-optional-list.html?v=1,,https://www.collegedata.fyi/api,Dynamic admissions/cost fields are intentionally blank until current-cycle source import; do not infer or fabricate missing values.
94,university-of-oregon,University of Oregon,US,OR,Eugene,PUBLIC,National University,EVALIO_CURATED_200_PROMINENT_US_COLLEGES_NOT_OFFICIAL_RANKING,COMMON_APP,COMMON_APP,UNKNOWN,PENDING_CURRENT_VERIFICATION,UNKNOWN,UNKNOWN,UNKNOWN,PENDING_CURRENT_VERIFICATION,,,,,,,,,,,PENDING_CURRENT_SOURCE_IMPORT,2026-09-13,MEDIUM,https://www.collegedata.fyi/api/schools/search?q=University%20of%20Oregon,https://fairtest.org/wp-content/uploads/2026TOList/test-optional-list.html?v=1,,https://www.collegedata.fyi/api,Dynamic admissions/cost fields are intentionally blank until current-cycle source import; do not infer or fabricate missing values.
95,oregon-state-university,Oregon State University,US,OR,Corvallis,PUBLIC,National University,EVALIO_CURATED_200_PROMINENT_US_COLLEGES_NOT_OFFICIAL_RANKING,COMMON_APP,COMMON_APP,UNKNOWN,PENDING_CURRENT_VERIFICATION,UNKNOWN,UNKNOWN,UNKNOWN,PENDING_CURRENT_VERIFICATION,,,,,,,,,,,PENDING_CURRENT_SOURCE_IMPORT,2026-09-13,MEDIUM,https://www.collegedata.fyi/api/schools/search?q=Oregon%20State%20University,https://fairtest.org/wp-content/uploads/2026TOList/test-optional-list.html?v=1,,https://www.collegedata.fyi/api,Dynamic admissions/cost fields are intentionally blank until current-cycle source import; do not infer or fabricate missing values.
96,university-of-utah,University of Utah,US,UT,Salt Lake City,PUBLIC,National University,EVALIO_CURATED_200_PROMINENT_US_COLLEGES_NOT_OFFICIAL_RANKING,COMMON_APP,COMMON_APP,UNKNOWN,PENDING_CURRENT_VERIFICATION,UNKNOWN,UNKNOWN,UNKNOWN,PENDING_CURRENT_VERIFICATION,,,,,,,,,,,PENDING_CURRENT_SOURCE_IMPORT,2026-09-13,MEDIUM,https://www.collegedata.fyi/api/schools/search?q=University%20of%20Utah,https://fairtest.org/wp-content/uploads/2026TOList/test-optional-list.html?v=1,,https://www.collegedata.fyi/api,Dynamic admissions/cost fields are intentionally blank until current-cycle source import; do not infer or fabricate missing values.
97,brigham-young-university,Brigham Young University,US,UT,Provo,PRIVATE_NONPROFIT,National University,EVALIO_CURATED_200_PROMINENT_US_COLLEGES_NOT_OFFICIAL_RANKING,INSTITUTIONAL,INSTITUTIONAL,UNKNOWN,PENDING_CURRENT_VERIFICATION,UNKNOWN,UNKNOWN,UNKNOWN,PENDING_CURRENT_VERIFICATION,,,,,,,,,,,PENDING_CURRENT_SOURCE_IMPORT,2026-09-13,MEDIUM,https://www.collegedata.fyi/api/schools/search?q=Brigham%20Young%20University,https://fairtest.org/wp-content/uploads/2026TOList/test-optional-list.html?v=1,,https://www.collegedata.fyi/api,Dynamic admissions/cost fields are intentionally blank until current-cycle source import; do not infer or fabricate missing values.
98,colorado-school-of-mines,Colorado School of Mines,US,CO,Golden,PUBLIC,National University,EVALIO_CURATED_200_PROMINENT_US_COLLEGES_NOT_OFFICIAL_RANKING,COMMON_APP,COMMON_APP,UNKNOWN,PENDING_CURRENT_VERIFICATION,UNKNOWN,UNKNOWN,UNKNOWN,PENDING_CURRENT_VERIFICATION,,,,,,,,,,,PENDING_CURRENT_SOURCE_IMPORT,2026-09-13,MEDIUM,https://www.collegedata.fyi/api/schools/search?q=Colorado%20School%20of%20Mines,https://fairtest.org/wp-content/uploads/2026TOList/test-optional-list.html?v=1,,https://www.collegedata.fyi/api,Dynamic admissions/cost fields are intentionally blank until current-cycle source import; do not infer or fabricate missing values.
99,auburn-university,Auburn University,US,AL,Auburn,PUBLIC,National University,EVALIO_CURATED_200_PROMINENT_US_COLLEGES_NOT_OFFICIAL_RANKING,COMMON_APP,COMMON_APP,UNKNOWN,PENDING_CURRENT_VERIFICATION,UNKNOWN,UNKNOWN,UNKNOWN,PENDING_CURRENT_VERIFICATION,,,,,,,,,,,PENDING_CURRENT_SOURCE_IMPORT,2026-09-13,MEDIUM,https://www.collegedata.fyi/api/schools/search?q=Auburn%20University,https://fairtest.org/wp-content/uploads/2026TOList/test-optional-list.html?v=1,,https://www.collegedata.fyi/api,Dynamic admissions/cost fields are intentionally blank until current-cycle source import; do not infer or fabricate missing values.
100,university-of-tennessee-knoxville,"University of Tennessee, Knoxville",US,TN,Knoxville,PUBLIC,National University,EVALIO_CURATED_200_PROMINENT_US_COLLEGES_NOT_OFFICIAL_RANKING,COMMON_APP,COMMON_APP,UNKNOWN,PENDING_CURRENT_VERIFICATION,UNKNOWN,UNKNOWN,UNKNOWN,PENDING_CURRENT_VERIFICATION,,,,,,,,,,,PENDING_CURRENT_SOURCE_IMPORT,2026-09-13,MEDIUM,https://www.collegedata.fyi/api/schools/search?q=University%20of%20Tennessee%2C%20Knoxville,https://fairtest.org/wp-content/uploads/2026TOList/test-optional-list.html?v=1,,https://www.collegedata.fyi/api,Dynamic admissions/cost fields are intentionally blank until current-cycle source import; do not infer or fabricate missing values.
101,university-of-alabama,University of Alabama,US,AL,Tuscaloosa,PUBLIC,National University,EVALIO_CURATED_200_PROMINENT_US_COLLEGES_NOT_OFFICIAL_RANKING,COMMON_APP,COMMON_APP,UNKNOWN,PENDING_CURRENT_VERIFICATION,UNKNOWN,UNKNOWN,UNKNOWN,PENDING_CURRENT_VERIFICATION,,,,,,,,,,,PENDING_CURRENT_SOURCE_IMPORT,2026-09-13,MEDIUM,https://www.collegedata.fyi/api/schools/search?q=University%20of%20Alabama,https://fairtest.org/wp-content/uploads/2026TOList/test-optional-list.html?v=1,,https://www.collegedata.fyi/api,Dynamic admissions/cost fields are intentionally blank until current-cycle source import; do not infer or fabricate missing values.
102,university-of-kentucky,University of Kentucky,US,KY,Lexington,PUBLIC,National University,EVALIO_CURATED_200_PROMINENT_US_COLLEGES_NOT_OFFICIAL_RANKING,COMMON_APP,COMMON_APP,UNKNOWN,PENDING_CURRENT_VERIFICATION,UNKNOWN,UNKNOWN,UNKNOWN,PENDING_CURRENT_VERIFICATION,,,,,,,,,,,PENDING_CURRENT_SOURCE_IMPORT,2026-09-13,MEDIUM,https://www.collegedata.fyi/api/schools/search?q=University%20of%20Kentucky,https://fairtest.org/wp-content/uploads/2026TOList/test-optional-list.html?v=1,,https://www.collegedata.fyi/api,Dynamic admissions/cost fields are intentionally blank until current-cycle source import; do not infer or fabricate missing values.
103,university-of-cincinnati,University of Cincinnati,US,OH,Cincinnati,PUBLIC,National University,EVALIO_CURATED_200_PROMINENT_US_COLLEGES_NOT_OFFICIAL_RANKING,COMMON_APP,COMMON_APP,UNKNOWN,PENDING_CURRENT_VERIFICATION,UNKNOWN,UNKNOWN,UNKNOWN,PENDING_CURRENT_VERIFICATION,,,,,,,,,,,PENDING_CURRENT_SOURCE_IMPORT,2026-09-13,MEDIUM,https://www.collegedata.fyi/api/schools/search?q=University%20of%20Cincinnati,https://fairtest.org/wp-content/uploads/2026TOList/test-optional-list.html?v=1,,https://www.collegedata.fyi/api,Dynamic admissions/cost fields are intentionally blank until current-cycle source import; do not infer or fabricate missing values.
104,university-of-houston,University of Houston,US,TX,Houston,PUBLIC,National University,EVALIO_CURATED_200_PROMINENT_US_COLLEGES_NOT_OFFICIAL_RANKING,COMMON_APP,COMMON_APP;APPLYTEXAS,UNKNOWN,PENDING_CURRENT_VERIFICATION,UNKNOWN,UNKNOWN,UNKNOWN,PENDING_CURRENT_VERIFICATION,,,,,,,,,,,PENDING_CURRENT_SOURCE_IMPORT,2026-09-13,MEDIUM,https://www.collegedata.fyi/api/schools/search?q=University%20of%20Houston,https://fairtest.org/wp-content/uploads/2026TOList/test-optional-list.html?v=1,,https://www.collegedata.fyi/api,Dynamic admissions/cost fields are intentionally blank until current-cycle source import; do not infer or fabricate missing values.
105,university-of-south-florida,University of South Florida,US,FL,Tampa,PUBLIC,National University,EVALIO_CURATED_200_PROMINENT_US_COLLEGES_NOT_OFFICIAL_RANKING,COMMON_APP,COMMON_APP,UNKNOWN,PENDING_CURRENT_VERIFICATION,UNKNOWN,UNKNOWN,UNKNOWN,PENDING_CURRENT_VERIFICATION,,,,,,,,,,,PENDING_CURRENT_SOURCE_IMPORT,2026-09-13,MEDIUM,https://www.collegedata.fyi/api/schools/search?q=University%20of%20South%20Florida,https://fairtest.org/wp-content/uploads/2026TOList/test-optional-list.html?v=1,,https://www.collegedata.fyi/api,Dynamic admissions/cost fields are intentionally blank until current-cycle source import; do not infer or fabricate missing values.
106,university-of-central-florida,University of Central Florida,US,FL,Orlando,PUBLIC,National University,EVALIO_CURATED_200_PROMINENT_US_COLLEGES_NOT_OFFICIAL_RANKING,COMMON_APP,COMMON_APP,UNKNOWN,PENDING_CURRENT_VERIFICATION,UNKNOWN,UNKNOWN,UNKNOWN,PENDING_CURRENT_VERIFICATION,,,,,,,,,,,PENDING_CURRENT_SOURCE_IMPORT,2026-09-13,MEDIUM,https://www.collegedata.fyi/api/schools/search?q=University%20of%20Central%20Florida,https://fairtest.org/wp-content/uploads/2026TOList/test-optional-list.html?v=1,,https://www.collegedata.fyi/api,Dynamic admissions/cost fields are intentionally blank until current-cycle source import; do not infer or fabricate missing values.
107,florida-international-university,Florida International University,US,FL,Miami,PUBLIC,National University,EVALIO_CURATED_200_PROMINENT_US_COLLEGES_NOT_OFFICIAL_RANKING,COMMON_APP,COMMON_APP,UNKNOWN,PENDING_CURRENT_VERIFICATION,UNKNOWN,UNKNOWN,UNKNOWN,PENDING_CURRENT_VERIFICATION,,,,,,,,,,,PENDING_CURRENT_SOURCE_IMPORT,2026-09-13,MEDIUM,https://www.collegedata.fyi/api/schools/search?q=Florida%20International%20University,https://fairtest.org/wp-content/uploads/2026TOList/test-optional-list.html?v=1,,https://www.collegedata.fyi/api,Dynamic admissions/cost fields are intentionally blank until current-cycle source import; do not infer or fabricate missing values.
108,florida-atlantic-university,Florida Atlantic University,US,FL,Boca Raton,PUBLIC,National University,EVALIO_CURATED_200_PROMINENT_US_COLLEGES_NOT_OFFICIAL_RANKING,COMMON_APP,COMMON_APP,UNKNOWN,PENDING_CURRENT_VERIFICATION,UNKNOWN,UNKNOWN,UNKNOWN,PENDING_CURRENT_VERIFICATION,,,,,,,,,,,PENDING_CURRENT_SOURCE_IMPORT,2026-09-13,MEDIUM,https://www.collegedata.fyi/api/schools/search?q=Florida%20Atlantic%20University,https://fairtest.org/wp-content/uploads/2026TOList/test-optional-list.html?v=1,,https://www.collegedata.fyi/api,Dynamic admissions/cost fields are intentionally blank until current-cycle source import; do not infer or fabricate missing values.
109,george-mason-university,George Mason University,US,VA,Fairfax,PUBLIC,National University,EVALIO_CURATED_200_PROMINENT_US_COLLEGES_NOT_OFFICIAL_RANKING,COMMON_APP,COMMON_APP,UNKNOWN,PENDING_CURRENT_VERIFICATION,UNKNOWN,UNKNOWN,UNKNOWN,PENDING_CURRENT_VERIFICATION,,,,,,,,,,,PENDING_CURRENT_SOURCE_IMPORT,2026-09-13,MEDIUM,https://www.collegedata.fyi/api/schools/search?q=George%20Mason%20University,https://fairtest.org/wp-content/uploads/2026TOList/test-optional-list.html?v=1,,https://www.collegedata.fyi/api,Dynamic admissions/cost fields are intentionally blank until current-cycle source import; do not infer or fabricate missing values.
110,virginia-commonwealth-university,Virginia Commonwealth University,US,VA,Richmond,PUBLIC,National University,EVALIO_CURATED_200_PROMINENT_US_COLLEGES_NOT_OFFICIAL_RANKING,COMMON_APP,COMMON_APP,UNKNOWN,PENDING_CURRENT_VERIFICATION,UNKNOWN,UNKNOWN,UNKNOWN,PENDING_CURRENT_VERIFICATION,,,,,,,,,,,PENDING_CURRENT_SOURCE_IMPORT,2026-09-13,MEDIUM,https://www.collegedata.fyi/api/schools/search?q=Virginia%20Commonwealth%20University,https://fairtest.org/wp-content/uploads/2026TOList/test-optional-list.html?v=1,,https://www.collegedata.fyi/api,Dynamic admissions/cost fields are intentionally blank until current-cycle source import; do not infer or fabricate missing values.
111,james-madison-university,James Madison University,US,VA,Harrisonburg,PUBLIC,National University,EVALIO_CURATED_200_PROMINENT_US_COLLEGES_NOT_OFFICIAL_RANKING,COMMON_APP,COMMON_APP,UNKNOWN,PENDING_CURRENT_VERIFICATION,UNKNOWN,UNKNOWN,UNKNOWN,PENDING_CURRENT_VERIFICATION,,,,,,,,,,,PENDING_CURRENT_SOURCE_IMPORT,2026-09-13,MEDIUM,https://www.collegedata.fyi/api/schools/search?q=James%20Madison%20University,https://fairtest.org/wp-content/uploads/2026TOList/test-optional-list.html?v=1,,https://www.collegedata.fyi/api,Dynamic admissions/cost fields are intentionally blank until current-cycle source import; do not infer or fabricate missing values.
112,university-of-north-carolina-at-charlotte,University of North Carolina at Charlotte,US,NC,Charlotte,PUBLIC,National University,EVALIO_CURATED_200_PROMINENT_US_COLLEGES_NOT_OFFICIAL_RANKING,COMMON_APP,COMMON_APP,UNKNOWN,PENDING_CURRENT_VERIFICATION,UNKNOWN,UNKNOWN,UNKNOWN,PENDING_CURRENT_VERIFICATION,,,,,,,,,,,PENDING_CURRENT_SOURCE_IMPORT,2026-09-13,MEDIUM,https://www.collegedata.fyi/api/schools/search?q=University%20of%20North%20Carolina%20at%20Charlotte,https://fairtest.org/wp-content/uploads/2026TOList/test-optional-list.html?v=1,,https://www.collegedata.fyi/api,Dynamic admissions/cost fields are intentionally blank until current-cycle source import; do not infer or fabricate missing values.
113,university-of-north-carolina-wilmington,University of North Carolina Wilmington,US,NC,Wilmington,PUBLIC,National University,EVALIO_CURATED_200_PROMINENT_US_COLLEGES_NOT_OFFICIAL_RANKING,COMMON_APP,COMMON_APP,UNKNOWN,PENDING_CURRENT_VERIFICATION,UNKNOWN,UNKNOWN,UNKNOWN,PENDING_CURRENT_VERIFICATION,,,,,,,,,,,PENDING_CURRENT_SOURCE_IMPORT,2026-09-13,MEDIUM,https://www.collegedata.fyi/api/schools/search?q=University%20of%20North%20Carolina%20Wilmington,https://fairtest.org/wp-content/uploads/2026TOList/test-optional-list.html?v=1,,https://www.collegedata.fyi/api,Dynamic admissions/cost fields are intentionally blank until current-cycle source import; do not infer or fabricate missing values.
114,san-diego-state-university,San Diego State University,US,CA,San Diego,PUBLIC,National University,EVALIO_CURATED_200_PROMINENT_US_COLLEGES_NOT_OFFICIAL_RANKING,CAL_STATE_APPLY,CAL_STATE_APPLY,BLIND,VERIFIED_SYSTEM_POLICY,UNKNOWN,UNKNOWN,UNKNOWN,PENDING_CURRENT_VERIFICATION,,,,,,,,,,,PENDING_CURRENT_SOURCE_IMPORT,2026-09-13,MEDIUM,https://www.collegedata.fyi/api/schools/search?q=San%20Diego%20State%20University,https://fairtest.org/wp-content/uploads/2026TOList/test-optional-list.html?v=1,,https://www.collegedata.fyi/api,Dynamic admissions/cost fields are intentionally blank until current-cycle source import; do not infer or fabricate missing values.
115,california-polytechnic-state-university-san-luis-obispo,"California Polytechnic State University, San Luis Obispo",US,CA,San Luis Obispo,PUBLIC,National University,EVALIO_CURATED_200_PROMINENT_US_COLLEGES_NOT_OFFICIAL_RANKING,CAL_STATE_APPLY,CAL_STATE_APPLY,BLIND,VERIFIED_SYSTEM_POLICY,UNKNOWN,UNKNOWN,UNKNOWN,PENDING_CURRENT_VERIFICATION,,,,,,,,,,,PENDING_CURRENT_SOURCE_IMPORT,2026-09-13,MEDIUM,https://www.collegedata.fyi/api/schools/search?q=California%20Polytechnic%20State%20University%2C%20San%20Luis%20Obispo,https://fairtest.org/wp-content/uploads/2026TOList/test-optional-list.html?v=1,,https://www.collegedata.fyi/api,Dynamic admissions/cost fields are intentionally blank until current-cycle source import; do not infer or fabricate missing values.
116,san-jose-state-university,San José State University,US,CA,San Jose,PUBLIC,National University,EVALIO_CURATED_200_PROMINENT_US_COLLEGES_NOT_OFFICIAL_RANKING,CAL_STATE_APPLY,CAL_STATE_APPLY,BLIND,VERIFIED_SYSTEM_POLICY,UNKNOWN,UNKNOWN,UNKNOWN,PENDING_CURRENT_VERIFICATION,,,,,,,,,,,PENDING_CURRENT_SOURCE_IMPORT,2026-09-13,MEDIUM,https://www.collegedata.fyi/api/schools/search?q=San%20Jos%C3%A9%20State%20University,https://fairtest.org/wp-content/uploads/2026TOList/test-optional-list.html?v=1,,https://www.collegedata.fyi/api,Dynamic admissions/cost fields are intentionally blank until current-cycle source import; do not infer or fabricate missing values.
117,california-state-university-long-beach,"California State University, Long Beach",US,CA,Long Beach,PUBLIC,National University,EVALIO_CURATED_200_PROMINENT_US_COLLEGES_NOT_OFFICIAL_RANKING,CAL_STATE_APPLY,CAL_STATE_APPLY,BLIND,VERIFIED_SYSTEM_POLICY,UNKNOWN,UNKNOWN,UNKNOWN,PENDING_CURRENT_VERIFICATION,,,,,,,,,,,PENDING_CURRENT_SOURCE_IMPORT,2026-09-13,MEDIUM,https://www.collegedata.fyi/api/schools/search?q=California%20State%20University%2C%20Long%20Beach,https://fairtest.org/wp-content/uploads/2026TOList/test-optional-list.html?v=1,,https://www.collegedata.fyi/api,Dynamic admissions/cost fields are intentionally blank until current-cycle source import; do not infer or fabricate missing values.
118,california-state-university-fullerton,"California State University, Fullerton",US,CA,Fullerton,PUBLIC,National University,EVALIO_CURATED_200_PROMINENT_US_COLLEGES_NOT_OFFICIAL_RANKING,CAL_STATE_APPLY,CAL_STATE_APPLY,BLIND,VERIFIED_SYSTEM_POLICY,UNKNOWN,UNKNOWN,UNKNOWN,PENDING_CURRENT_VERIFICATION,,,,,,,,,,,PENDING_CURRENT_SOURCE_IMPORT,2026-09-13,MEDIUM,https://www.collegedata.fyi/api/schools/search?q=California%20State%20University%2C%20Fullerton,https://fairtest.org/wp-content/uploads/2026TOList/test-optional-list.html?v=1,,https://www.collegedata.fyi/api,Dynamic admissions/cost fields are intentionally blank until current-cycle source import; do not infer or fabricate missing values.
119,university-of-california-merced,"University of California, Merced",US,CA,Merced,PUBLIC,National University,EVALIO_CURATED_200_PROMINENT_US_COLLEGES_NOT_OFFICIAL_RANKING,UC_APPLICATION,UC_APPLICATION,BLIND,VERIFIED_SYSTEM_POLICY,UNKNOWN,UNKNOWN,UNKNOWN,PENDING_CURRENT_VERIFICATION,,,,,,,,,,,PENDING_CURRENT_SOURCE_IMPORT,2026-09-13,MEDIUM,https://www.collegedata.fyi/api/schools/search?q=University%20of%20California%2C%20Merced,https://fairtest.org/wp-content/uploads/2026TOList/test-optional-list.html?v=1,,https://www.collegedata.fyi/api,Dynamic admissions/cost fields are intentionally blank until current-cycle source import; do not infer or fabricate missing values.
120,loyola-marymount-university,Loyola Marymount University,US,CA,Los Angeles,PRIVATE_NONPROFIT,National University,EVALIO_CURATED_200_PROMINENT_US_COLLEGES_NOT_OFFICIAL_RANKING,COMMON_APP,COMMON_APP,UNKNOWN,PENDING_CURRENT_VERIFICATION,UNKNOWN,UNKNOWN,UNKNOWN,PENDING_CURRENT_VERIFICATION,,,,,,,,,,,PENDING_CURRENT_SOURCE_IMPORT,2026-09-13,MEDIUM,https://www.collegedata.fyi/api/schools/search?q=Loyola%20Marymount%20University,https://fairtest.org/wp-content/uploads/2026TOList/test-optional-list.html?v=1,,https://www.collegedata.fyi/api,Dynamic admissions/cost fields are intentionally blank until current-cycle source import; do not infer or fabricate missing values.
121,university-of-san-francisco,University of San Francisco,US,CA,San Francisco,PRIVATE_NONPROFIT,National University,EVALIO_CURATED_200_PROMINENT_US_COLLEGES_NOT_OFFICIAL_RANKING,COMMON_APP,COMMON_APP,UNKNOWN,PENDING_CURRENT_VERIFICATION,UNKNOWN,UNKNOWN,UNKNOWN,PENDING_CURRENT_VERIFICATION,,,,,,,,,,,PENDING_CURRENT_SOURCE_IMPORT,2026-09-13,MEDIUM,https://www.collegedata.fyi/api/schools/search?q=University%20of%20San%20Francisco,https://fairtest.org/wp-content/uploads/2026TOList/test-optional-list.html?v=1,,https://www.collegedata.fyi/api,Dynamic admissions/cost fields are intentionally blank until current-cycle source import; do not infer or fabricate missing values.
122,chapman-university,Chapman University,US,CA,Orange,PRIVATE_NONPROFIT,National University,EVALIO_CURATED_200_PROMINENT_US_COLLEGES_NOT_OFFICIAL_RANKING,COMMON_APP,COMMON_APP,UNKNOWN,PENDING_CURRENT_VERIFICATION,UNKNOWN,UNKNOWN,UNKNOWN,PENDING_CURRENT_VERIFICATION,,,,,,,,,,,PENDING_CURRENT_SOURCE_IMPORT,2026-09-13,MEDIUM,https://www.collegedata.fyi/api/schools/search?q=Chapman%20University,https://fairtest.org/wp-content/uploads/2026TOList/test-optional-list.html?v=1,,https://www.collegedata.fyi/api,Dynamic admissions/cost fields are intentionally blank until current-cycle source import; do not infer or fabricate missing values.
123,university-of-denver,University of Denver,US,CO,Denver,PRIVATE_NONPROFIT,National University,EVALIO_CURATED_200_PROMINENT_US_COLLEGES_NOT_OFFICIAL_RANKING,COMMON_APP,COMMON_APP,UNKNOWN,PENDING_CURRENT_VERIFICATION,UNKNOWN,UNKNOWN,UNKNOWN,PENDING_CURRENT_VERIFICATION,,,,,,,,,,,PENDING_CURRENT_SOURCE_IMPORT,2026-09-13,MEDIUM,https://www.collegedata.fyi/api/schools/search?q=University%20of%20Denver,https://fairtest.org/wp-content/uploads/2026TOList/test-optional-list.html?v=1,,https://www.collegedata.fyi/api,Dynamic admissions/cost fields are intentionally blank until current-cycle source import; do not infer or fabricate missing values.
124,gonzaga-university,Gonzaga University,US,WA,Spokane,PRIVATE_NONPROFIT,National University,EVALIO_CURATED_200_PROMINENT_US_COLLEGES_NOT_OFFICIAL_RANKING,COMMON_APP,COMMON_APP,UNKNOWN,PENDING_CURRENT_VERIFICATION,UNKNOWN,UNKNOWN,UNKNOWN,PENDING_CURRENT_VERIFICATION,,,,,,,,,,,PENDING_CURRENT_SOURCE_IMPORT,2026-09-13,MEDIUM,https://www.collegedata.fyi/api/schools/search?q=Gonzaga%20University,https://fairtest.org/wp-content/uploads/2026TOList/test-optional-list.html?v=1,,https://www.collegedata.fyi/api,Dynamic admissions/cost fields are intentionally blank until current-cycle source import; do not infer or fabricate missing values.
125,seattle-university,Seattle University,US,WA,Seattle,PRIVATE_NONPROFIT,National University,EVALIO_CURATED_200_PROMINENT_US_COLLEGES_NOT_OFFICIAL_RANKING,COMMON_APP,COMMON_APP,UNKNOWN,PENDING_CURRENT_VERIFICATION,UNKNOWN,UNKNOWN,UNKNOWN,PENDING_CURRENT_VERIFICATION,,,,,,,,,,,PENDING_CURRENT_SOURCE_IMPORT,2026-09-13,MEDIUM,https://www.collegedata.fyi/api/schools/search?q=Seattle%20University,https://fairtest.org/wp-content/uploads/2026TOList/test-optional-list.html?v=1,,https://www.collegedata.fyi/api,Dynamic admissions/cost fields are intentionally blank until current-cycle source import; do not infer or fabricate missing values.
126,university-of-portland,University of Portland,US,OR,Portland,PRIVATE_NONPROFIT,National University,EVALIO_CURATED_200_PROMINENT_US_COLLEGES_NOT_OFFICIAL_RANKING,COMMON_APP,COMMON_APP,UNKNOWN,PENDING_CURRENT_VERIFICATION,UNKNOWN,UNKNOWN,UNKNOWN,PENDING_CURRENT_VERIFICATION,,,,,,,,,,,PENDING_CURRENT_SOURCE_IMPORT,2026-09-13,MEDIUM,https://www.collegedata.fyi/api/schools/search?q=University%20of%20Portland,https://fairtest.org/wp-content/uploads/2026TOList/test-optional-list.html?v=1,,https://www.collegedata.fyi/api,Dynamic admissions/cost fields are intentionally blank until current-cycle source import; do not infer or fabricate missing values.
127,williams-college,Williams College,US,MA,Williamstown,PRIVATE_NONPROFIT,Liberal Arts College,EVALIO_CURATED_200_PROMINENT_US_COLLEGES_NOT_OFFICIAL_RANKING,COMMON_APP,COMMON_APP,OPTIONAL,VERIFIED_CURRENT_FAIRTEST,UNKNOWN,UNKNOWN,UNKNOWN,PENDING_CURRENT_VERIFICATION,,,,,,,,,,,PENDING_CURRENT_SOURCE_IMPORT,2026-09-13,MEDIUM,https://www.collegedata.fyi/api/schools/search?q=Williams%20College,https://fairtest.org/wp-content/uploads/2026TOList/test-optional-list.html?v=1,,https://www.collegedata.fyi/api,Dynamic admissions/cost fields are intentionally blank until current-cycle source import; do not infer or fabricate missing values.
128,amherst-college,Amherst College,US,MA,Amherst,PRIVATE_NONPROFIT,Liberal Arts College,EVALIO_CURATED_200_PROMINENT_US_COLLEGES_NOT_OFFICIAL_RANKING,COMMON_APP,COMMON_APP,OPTIONAL,VERIFIED_CURRENT_FAIRTEST,NEED_BLIND,YES,YES,VERIFIED_CURRENT_OFFICIAL,,,,,,,,,,,PENDING_CURRENT_SOURCE_IMPORT,2026-09-13,MEDIUM,https://www.collegedata.fyi/api/schools/search?q=Amherst%20College,https://fairtest.org/wp-content/uploads/2026TOList/test-optional-list.html?v=1,https://www.amherst.edu/admission/financial_aid/international,https://www.collegedata.fyi/api,Dynamic admissions/cost fields are intentionally blank until current-cycle source import; do not infer or fabricate missing values.
129,swarthmore-college,Swarthmore College,US,PA,Swarthmore,PRIVATE_NONPROFIT,Liberal Arts College,EVALIO_CURATED_200_PROMINENT_US_COLLEGES_NOT_OFFICIAL_RANKING,COMMON_APP,COMMON_APP,UNKNOWN,PENDING_CURRENT_VERIFICATION,UNKNOWN,UNKNOWN,UNKNOWN,PENDING_CURRENT_VERIFICATION,,,,,,,,,,,PENDING_CURRENT_SOURCE_IMPORT,2026-09-13,MEDIUM,https://www.collegedata.fyi/api/schools/search?q=Swarthmore%20College,https://fairtest.org/wp-content/uploads/2026TOList/test-optional-list.html?v=1,,https://www.collegedata.fyi/api,Dynamic admissions/cost fields are intentionally blank until current-cycle source import; do not infer or fabricate missing values.
130,pomona-college,Pomona College,US,CA,Claremont,PRIVATE_NONPROFIT,Liberal Arts College,EVALIO_CURATED_200_PROMINENT_US_COLLEGES_NOT_OFFICIAL_RANKING,COMMON_APP,COMMON_APP,UNKNOWN,PENDING_CURRENT_VERIFICATION,UNKNOWN,UNKNOWN,UNKNOWN,PENDING_CURRENT_VERIFICATION,,,,,,,,,,,PENDING_CURRENT_SOURCE_IMPORT,2026-09-13,MEDIUM,https://www.collegedata.fyi/api/schools/search?q=Pomona%20College,https://fairtest.org/wp-content/uploads/2026TOList/test-optional-list.html?v=1,,https://www.collegedata.fyi/api,Dynamic admissions/cost fields are intentionally blank until current-cycle source import; do not infer or fabricate missing values.
131,wellesley-college,Wellesley College,US,MA,Wellesley,PRIVATE_NONPROFIT,Liberal Arts College,EVALIO_CURATED_200_PROMINENT_US_COLLEGES_NOT_OFFICIAL_RANKING,COMMON_APP,COMMON_APP,UNKNOWN,PENDING_CURRENT_VERIFICATION,UNKNOWN,UNKNOWN,UNKNOWN,PENDING_CURRENT_VERIFICATION,,,,,,,,,,,PENDING_CURRENT_SOURCE_IMPORT,2026-09-13,MEDIUM,https://www.collegedata.fyi/api/schools/search?q=Wellesley%20College,https://fairtest.org/wp-content/uploads/2026TOList/test-optional-list.html?v=1,,https://www.collegedata.fyi/api,Dynamic admissions/cost fields are intentionally blank until current-cycle source import; do not infer or fabricate missing values.
132,bowdoin-college,Bowdoin College,US,ME,Brunswick,PRIVATE_NONPROFIT,Liberal Arts College,EVALIO_CURATED_200_PROMINENT_US_COLLEGES_NOT_OFFICIAL_RANKING,COMMON_APP,COMMON_APP,UNKNOWN,PENDING_CURRENT_VERIFICATION,NEED_BLIND,YES,YES,VERIFIED_CURRENT_OFFICIAL,,,,,,,,,,,PENDING_CURRENT_SOURCE_IMPORT,2026-09-13,MEDIUM,https://www.collegedata.fyi/api/schools/search?q=Bowdoin%20College,https://fairtest.org/wp-content/uploads/2026TOList/test-optional-list.html?v=1,https://www.bowdoin.edu/admissions/apply/international-students/,https://www.collegedata.fyi/api,Dynamic admissions/cost fields are intentionally blank until current-cycle source import; do not infer or fabricate missing values.
133,claremont-mckenna-college,Claremont McKenna College,US,CA,Claremont,PRIVATE_NONPROFIT,Liberal Arts College,EVALIO_CURATED_200_PROMINENT_US_COLLEGES_NOT_OFFICIAL_RANKING,COMMON_APP,COMMON_APP,UNKNOWN,PENDING_CURRENT_VERIFICATION,UNKNOWN,UNKNOWN,UNKNOWN,PENDING_CURRENT_VERIFICATION,,,,,,,,,,,PENDING_CURRENT_SOURCE_IMPORT,2026-09-13,MEDIUM,https://www.collegedata.fyi/api/schools/search?q=Claremont%20McKenna%20College,https://fairtest.org/wp-content/uploads/2026TOList/test-optional-list.html?v=1,,https://www.collegedata.fyi/api,Dynamic admissions/cost fields are intentionally blank until current-cycle source import; do not infer or fabricate missing values.
134,carleton-college,Carleton College,US,MN,Northfield,PRIVATE_NONPROFIT,Liberal Arts College,EVALIO_CURATED_200_PROMINENT_US_COLLEGES_NOT_OFFICIAL_RANKING,COMMON_APP,COMMON_APP,UNKNOWN,PENDING_CURRENT_VERIFICATION,UNKNOWN,UNKNOWN,UNKNOWN,PENDING_CURRENT_VERIFICATION,,,,,,,,,,,PENDING_CURRENT_SOURCE_IMPORT,2026-09-13,MEDIUM,https://www.collegedata.fyi/api/schools/search?q=Carleton%20College,https://fairtest.org/wp-content/uploads/2026TOList/test-optional-list.html?v=1,,https://www.collegedata.fyi/api,Dynamic admissions/cost fields are intentionally blank until current-cycle source import; do not infer or fabricate missing values.
135,middlebury-college,Middlebury College,US,VT,Middlebury,PRIVATE_NONPROFIT,Liberal Arts College,EVALIO_CURATED_200_PROMINENT_US_COLLEGES_NOT_OFFICIAL_RANKING,COMMON_APP,COMMON_APP,UNKNOWN,PENDING_CURRENT_VERIFICATION,UNKNOWN,UNKNOWN,UNKNOWN,PENDING_CURRENT_VERIFICATION,,,,,,,,,,,PENDING_CURRENT_SOURCE_IMPORT,2026-09-13,MEDIUM,https://www.collegedata.fyi/api/schools/search?q=Middlebury%20College,https://fairtest.org/wp-content/uploads/2026TOList/test-optional-list.html?v=1,,https://www.collegedata.fyi/api,Dynamic admissions/cost fields are intentionally blank until current-cycle source import; do not infer or fabricate missing values.
136,barnard-college,Barnard College,US,NY,New York,PRIVATE_NONPROFIT,Liberal Arts College,EVALIO_CURATED_200_PROMINENT_US_COLLEGES_NOT_OFFICIAL_RANKING,COMMON_APP,COMMON_APP,UNKNOWN,PENDING_CURRENT_VERIFICATION,UNKNOWN,UNKNOWN,UNKNOWN,PENDING_CURRENT_VERIFICATION,,,,,,,,,,,PENDING_CURRENT_SOURCE_IMPORT,2026-09-13,MEDIUM,https://www.collegedata.fyi/api/schools/search?q=Barnard%20College,https://fairtest.org/wp-content/uploads/2026TOList/test-optional-list.html?v=1,,https://www.collegedata.fyi/api,Dynamic admissions/cost fields are intentionally blank until current-cycle source import; do not infer or fabricate missing values.
137,harvey-mudd-college,Harvey Mudd College,US,CA,Claremont,PRIVATE_NONPROFIT,Liberal Arts College,EVALIO_CURATED_200_PROMINENT_US_COLLEGES_NOT_OFFICIAL_RANKING,COMMON_APP,COMMON_APP,UNKNOWN,PENDING_CURRENT_VERIFICATION,UNKNOWN,UNKNOWN,UNKNOWN,PENDING_CURRENT_VERIFICATION,,,,,,,,,,,PENDING_CURRENT_SOURCE_IMPORT,2026-09-13,MEDIUM,https://www.collegedata.fyi/api/schools/search?q=Harvey%20Mudd%20College,https://fairtest.org/wp-content/uploads/2026TOList/test-optional-list.html?v=1,,https://www.collegedata.fyi/api,Dynamic admissions/cost fields are intentionally blank until current-cycle source import; do not infer or fabricate missing values.
138,wesleyan-university,Wesleyan University,US,CT,Middletown,PRIVATE_NONPROFIT,Liberal Arts College,EVALIO_CURATED_200_PROMINENT_US_COLLEGES_NOT_OFFICIAL_RANKING,COMMON_APP,COMMON_APP,UNKNOWN,PENDING_CURRENT_VERIFICATION,UNKNOWN,UNKNOWN,UNKNOWN,PENDING_CURRENT_VERIFICATION,,,,,,,,,,,PENDING_CURRENT_SOURCE_IMPORT,2026-09-13,MEDIUM,https://www.collegedata.fyi/api/schools/search?q=Wesleyan%20University,https://fairtest.org/wp-content/uploads/2026TOList/test-optional-list.html?v=1,,https://www.collegedata.fyi/api,Dynamic admissions/cost fields are intentionally blank until current-cycle source import; do not infer or fabricate missing values.
139,grinnell-college,Grinnell College,US,IA,Grinnell,PRIVATE_NONPROFIT,Liberal Arts College,EVALIO_CURATED_200_PROMINENT_US_COLLEGES_NOT_OFFICIAL_RANKING,COMMON_APP,COMMON_APP,UNKNOWN,PENDING_CURRENT_VERIFICATION,UNKNOWN,UNKNOWN,UNKNOWN,PENDING_CURRENT_VERIFICATION,,,,,,,,,,,PENDING_CURRENT_SOURCE_IMPORT,2026-09-13,MEDIUM,https://www.collegedata.fyi/api/schools/search?q=Grinnell%20College,https://fairtest.org/wp-content/uploads/2026TOList/test-optional-list.html?v=1,,https://www.collegedata.fyi/api,Dynamic admissions/cost fields are intentionally blank until current-cycle source import; do not infer or fabricate missing values.
140,hamilton-college,Hamilton College,US,NY,Clinton,PRIVATE_NONPROFIT,Liberal Arts College,EVALIO_CURATED_200_PROMINENT_US_COLLEGES_NOT_OFFICIAL_RANKING,COMMON_APP,COMMON_APP,UNKNOWN,PENDING_CURRENT_VERIFICATION,UNKNOWN,UNKNOWN,UNKNOWN,PENDING_CURRENT_VERIFICATION,,,,,,,,,,,PENDING_CURRENT_SOURCE_IMPORT,2026-09-13,MEDIUM,https://www.collegedata.fyi/api/schools/search?q=Hamilton%20College,https://fairtest.org/wp-content/uploads/2026TOList/test-optional-list.html?v=1,,https://www.collegedata.fyi/api,Dynamic admissions/cost fields are intentionally blank until current-cycle source import; do not infer or fabricate missing values.
141,haverford-college,Haverford College,US,PA,Haverford,PRIVATE_NONPROFIT,Liberal Arts College,EVALIO_CURATED_200_PROMINENT_US_COLLEGES_NOT_OFFICIAL_RANKING,COMMON_APP,COMMON_APP,UNKNOWN,PENDING_CURRENT_VERIFICATION,UNKNOWN,UNKNOWN,UNKNOWN,PENDING_CURRENT_VERIFICATION,,,,,,,,,,,PENDING_CURRENT_SOURCE_IMPORT,2026-09-13,MEDIUM,https://www.collegedata.fyi/api/schools/search?q=Haverford%20College,https://fairtest.org/wp-content/uploads/2026TOList/test-optional-list.html?v=1,,https://www.collegedata.fyi/api,Dynamic admissions/cost fields are intentionally blank until current-cycle source import; do not infer or fabricate missing values.
142,smith-college,Smith College,US,MA,Northampton,PRIVATE_NONPROFIT,Liberal Arts College,EVALIO_CURATED_200_PROMINENT_US_COLLEGES_NOT_OFFICIAL_RANKING,COMMON_APP,COMMON_APP,UNKNOWN,PENDING_CURRENT_VERIFICATION,UNKNOWN,UNKNOWN,UNKNOWN,PENDING_CURRENT_VERIFICATION,,,,,,,,,,,PENDING_CURRENT_SOURCE_IMPORT,2026-09-13,MEDIUM,https://www.collegedata.fyi/api/schools/search?q=Smith%20College,https://fairtest.org/wp-content/uploads/2026TOList/test-optional-list.html?v=1,,https://www.collegedata.fyi/api,Dynamic admissions/cost fields are intentionally blank until current-cycle source import; do not infer or fabricate missing values.
143,vassar-college,Vassar College,US,NY,Poughkeepsie,PRIVATE_NONPROFIT,Liberal Arts College,EVALIO_CURATED_200_PROMINENT_US_COLLEGES_NOT_OFFICIAL_RANKING,COMMON_APP,COMMON_APP,UNKNOWN,PENDING_CURRENT_VERIFICATION,UNKNOWN,UNKNOWN,UNKNOWN,PENDING_CURRENT_VERIFICATION,,,,,,,,,,,PENDING_CURRENT_SOURCE_IMPORT,2026-09-13,MEDIUM,https://www.collegedata.fyi/api/schools/search?q=Vassar%20College,https://fairtest.org/wp-content/uploads/2026TOList/test-optional-list.html?v=1,,https://www.collegedata.fyi/api,Dynamic admissions/cost fields are intentionally blank until current-cycle source import; do not infer or fabricate missing values.
144,colgate-university,Colgate University,US,NY,Hamilton,PRIVATE_NONPROFIT,Liberal Arts College,EVALIO_CURATED_200_PROMINENT_US_COLLEGES_NOT_OFFICIAL_RANKING,COMMON_APP,COMMON_APP,UNKNOWN,PENDING_CURRENT_VERIFICATION,UNKNOWN,UNKNOWN,UNKNOWN,PENDING_CURRENT_VERIFICATION,,,,,,,,,,,PENDING_CURRENT_SOURCE_IMPORT,2026-09-13,MEDIUM,https://www.collegedata.fyi/api/schools/search?q=Colgate%20University,https://fairtest.org/wp-content/uploads/2026TOList/test-optional-list.html?v=1,,https://www.collegedata.fyi/api,Dynamic admissions/cost fields are intentionally blank until current-cycle source import; do not infer or fabricate missing values.
145,davidson-college,Davidson College,US,NC,Davidson,PRIVATE_NONPROFIT,Liberal Arts College,EVALIO_CURATED_200_PROMINENT_US_COLLEGES_NOT_OFFICIAL_RANKING,COMMON_APP,COMMON_APP,UNKNOWN,PENDING_CURRENT_VERIFICATION,UNKNOWN,UNKNOWN,UNKNOWN,PENDING_CURRENT_VERIFICATION,,,,,,,,,,,PENDING_CURRENT_SOURCE_IMPORT,2026-09-13,MEDIUM,https://www.collegedata.fyi/api/schools/search?q=Davidson%20College,https://fairtest.org/wp-content/uploads/2026TOList/test-optional-list.html?v=1,,https://www.collegedata.fyi/api,Dynamic admissions/cost fields are intentionally blank until current-cycle source import; do not infer or fabricate missing values.
146,washington-and-lee-university,Washington and Lee University,US,VA,Lexington,PRIVATE_NONPROFIT,Liberal Arts College,EVALIO_CURATED_200_PROMINENT_US_COLLEGES_NOT_OFFICIAL_RANKING,COMMON_APP,COMMON_APP,UNKNOWN,PENDING_CURRENT_VERIFICATION,UNKNOWN,UNKNOWN,UNKNOWN,PENDING_CURRENT_VERIFICATION,,,,,,,,,,,PENDING_CURRENT_SOURCE_IMPORT,2026-09-13,MEDIUM,https://www.collegedata.fyi/api/schools/search?q=Washington%20and%20Lee%20University,https://fairtest.org/wp-content/uploads/2026TOList/test-optional-list.html?v=1,,https://www.collegedata.fyi/api,Dynamic admissions/cost fields are intentionally blank until current-cycle source import; do not infer or fabricate missing values.
147,colby-college,Colby College,US,ME,Waterville,PRIVATE_NONPROFIT,Liberal Arts College,EVALIO_CURATED_200_PROMINENT_US_COLLEGES_NOT_OFFICIAL_RANKING,COMMON_APP,COMMON_APP,UNKNOWN,PENDING_CURRENT_VERIFICATION,UNKNOWN,UNKNOWN,UNKNOWN,PENDING_CURRENT_VERIFICATION,,,,,,,,,,,PENDING_CURRENT_SOURCE_IMPORT,2026-09-13,MEDIUM,https://www.collegedata.fyi/api/schools/search?q=Colby%20College,https://fairtest.org/wp-content/uploads/2026TOList/test-optional-list.html?v=1,,https://www.collegedata.fyi/api,Dynamic admissions/cost fields are intentionally blank until current-cycle source import; do not infer or fabricate missing values.
148,bates-college,Bates College,US,ME,Lewiston,PRIVATE_NONPROFIT,Liberal Arts College,EVALIO_CURATED_200_PROMINENT_US_COLLEGES_NOT_OFFICIAL_RANKING,COMMON_APP,COMMON_APP,UNKNOWN,PENDING_CURRENT_VERIFICATION,UNKNOWN,UNKNOWN,UNKNOWN,PENDING_CURRENT_VERIFICATION,,,,,,,,,,,PENDING_CURRENT_SOURCE_IMPORT,2026-09-13,MEDIUM,https://www.collegedata.fyi/api/schools/search?q=Bates%20College,https://fairtest.org/wp-content/uploads/2026TOList/test-optional-list.html?v=1,,https://www.collegedata.fyi/api,Dynamic admissions/cost fields are intentionally blank until current-cycle source import; do not infer or fabricate missing values.
149,macalester-college,Macalester College,US,MN,Saint Paul,PRIVATE_NONPROFIT,Liberal Arts College,EVALIO_CURATED_200_PROMINENT_US_COLLEGES_NOT_OFFICIAL_RANKING,COMMON_APP,COMMON_APP,UNKNOWN,PENDING_CURRENT_VERIFICATION,UNKNOWN,UNKNOWN,UNKNOWN,PENDING_CURRENT_VERIFICATION,,,,,,,,,,,PENDING_CURRENT_SOURCE_IMPORT,2026-09-13,MEDIUM,https://www.collegedata.fyi/api/schools/search?q=Macalester%20College,https://fairtest.org/wp-content/uploads/2026TOList/test-optional-list.html?v=1,,https://www.collegedata.fyi/api,Dynamic admissions/cost fields are intentionally blank until current-cycle source import; do not infer or fabricate missing values.
150,scripps-college,Scripps College,US,CA,Claremont,PRIVATE_NONPROFIT,Liberal Arts College,EVALIO_CURATED_200_PROMINENT_US_COLLEGES_NOT_OFFICIAL_RANKING,COMMON_APP,COMMON_APP,UNKNOWN,PENDING_CURRENT_VERIFICATION,UNKNOWN,UNKNOWN,UNKNOWN,PENDING_CURRENT_VERIFICATION,,,,,,,,,,,PENDING_CURRENT_SOURCE_IMPORT,2026-09-13,MEDIUM,https://www.collegedata.fyi/api/schools/search?q=Scripps%20College,https://fairtest.org/wp-content/uploads/2026TOList/test-optional-list.html?v=1,,https://www.collegedata.fyi/api,Dynamic admissions/cost fields are intentionally blank until current-cycle source import; do not infer or fabricate missing values.
151,bryn-mawr-college,Bryn Mawr College,US,PA,Bryn Mawr,PRIVATE_NONPROFIT,Liberal Arts College,EVALIO_CURATED_200_PROMINENT_US_COLLEGES_NOT_OFFICIAL_RANKING,COMMON_APP,COMMON_APP,UNKNOWN,PENDING_CURRENT_VERIFICATION,UNKNOWN,UNKNOWN,UNKNOWN,PENDING_CURRENT_VERIFICATION,,,,,,,,,,,PENDING_CURRENT_SOURCE_IMPORT,2026-09-13,MEDIUM,https://www.collegedata.fyi/api/schools/search?q=Bryn%20Mawr%20College,https://fairtest.org/wp-content/uploads/2026TOList/test-optional-list.html?v=1,,https://www.collegedata.fyi/api,Dynamic admissions/cost fields are intentionally blank until current-cycle source import; do not infer or fabricate missing values.
152,bucknell-university,Bucknell University,US,PA,Lewisburg,PRIVATE_NONPROFIT,Liberal Arts College,EVALIO_CURATED_200_PROMINENT_US_COLLEGES_NOT_OFFICIAL_RANKING,COMMON_APP,COMMON_APP,UNKNOWN,PENDING_CURRENT_VERIFICATION,UNKNOWN,UNKNOWN,UNKNOWN,PENDING_CURRENT_VERIFICATION,,,,,,,,,,,PENDING_CURRENT_SOURCE_IMPORT,2026-09-13,MEDIUM,https://www.collegedata.fyi/api/schools/search?q=Bucknell%20University,https://fairtest.org/wp-content/uploads/2026TOList/test-optional-list.html?v=1,,https://www.collegedata.fyi/api,Dynamic admissions/cost fields are intentionally blank until current-cycle source import; do not infer or fabricate missing values.
153,lafayette-college,Lafayette College,US,PA,Easton,PRIVATE_NONPROFIT,Liberal Arts College,EVALIO_CURATED_200_PROMINENT_US_COLLEGES_NOT_OFFICIAL_RANKING,COMMON_APP,COMMON_APP,UNKNOWN,PENDING_CURRENT_VERIFICATION,UNKNOWN,UNKNOWN,UNKNOWN,PENDING_CURRENT_VERIFICATION,,,,,,,,,,,PENDING_CURRENT_SOURCE_IMPORT,2026-09-13,MEDIUM,https://www.collegedata.fyi/api/schools/search?q=Lafayette%20College,https://fairtest.org/wp-content/uploads/2026TOList/test-optional-list.html?v=1,,https://www.collegedata.fyi/api,Dynamic admissions/cost fields are intentionally blank until current-cycle source import; do not infer or fabricate missing values.
154,college-of-the-holy-cross,College of the Holy Cross,US,MA,Worcester,PRIVATE_NONPROFIT,Liberal Arts College,EVALIO_CURATED_200_PROMINENT_US_COLLEGES_NOT_OFFICIAL_RANKING,COMMON_APP,COMMON_APP,UNKNOWN,PENDING_CURRENT_VERIFICATION,UNKNOWN,UNKNOWN,UNKNOWN,PENDING_CURRENT_VERIFICATION,,,,,,,,,,,PENDING_CURRENT_SOURCE_IMPORT,2026-09-13,MEDIUM,https://www.collegedata.fyi/api/schools/search?q=College%20of%20the%20Holy%20Cross,https://fairtest.org/wp-content/uploads/2026TOList/test-optional-list.html?v=1,,https://www.collegedata.fyi/api,Dynamic admissions/cost fields are intentionally blank until current-cycle source import; do not infer or fabricate missing values.
155,university-of-richmond,University of Richmond,US,VA,Richmond,PRIVATE_NONPROFIT,Liberal Arts College,EVALIO_CURATED_200_PROMINENT_US_COLLEGES_NOT_OFFICIAL_RANKING,COMMON_APP,COMMON_APP,UNKNOWN,PENDING_CURRENT_VERIFICATION,UNKNOWN,UNKNOWN,UNKNOWN,PENDING_CURRENT_VERIFICATION,,,,,,,,,,,PENDING_CURRENT_SOURCE_IMPORT,2026-09-13,MEDIUM,https://www.collegedata.fyi/api/schools/search?q=University%20of%20Richmond,https://fairtest.org/wp-content/uploads/2026TOList/test-optional-list.html?v=1,,https://www.collegedata.fyi/api,Dynamic admissions/cost fields are intentionally blank until current-cycle source import; do not infer or fabricate missing values.
156,denison-university,Denison University,US,OH,Granville,PRIVATE_NONPROFIT,Liberal Arts College,EVALIO_CURATED_200_PROMINENT_US_COLLEGES_NOT_OFFICIAL_RANKING,COMMON_APP,COMMON_APP,UNKNOWN,PENDING_CURRENT_VERIFICATION,UNKNOWN,UNKNOWN,UNKNOWN,PENDING_CURRENT_VERIFICATION,,,,,,,,,,,PENDING_CURRENT_SOURCE_IMPORT,2026-09-13,MEDIUM,https://www.collegedata.fyi/api/schools/search?q=Denison%20University,https://fairtest.org/wp-content/uploads/2026TOList/test-optional-list.html?v=1,,https://www.collegedata.fyi/api,Dynamic admissions/cost fields are intentionally blank until current-cycle source import; do not infer or fabricate missing values.
157,kenyon-college,Kenyon College,US,OH,Gambier,PRIVATE_NONPROFIT,Liberal Arts College,EVALIO_CURATED_200_PROMINENT_US_COLLEGES_NOT_OFFICIAL_RANKING,COMMON_APP,COMMON_APP,UNKNOWN,PENDING_CURRENT_VERIFICATION,UNKNOWN,UNKNOWN,UNKNOWN,PENDING_CURRENT_VERIFICATION,,,,,,,,,,,PENDING_CURRENT_SOURCE_IMPORT,2026-09-13,MEDIUM,https://www.collegedata.fyi/api/schools/search?q=Kenyon%20College,https://fairtest.org/wp-content/uploads/2026TOList/test-optional-list.html?v=1,,https://www.collegedata.fyi/api,Dynamic admissions/cost fields are intentionally blank until current-cycle source import; do not infer or fabricate missing values.
158,occidental-college,Occidental College,US,CA,Los Angeles,PRIVATE_NONPROFIT,Liberal Arts College,EVALIO_CURATED_200_PROMINENT_US_COLLEGES_NOT_OFFICIAL_RANKING,COMMON_APP,COMMON_APP,UNKNOWN,PENDING_CURRENT_VERIFICATION,UNKNOWN,UNKNOWN,UNKNOWN,PENDING_CURRENT_VERIFICATION,,,,,,,,,,,PENDING_CURRENT_SOURCE_IMPORT,2026-09-13,MEDIUM,https://www.collegedata.fyi/api/schools/search?q=Occidental%20College,https://fairtest.org/wp-content/uploads/2026TOList/test-optional-list.html?v=1,,https://www.collegedata.fyi/api,Dynamic admissions/cost fields are intentionally blank until current-cycle source import; do not infer or fabricate missing values.
159,skidmore-college,Skidmore College,US,NY,Saratoga Springs,PRIVATE_NONPROFIT,Liberal Arts College,EVALIO_CURATED_200_PROMINENT_US_COLLEGES_NOT_OFFICIAL_RANKING,COMMON_APP,COMMON_APP,UNKNOWN,PENDING_CURRENT_VERIFICATION,UNKNOWN,UNKNOWN,UNKNOWN,PENDING_CURRENT_VERIFICATION,,,,,,,,,,,PENDING_CURRENT_SOURCE_IMPORT,2026-09-13,MEDIUM,https://www.collegedata.fyi/api/schools/search?q=Skidmore%20College,https://fairtest.org/wp-content/uploads/2026TOList/test-optional-list.html?v=1,,https://www.collegedata.fyi/api,Dynamic admissions/cost fields are intentionally blank until current-cycle source import; do not infer or fabricate missing values.
160,trinity-college,Trinity College,US,CT,Hartford,PRIVATE_NONPROFIT,Liberal Arts College,EVALIO_CURATED_200_PROMINENT_US_COLLEGES_NOT_OFFICIAL_RANKING,COMMON_APP,COMMON_APP,UNKNOWN,PENDING_CURRENT_VERIFICATION,UNKNOWN,UNKNOWN,UNKNOWN,PENDING_CURRENT_VERIFICATION,,,,,,,,,,,PENDING_CURRENT_SOURCE_IMPORT,2026-09-13,MEDIUM,https://www.collegedata.fyi/api/schools/search?q=Trinity%20College,https://fairtest.org/wp-content/uploads/2026TOList/test-optional-list.html?v=1,,https://www.collegedata.fyi/api,Dynamic admissions/cost fields are intentionally blank until current-cycle source import; do not infer or fabricate missing values.
161,connecticut-college,Connecticut College,US,CT,New London,PRIVATE_NONPROFIT,Liberal Arts College,EVALIO_CURATED_200_PROMINENT_US_COLLEGES_NOT_OFFICIAL_RANKING,COMMON_APP,COMMON_APP,UNKNOWN,PENDING_CURRENT_VERIFICATION,UNKNOWN,UNKNOWN,UNKNOWN,PENDING_CURRENT_VERIFICATION,,,,,,,,,,,PENDING_CURRENT_SOURCE_IMPORT,2026-09-13,MEDIUM,https://www.collegedata.fyi/api/schools/search?q=Connecticut%20College,https://fairtest.org/wp-content/uploads/2026TOList/test-optional-list.html?v=1,,https://www.collegedata.fyi/api,Dynamic admissions/cost fields are intentionally blank until current-cycle source import; do not infer or fabricate missing values.
162,oberlin-college,Oberlin College,US,OH,Oberlin,PRIVATE_NONPROFIT,Liberal Arts College,EVALIO_CURATED_200_PROMINENT_US_COLLEGES_NOT_OFFICIAL_RANKING,COMMON_APP,COMMON_APP,UNKNOWN,PENDING_CURRENT_VERIFICATION,UNKNOWN,UNKNOWN,UNKNOWN,PENDING_CURRENT_VERIFICATION,,,,,,,,,,,PENDING_CURRENT_SOURCE_IMPORT,2026-09-13,MEDIUM,https://www.collegedata.fyi/api/schools/search?q=Oberlin%20College,https://fairtest.org/wp-content/uploads/2026TOList/test-optional-list.html?v=1,,https://www.collegedata.fyi/api,Dynamic admissions/cost fields are intentionally blank until current-cycle source import; do not infer or fabricate missing values.
163,pitzer-college,Pitzer College,US,CA,Claremont,PRIVATE_NONPROFIT,Liberal Arts College,EVALIO_CURATED_200_PROMINENT_US_COLLEGES_NOT_OFFICIAL_RANKING,COMMON_APP,COMMON_APP,UNKNOWN,PENDING_CURRENT_VERIFICATION,UNKNOWN,UNKNOWN,UNKNOWN,PENDING_CURRENT_VERIFICATION,,,,,,,,,,,PENDING_CURRENT_SOURCE_IMPORT,2026-09-13,MEDIUM,https://www.collegedata.fyi/api/schools/search?q=Pitzer%20College,https://fairtest.org/wp-content/uploads/2026TOList/test-optional-list.html?v=1,,https://www.collegedata.fyi/api,Dynamic admissions/cost fields are intentionally blank until current-cycle source import; do not infer or fabricate missing values.
164,colorado-college,Colorado College,US,CO,Colorado Springs,PRIVATE_NONPROFIT,Liberal Arts College,EVALIO_CURATED_200_PROMINENT_US_COLLEGES_NOT_OFFICIAL_RANKING,COMMON_APP,COMMON_APP,UNKNOWN,PENDING_CURRENT_VERIFICATION,UNKNOWN,UNKNOWN,UNKNOWN,PENDING_CURRENT_VERIFICATION,,,,,,,,,,,PENDING_CURRENT_SOURCE_IMPORT,2026-09-13,MEDIUM,https://www.collegedata.fyi/api/schools/search?q=Colorado%20College,https://fairtest.org/wp-content/uploads/2026TOList/test-optional-list.html?v=1,,https://www.collegedata.fyi/api,Dynamic admissions/cost fields are intentionally blank until current-cycle source import; do not infer or fabricate missing values.
165,rhodes-college,Rhodes College,US,TN,Memphis,PRIVATE_NONPROFIT,Liberal Arts College,EVALIO_CURATED_200_PROMINENT_US_COLLEGES_NOT_OFFICIAL_RANKING,COMMON_APP,COMMON_APP,UNKNOWN,PENDING_CURRENT_VERIFICATION,UNKNOWN,UNKNOWN,UNKNOWN,PENDING_CURRENT_VERIFICATION,,,,,,,,,,,PENDING_CURRENT_SOURCE_IMPORT,2026-09-13,MEDIUM,https://www.collegedata.fyi/api/schools/search?q=Rhodes%20College,https://fairtest.org/wp-content/uploads/2026TOList/test-optional-list.html?v=1,,https://www.collegedata.fyi/api,Dynamic admissions/cost fields are intentionally blank until current-cycle source import; do not infer or fabricate missing values.
166,sewanee-the-university-of-the-south,Sewanee: The University of the South,US,TN,Sewanee,PRIVATE_NONPROFIT,Liberal Arts College,EVALIO_CURATED_200_PROMINENT_US_COLLEGES_NOT_OFFICIAL_RANKING,COMMON_APP,COMMON_APP,UNKNOWN,PENDING_CURRENT_VERIFICATION,UNKNOWN,UNKNOWN,UNKNOWN,PENDING_CURRENT_VERIFICATION,,,,,,,,,,,PENDING_CURRENT_SOURCE_IMPORT,2026-09-13,MEDIUM,https://www.collegedata.fyi/api/schools/search?q=Sewanee%3A%20The%20University%20of%20the%20South,https://fairtest.org/wp-content/uploads/2026TOList/test-optional-list.html?v=1,,https://www.collegedata.fyi/api,Dynamic admissions/cost fields are intentionally blank until current-cycle source import; do not infer or fabricate missing values.
167,furman-university,Furman University,US,SC,Greenville,PRIVATE_NONPROFIT,Liberal Arts College,EVALIO_CURATED_200_PROMINENT_US_COLLEGES_NOT_OFFICIAL_RANKING,COMMON_APP,COMMON_APP,UNKNOWN,PENDING_CURRENT_VERIFICATION,UNKNOWN,UNKNOWN,UNKNOWN,PENDING_CURRENT_VERIFICATION,,,,,,,,,,,PENDING_CURRENT_SOURCE_IMPORT,2026-09-13,MEDIUM,https://www.collegedata.fyi/api/schools/search?q=Furman%20University,https://fairtest.org/wp-content/uploads/2026TOList/test-optional-list.html?v=1,,https://www.collegedata.fyi/api,Dynamic admissions/cost fields are intentionally blank until current-cycle source import; do not infer or fabricate missing values.
168,whitman-college,Whitman College,US,WA,Walla Walla,PRIVATE_NONPROFIT,Liberal Arts College,EVALIO_CURATED_200_PROMINENT_US_COLLEGES_NOT_OFFICIAL_RANKING,COMMON_APP,COMMON_APP,UNKNOWN,PENDING_CURRENT_VERIFICATION,UNKNOWN,UNKNOWN,UNKNOWN,PENDING_CURRENT_VERIFICATION,,,,,,,,,,,PENDING_CURRENT_SOURCE_IMPORT,2026-09-13,MEDIUM,https://www.collegedata.fyi/api/schools/search?q=Whitman%20College,https://fairtest.org/wp-content/uploads/2026TOList/test-optional-list.html?v=1,,https://www.collegedata.fyi/api,Dynamic admissions/cost fields are intentionally blank until current-cycle source import; do not infer or fabricate missing values.
169,franklin-and-marshall-college,Franklin & Marshall College,US,PA,Lancaster,PRIVATE_NONPROFIT,Liberal Arts College,EVALIO_CURATED_200_PROMINENT_US_COLLEGES_NOT_OFFICIAL_RANKING,COMMON_APP,COMMON_APP,UNKNOWN,PENDING_CURRENT_VERIFICATION,UNKNOWN,UNKNOWN,UNKNOWN,PENDING_CURRENT_VERIFICATION,,,,,,,,,,,PENDING_CURRENT_SOURCE_IMPORT,2026-09-13,MEDIUM,https://www.collegedata.fyi/api/schools/search?q=Franklin%20%26%20Marshall%20College,https://fairtest.org/wp-content/uploads/2026TOList/test-optional-list.html?v=1,,https://www.collegedata.fyi/api,Dynamic admissions/cost fields are intentionally blank until current-cycle source import; do not infer or fabricate missing values.
170,gettysburg-college,Gettysburg College,US,PA,Gettysburg,PRIVATE_NONPROFIT,Liberal Arts College,EVALIO_CURATED_200_PROMINENT_US_COLLEGES_NOT_OFFICIAL_RANKING,COMMON_APP,COMMON_APP,UNKNOWN,PENDING_CURRENT_VERIFICATION,UNKNOWN,UNKNOWN,UNKNOWN,PENDING_CURRENT_VERIFICATION,,,,,,,,,,,PENDING_CURRENT_SOURCE_IMPORT,2026-09-13,MEDIUM,https://www.collegedata.fyi/api/schools/search?q=Gettysburg%20College,https://fairtest.org/wp-content/uploads/2026TOList/test-optional-list.html?v=1,,https://www.collegedata.fyi/api,Dynamic admissions/cost fields are intentionally blank until current-cycle source import; do not infer or fabricate missing values.
171,dickinson-college,Dickinson College,US,PA,Carlisle,PRIVATE_NONPROFIT,Liberal Arts College,EVALIO_CURATED_200_PROMINENT_US_COLLEGES_NOT_OFFICIAL_RANKING,COMMON_APP,COMMON_APP,UNKNOWN,PENDING_CURRENT_VERIFICATION,UNKNOWN,UNKNOWN,UNKNOWN,PENDING_CURRENT_VERIFICATION,,,,,,,,,,,PENDING_CURRENT_SOURCE_IMPORT,2026-09-13,MEDIUM,https://www.collegedata.fyi/api/schools/search?q=Dickinson%20College,https://fairtest.org/wp-content/uploads/2026TOList/test-optional-list.html?v=1,,https://www.collegedata.fyi/api,Dynamic admissions/cost fields are intentionally blank until current-cycle source import; do not infer or fabricate missing values.
172,depauw-university,DePauw University,US,IN,Greencastle,PRIVATE_NONPROFIT,Liberal Arts College,EVALIO_CURATED_200_PROMINENT_US_COLLEGES_NOT_OFFICIAL_RANKING,COMMON_APP,COMMON_APP,UNKNOWN,PENDING_CURRENT_VERIFICATION,UNKNOWN,UNKNOWN,UNKNOWN,PENDING_CURRENT_VERIFICATION,,,,,,,,,,,PENDING_CURRENT_SOURCE_IMPORT,2026-09-13,MEDIUM,https://www.collegedata.fyi/api/schools/search?q=DePauw%20University,https://fairtest.org/wp-content/uploads/2026TOList/test-optional-list.html?v=1,,https://www.collegedata.fyi/api,Dynamic admissions/cost fields are intentionally blank until current-cycle source import; do not infer or fabricate missing values.
173,college-of-wooster,College of Wooster,US,OH,Wooster,PRIVATE_NONPROFIT,Liberal Arts College,EVALIO_CURATED_200_PROMINENT_US_COLLEGES_NOT_OFFICIAL_RANKING,COMMON_APP,COMMON_APP,UNKNOWN,PENDING_CURRENT_VERIFICATION,UNKNOWN,UNKNOWN,UNKNOWN,PENDING_CURRENT_VERIFICATION,,,,,,,,,,,PENDING_CURRENT_SOURCE_IMPORT,2026-09-13,MEDIUM,https://www.collegedata.fyi/api/schools/search?q=College%20of%20Wooster,https://fairtest.org/wp-content/uploads/2026TOList/test-optional-list.html?v=1,,https://www.collegedata.fyi/api,Dynamic admissions/cost fields are intentionally blank until current-cycle source import; do not infer or fabricate missing values.
174,lawrence-university,Lawrence University,US,WI,Appleton,PRIVATE_NONPROFIT,Liberal Arts College,EVALIO_CURATED_200_PROMINENT_US_COLLEGES_NOT_OFFICIAL_RANKING,COMMON_APP,COMMON_APP,UNKNOWN,PENDING_CURRENT_VERIFICATION,UNKNOWN,UNKNOWN,UNKNOWN,PENDING_CURRENT_VERIFICATION,,,,,,,,,,,PENDING_CURRENT_SOURCE_IMPORT,2026-09-13,MEDIUM,https://www.collegedata.fyi/api/schools/search?q=Lawrence%20University,https://fairtest.org/wp-content/uploads/2026TOList/test-optional-list.html?v=1,,https://www.collegedata.fyi/api,Dynamic admissions/cost fields are intentionally blank until current-cycle source import; do not infer or fabricate missing values.
175,kalamazoo-college,Kalamazoo College,US,MI,Kalamazoo,PRIVATE_NONPROFIT,Liberal Arts College,EVALIO_CURATED_200_PROMINENT_US_COLLEGES_NOT_OFFICIAL_RANKING,COMMON_APP,COMMON_APP,UNKNOWN,PENDING_CURRENT_VERIFICATION,UNKNOWN,UNKNOWN,UNKNOWN,PENDING_CURRENT_VERIFICATION,,,,,,,,,,,PENDING_CURRENT_SOURCE_IMPORT,2026-09-13,MEDIUM,https://www.collegedata.fyi/api/schools/search?q=Kalamazoo%20College,https://fairtest.org/wp-content/uploads/2026TOList/test-optional-list.html?v=1,,https://www.collegedata.fyi/api,Dynamic admissions/cost fields are intentionally blank until current-cycle source import; do not infer or fabricate missing values.
176,st-olaf-college,St. Olaf College,US,MN,Northfield,PRIVATE_NONPROFIT,Liberal Arts College,EVALIO_CURATED_200_PROMINENT_US_COLLEGES_NOT_OFFICIAL_RANKING,COMMON_APP,COMMON_APP,UNKNOWN,PENDING_CURRENT_VERIFICATION,UNKNOWN,UNKNOWN,UNKNOWN,PENDING_CURRENT_VERIFICATION,,,,,,,,,,,PENDING_CURRENT_SOURCE_IMPORT,2026-09-13,MEDIUM,https://www.collegedata.fyi/api/schools/search?q=St.%20Olaf%20College,https://fairtest.org/wp-content/uploads/2026TOList/test-optional-list.html?v=1,,https://www.collegedata.fyi/api,Dynamic admissions/cost fields are intentionally blank until current-cycle source import; do not infer or fabricate missing values.
177,gustavus-adolphus-college,Gustavus Adolphus College,US,MN,Saint Peter,PRIVATE_NONPROFIT,Liberal Arts College,EVALIO_CURATED_200_PROMINENT_US_COLLEGES_NOT_OFFICIAL_RANKING,COMMON_APP,COMMON_APP,UNKNOWN,PENDING_CURRENT_VERIFICATION,UNKNOWN,UNKNOWN,UNKNOWN,PENDING_CURRENT_VERIFICATION,,,,,,,,,,,PENDING_CURRENT_SOURCE_IMPORT,2026-09-13,MEDIUM,https://www.collegedata.fyi/api/schools/search?q=Gustavus%20Adolphus%20College,https://fairtest.org/wp-content/uploads/2026TOList/test-optional-list.html?v=1,,https://www.collegedata.fyi/api,Dynamic admissions/cost fields are intentionally blank until current-cycle source import; do not infer or fabricate missing values.
178,union-college,Union College,US,NY,Schenectady,PRIVATE_NONPROFIT,Liberal Arts College,EVALIO_CURATED_200_PROMINENT_US_COLLEGES_NOT_OFFICIAL_RANKING,COMMON_APP,COMMON_APP,UNKNOWN,PENDING_CURRENT_VERIFICATION,UNKNOWN,UNKNOWN,UNKNOWN,PENDING_CURRENT_VERIFICATION,,,,,,,,,,,PENDING_CURRENT_SOURCE_IMPORT,2026-09-13,MEDIUM,https://www.collegedata.fyi/api/schools/search?q=Union%20College,https://fairtest.org/wp-content/uploads/2026TOList/test-optional-list.html?v=1,,https://www.collegedata.fyi/api,Dynamic admissions/cost fields are intentionally blank until current-cycle source import; do not infer or fabricate missing values.
179,reed-college,Reed College,US,OR,Portland,PRIVATE_NONPROFIT,Liberal Arts College,EVALIO_CURATED_200_PROMINENT_US_COLLEGES_NOT_OFFICIAL_RANKING,COMMON_APP,COMMON_APP,UNKNOWN,PENDING_CURRENT_VERIFICATION,UNKNOWN,UNKNOWN,UNKNOWN,PENDING_CURRENT_VERIFICATION,,,,,,,,,,,PENDING_CURRENT_SOURCE_IMPORT,2026-09-13,MEDIUM,https://www.collegedata.fyi/api/schools/search?q=Reed%20College,https://fairtest.org/wp-content/uploads/2026TOList/test-optional-list.html?v=1,,https://www.collegedata.fyi/api,Dynamic admissions/cost fields are intentionally blank until current-cycle source import; do not infer or fabricate missing values.
180,mount-holyoke-college,Mount Holyoke College,US,MA,South Hadley,PRIVATE_NONPROFIT,Liberal Arts College,EVALIO_CURATED_200_PROMINENT_US_COLLEGES_NOT_OFFICIAL_RANKING,COMMON_APP,COMMON_APP,UNKNOWN,PENDING_CURRENT_VERIFICATION,UNKNOWN,UNKNOWN,UNKNOWN,PENDING_CURRENT_VERIFICATION,,,,,,,,,,,PENDING_CURRENT_SOURCE_IMPORT,2026-09-13,MEDIUM,https://www.collegedata.fyi/api/schools/search?q=Mount%20Holyoke%20College,https://fairtest.org/wp-content/uploads/2026TOList/test-optional-list.html?v=1,,https://www.collegedata.fyi/api,Dynamic admissions/cost fields are intentionally blank until current-cycle source import; do not infer or fabricate missing values.
181,spelman-college,Spelman College,US,GA,Atlanta,PRIVATE_NONPROFIT,Liberal Arts College,EVALIO_CURATED_200_PROMINENT_US_COLLEGES_NOT_OFFICIAL_RANKING,COMMON_APP,COMMON_APP,UNKNOWN,PENDING_CURRENT_VERIFICATION,UNKNOWN,UNKNOWN,UNKNOWN,PENDING_CURRENT_VERIFICATION,,,,,,,,,,,PENDING_CURRENT_SOURCE_IMPORT,2026-09-13,MEDIUM,https://www.collegedata.fyi/api/schools/search?q=Spelman%20College,https://fairtest.org/wp-content/uploads/2026TOList/test-optional-list.html?v=1,,https://www.collegedata.fyi/api,Dynamic admissions/cost fields are intentionally blank until current-cycle source import; do not infer or fabricate missing values.
182,morehouse-college,Morehouse College,US,GA,Atlanta,PRIVATE_NONPROFIT,Liberal Arts College,EVALIO_CURATED_200_PROMINENT_US_COLLEGES_NOT_OFFICIAL_RANKING,COMMON_APP,COMMON_APP,UNKNOWN,PENDING_CURRENT_VERIFICATION,UNKNOWN,UNKNOWN,UNKNOWN,PENDING_CURRENT_VERIFICATION,,,,,,,,,,,PENDING_CURRENT_SOURCE_IMPORT,2026-09-13,MEDIUM,https://www.collegedata.fyi/api/schools/search?q=Morehouse%20College,https://fairtest.org/wp-content/uploads/2026TOList/test-optional-list.html?v=1,,https://www.collegedata.fyi/api,Dynamic admissions/cost fields are intentionally blank until current-cycle source import; do not infer or fabricate missing values.
183,sarah-lawrence-college,Sarah Lawrence College,US,NY,Bronxville,PRIVATE_NONPROFIT,Liberal Arts College,EVALIO_CURATED_200_PROMINENT_US_COLLEGES_NOT_OFFICIAL_RANKING,COMMON_APP,COMMON_APP,UNKNOWN,PENDING_CURRENT_VERIFICATION,UNKNOWN,UNKNOWN,UNKNOWN,PENDING_CURRENT_VERIFICATION,,,,,,,,,,,PENDING_CURRENT_SOURCE_IMPORT,2026-09-13,MEDIUM,https://www.collegedata.fyi/api/schools/search?q=Sarah%20Lawrence%20College,https://fairtest.org/wp-content/uploads/2026TOList/test-optional-list.html?v=1,,https://www.collegedata.fyi/api,Dynamic admissions/cost fields are intentionally blank until current-cycle source import; do not infer or fabricate missing values.
184,bard-college,Bard College,US,NY,Annandale-on-Hudson,PRIVATE_NONPROFIT,Liberal Arts College,EVALIO_CURATED_200_PROMINENT_US_COLLEGES_NOT_OFFICIAL_RANKING,COMMON_APP,COMMON_APP,UNKNOWN,PENDING_CURRENT_VERIFICATION,UNKNOWN,UNKNOWN,UNKNOWN,PENDING_CURRENT_VERIFICATION,,,,,,,,,,,PENDING_CURRENT_SOURCE_IMPORT,2026-09-13,MEDIUM,https://www.collegedata.fyi/api/schools/search?q=Bard%20College,https://fairtest.org/wp-content/uploads/2026TOList/test-optional-list.html?v=1,,https://www.collegedata.fyi/api,Dynamic admissions/cost fields are intentionally blank until current-cycle source import; do not infer or fabricate missing values.
185,centre-college,Centre College,US,KY,Danville,PRIVATE_NONPROFIT,Liberal Arts College,EVALIO_CURATED_200_PROMINENT_US_COLLEGES_NOT_OFFICIAL_RANKING,COMMON_APP,COMMON_APP,UNKNOWN,PENDING_CURRENT_VERIFICATION,UNKNOWN,UNKNOWN,UNKNOWN,PENDING_CURRENT_VERIFICATION,,,,,,,,,,,PENDING_CURRENT_SOURCE_IMPORT,2026-09-13,MEDIUM,https://www.collegedata.fyi/api/schools/search?q=Centre%20College,https://fairtest.org/wp-content/uploads/2026TOList/test-optional-list.html?v=1,,https://www.collegedata.fyi/api,Dynamic admissions/cost fields are intentionally blank until current-cycle source import; do not infer or fabricate missing values.
186,berea-college,Berea College,US,KY,Berea,PRIVATE_NONPROFIT,Liberal Arts College,EVALIO_CURATED_200_PROMINENT_US_COLLEGES_NOT_OFFICIAL_RANKING,COMMON_APP,COMMON_APP,UNKNOWN,PENDING_CURRENT_VERIFICATION,UNKNOWN,UNKNOWN,UNKNOWN,PENDING_CURRENT_VERIFICATION,,,,,,,,,,,PENDING_CURRENT_SOURCE_IMPORT,2026-09-13,MEDIUM,https://www.collegedata.fyi/api/schools/search?q=Berea%20College,https://fairtest.org/wp-content/uploads/2026TOList/test-optional-list.html?v=1,,https://www.collegedata.fyi/api,Dynamic admissions/cost fields are intentionally blank until current-cycle source import; do not infer or fabricate missing values.
187,trinity-university,Trinity University,US,TX,San Antonio,PRIVATE_NONPROFIT,Liberal Arts College,EVALIO_CURATED_200_PROMINENT_US_COLLEGES_NOT_OFFICIAL_RANKING,COMMON_APP,COMMON_APP,UNKNOWN,PENDING_CURRENT_VERIFICATION,UNKNOWN,UNKNOWN,UNKNOWN,PENDING_CURRENT_VERIFICATION,,,,,,,,,,,PENDING_CURRENT_SOURCE_IMPORT,2026-09-13,MEDIUM,https://www.collegedata.fyi/api/schools/search?q=Trinity%20University,https://fairtest.org/wp-content/uploads/2026TOList/test-optional-list.html?v=1,,https://www.collegedata.fyi/api,Dynamic admissions/cost fields are intentionally blank until current-cycle source import; do not infer or fabricate missing values.
188,babson-college,Babson College,US,MA,Wellesley,PRIVATE_NONPROFIT,Specialty/Business,EVALIO_CURATED_200_PROMINENT_US_COLLEGES_NOT_OFFICIAL_RANKING,COMMON_APP,COMMON_APP,UNKNOWN,PENDING_CURRENT_VERIFICATION,UNKNOWN,UNKNOWN,UNKNOWN,PENDING_CURRENT_VERIFICATION,,,,,,,,,,,PENDING_CURRENT_SOURCE_IMPORT,2026-09-13,MEDIUM,https://www.collegedata.fyi/api/schools/search?q=Babson%20College,https://fairtest.org/wp-content/uploads/2026TOList/test-optional-list.html?v=1,,https://www.collegedata.fyi/api,Dynamic admissions/cost fields are intentionally blank until current-cycle source import; do not infer or fabricate missing values.
189,bentley-university,Bentley University,US,MA,Waltham,PRIVATE_NONPROFIT,Specialty/Business,EVALIO_CURATED_200_PROMINENT_US_COLLEGES_NOT_OFFICIAL_RANKING,COMMON_APP,COMMON_APP,UNKNOWN,PENDING_CURRENT_VERIFICATION,UNKNOWN,UNKNOWN,UNKNOWN,PENDING_CURRENT_VERIFICATION,,,,,,,,,,,PENDING_CURRENT_SOURCE_IMPORT,2026-09-13,MEDIUM,https://www.collegedata.fyi/api/schools/search?q=Bentley%20University,https://fairtest.org/wp-content/uploads/2026TOList/test-optional-list.html?v=1,,https://www.collegedata.fyi/api,Dynamic admissions/cost fields are intentionally blank until current-cycle source import; do not infer or fabricate missing values.
190,franklin-w-olin-college-of-engineering,Franklin W. Olin College of Engineering,US,MA,Needham,PRIVATE_NONPROFIT,Specialty/Engineering,EVALIO_CURATED_200_PROMINENT_US_COLLEGES_NOT_OFFICIAL_RANKING,COMMON_APP,COMMON_APP,UNKNOWN,PENDING_CURRENT_VERIFICATION,UNKNOWN,UNKNOWN,UNKNOWN,PENDING_CURRENT_VERIFICATION,,,,,,,,,,,PENDING_CURRENT_SOURCE_IMPORT,2026-09-13,MEDIUM,https://www.collegedata.fyi/api/schools/search?q=Franklin%20W.%20Olin%20College%20of%20Engineering,https://fairtest.org/wp-content/uploads/2026TOList/test-optional-list.html?v=1,,https://www.collegedata.fyi/api,Dynamic admissions/cost fields are intentionally blank until current-cycle source import; do not infer or fabricate missing values.
191,the-cooper-union,The Cooper Union,US,NY,New York,PRIVATE_NONPROFIT,Specialty/Engineering-Art,EVALIO_CURATED_200_PROMINENT_US_COLLEGES_NOT_OFFICIAL_RANKING,COMMON_APP,COMMON_APP,UNKNOWN,PENDING_CURRENT_VERIFICATION,UNKNOWN,UNKNOWN,UNKNOWN,PENDING_CURRENT_VERIFICATION,,,,,,,,,,,PENDING_CURRENT_SOURCE_IMPORT,2026-09-13,MEDIUM,https://www.collegedata.fyi/api/schools/search?q=The%20Cooper%20Union,https://fairtest.org/wp-content/uploads/2026TOList/test-optional-list.html?v=1,,https://www.collegedata.fyi/api,Dynamic admissions/cost fields are intentionally blank until current-cycle source import; do not infer or fabricate missing values.
192,rose-hulman-institute-of-technology,Rose-Hulman Institute of Technology,US,IN,Terre Haute,PRIVATE_NONPROFIT,Specialty/Engineering,EVALIO_CURATED_200_PROMINENT_US_COLLEGES_NOT_OFFICIAL_RANKING,COMMON_APP,COMMON_APP,UNKNOWN,PENDING_CURRENT_VERIFICATION,UNKNOWN,UNKNOWN,UNKNOWN,PENDING_CURRENT_VERIFICATION,,,,,,,,,,,PENDING_CURRENT_SOURCE_IMPORT,2026-09-13,MEDIUM,https://www.collegedata.fyi/api/schools/search?q=Rose-Hulman%20Institute%20of%20Technology,https://fairtest.org/wp-content/uploads/2026TOList/test-optional-list.html?v=1,,https://www.collegedata.fyi/api,Dynamic admissions/cost fields are intentionally blank until current-cycle source import; do not infer or fabricate missing values.
193,rhode-island-school-of-design,Rhode Island School of Design,US,RI,Providence,PRIVATE_NONPROFIT,Specialty/Art,EVALIO_CURATED_200_PROMINENT_US_COLLEGES_NOT_OFFICIAL_RANKING,COMMON_APP,COMMON_APP,UNKNOWN,PENDING_CURRENT_VERIFICATION,UNKNOWN,UNKNOWN,UNKNOWN,PENDING_CURRENT_VERIFICATION,,,,,,,,,,,PENDING_CURRENT_SOURCE_IMPORT,2026-09-13,MEDIUM,https://www.collegedata.fyi/api/schools/search?q=Rhode%20Island%20School%20of%20Design,https://fairtest.org/wp-content/uploads/2026TOList/test-optional-list.html?v=1,,https://www.collegedata.fyi/api,Dynamic admissions/cost fields are intentionally blank until current-cycle source import; do not infer or fabricate missing values.
194,berklee-college-of-music,Berklee College of Music,US,MA,Boston,PRIVATE_NONPROFIT,Specialty/Music,EVALIO_CURATED_200_PROMINENT_US_COLLEGES_NOT_OFFICIAL_RANKING,INSTITUTIONAL,INSTITUTIONAL,UNKNOWN,PENDING_CURRENT_VERIFICATION,UNKNOWN,UNKNOWN,UNKNOWN,PENDING_CURRENT_VERIFICATION,,,,,,,,,,,PENDING_CURRENT_SOURCE_IMPORT,2026-09-13,MEDIUM,https://www.collegedata.fyi/api/schools/search?q=Berklee%20College%20of%20Music,https://fairtest.org/wp-content/uploads/2026TOList/test-optional-list.html?v=1,,https://www.collegedata.fyi/api,Dynamic admissions/cost fields are intentionally blank until current-cycle source import; do not infer or fabricate missing values.
195,the-juilliard-school,The Juilliard School,US,NY,New York,PRIVATE_NONPROFIT,Specialty/Performing Arts,EVALIO_CURATED_200_PROMINENT_US_COLLEGES_NOT_OFFICIAL_RANKING,INSTITUTIONAL,INSTITUTIONAL,UNKNOWN,PENDING_CURRENT_VERIFICATION,UNKNOWN,UNKNOWN,UNKNOWN,PENDING_CURRENT_VERIFICATION,,,,,,,,,,,PENDING_CURRENT_SOURCE_IMPORT,2026-09-13,MEDIUM,https://www.collegedata.fyi/api/schools/search?q=The%20Juilliard%20School,https://fairtest.org/wp-content/uploads/2026TOList/test-optional-list.html?v=1,,https://www.collegedata.fyi/api,Dynamic admissions/cost fields are intentionally blank until current-cycle source import; do not infer or fabricate missing values.
196,school-of-the-art-institute-of-chicago,School of the Art Institute of Chicago,US,IL,Chicago,PRIVATE_NONPROFIT,Specialty/Art,EVALIO_CURATED_200_PROMINENT_US_COLLEGES_NOT_OFFICIAL_RANKING,COMMON_APP,COMMON_APP,UNKNOWN,PENDING_CURRENT_VERIFICATION,UNKNOWN,UNKNOWN,UNKNOWN,PENDING_CURRENT_VERIFICATION,,,,,,,,,,,PENDING_CURRENT_SOURCE_IMPORT,2026-09-13,MEDIUM,https://www.collegedata.fyi/api/schools/search?q=School%20of%20the%20Art%20Institute%20of%20Chicago,https://fairtest.org/wp-content/uploads/2026TOList/test-optional-list.html?v=1,,https://www.collegedata.fyi/api,Dynamic admissions/cost fields are intentionally blank until current-cycle source import; do not infer or fabricate missing values.
197,howard-university,Howard University,US,DC,Washington,PRIVATE_NONPROFIT,National University/HBCU,EVALIO_CURATED_200_PROMINENT_US_COLLEGES_NOT_OFFICIAL_RANKING,COMMON_APP,COMMON_APP,UNKNOWN,PENDING_CURRENT_VERIFICATION,UNKNOWN,UNKNOWN,UNKNOWN,PENDING_CURRENT_VERIFICATION,,,,,,,,,,,PENDING_CURRENT_SOURCE_IMPORT,2026-09-13,MEDIUM,https://www.collegedata.fyi/api/schools/search?q=Howard%20University,https://fairtest.org/wp-content/uploads/2026TOList/test-optional-list.html?v=1,,https://www.collegedata.fyi/api,Dynamic admissions/cost fields are intentionally blank until current-cycle source import; do not infer or fabricate missing values.
198,loyola-university-chicago,Loyola University Chicago,US,IL,Chicago,PRIVATE_NONPROFIT,National University,EVALIO_CURATED_200_PROMINENT_US_COLLEGES_NOT_OFFICIAL_RANKING,COMMON_APP,COMMON_APP,UNKNOWN,PENDING_CURRENT_VERIFICATION,UNKNOWN,UNKNOWN,UNKNOWN,PENDING_CURRENT_VERIFICATION,,,,,,,,,,,PENDING_CURRENT_SOURCE_IMPORT,2026-09-13,MEDIUM,https://www.collegedata.fyi/api/schools/search?q=Loyola%20University%20Chicago,https://fairtest.org/wp-content/uploads/2026TOList/test-optional-list.html?v=1,,https://www.collegedata.fyi/api,Dynamic admissions/cost fields are intentionally blank until current-cycle source import; do not infer or fabricate missing values.
199,marquette-university,Marquette University,US,WI,Milwaukee,PRIVATE_NONPROFIT,National University,EVALIO_CURATED_200_PROMINENT_US_COLLEGES_NOT_OFFICIAL_RANKING,COMMON_APP,COMMON_APP,UNKNOWN,PENDING_CURRENT_VERIFICATION,UNKNOWN,UNKNOWN,UNKNOWN,PENDING_CURRENT_VERIFICATION,,,,,,,,,,,PENDING_CURRENT_SOURCE_IMPORT,2026-09-13,MEDIUM,https://www.collegedata.fyi/api/schools/search?q=Marquette%20University,https://fairtest.org/wp-content/uploads/2026TOList/test-optional-list.html?v=1,,https://www.collegedata.fyi/api,Dynamic admissions/cost fields are intentionally blank until current-cycle source import; do not infer or fabricate missing values.
200,samford-university,Samford University,US,AL,Birmingham,PRIVATE_NONPROFIT,National University,EVALIO_CURATED_200_PROMINENT_US_COLLEGES_NOT_OFFICIAL_RANKING,COMMON_APP,COMMON_APP,UNKNOWN,PENDING_CURRENT_VERIFICATION,UNKNOWN,UNKNOWN,UNKNOWN,PENDING_CURRENT_VERIFICATION,,,,,,,,,,,PENDING_CURRENT_SOURCE_IMPORT,2026-09-13,MEDIUM,https://www.collegedata.fyi/api/schools/search?q=Samford%20University,https://fairtest.org/wp-content/uploads/2026TOList/test-optional-list.html?v=1,,https://www.collegedata.fyi/api,Dynamic admissions/cost fields are intentionally blank until current-cycle source import; do not infer or fabricate missing values.
